road_type,weather,is_rush_hour,actual_speed_kmh
primary,clear,1,28.17
residential,clear,0,28.21
secondary,clear,0,37.5  
secondary,light_rain,0,35.46
primary,clear,0,42.69
primary,heavy_rain,1,21.27
primary,clear,1,27.42
residential,light_rain,0,26.16
secondary,moderate_rain,1,24.36
secondary,moderate_rain,0,33.86
primary,heavy_rain,0,30.59
residential,light_rain,0,23.87
residential,heavy_rain,0,14.81
primary,clear,0,44.67
primary,clear,0,43.07
primary,clear,1,30.02
primary,clear,1,31.85
secondary,clear,1,22.51
secondary,clear,0,34.78
primary,clear,0,45.55
secondary,clear,0,36.0
primary,clear,0,42.15
primary,heavy_rain,0,27.45
primary,clear,0,42.41
secondary,light_rain,0,33.25
secondary,clear,0,35.36
primary,heavy_rain,0,29.0
secondary,heavy_rain,0,23.82
secondary,light_rain,0,33.1
primary,light_rain,0,42.3
secondary,clear,1,20.51
primary,flooded,0,21.82
primary,heavy_rain,1,21.23
residential,heavy_rain,0,14.58
residential,light_rain,0,25.27
residential,clear,1,15.93
primary,heavy_rain,0,30.08
primary,clear,0,43.44
secondary,clear,1,24.2
secondary,clear,0,35.1
primary,heavy_rain,0,30.87
secondary,clear,1,24.11
primary,clear,1,28.06
residential,clear,0,25.15
primary,moderate_rain,0,41.51
secondary,light_rain,1,23.4
primary,clear,0,42.57
secondary,clear,0,33.98
secondary,moderate_rain,0,34.38
primary,flooded,1,14.64
residential,moderate_rain,0,25.94
secondary,clear,1,22.97
residential,heavy_rain,0,13.74
residential,clear,0,24.45
secondary,clear,1,21.15
residential,clear,1,17.47
primary,clear,0,40.69
primary,moderate_rain,0,40.59
primary,clear,1,28.57
primary,clear,0,45.52
primary,clear,0,41.59
primary,clear,0,43.22
residential,clear,1,17.72
primary,clear,1,31.34
primary,clear,1,30.28
secondary,light_rain,0,36.0
primary,light_rain,0,43.71
residential,moderate_rain,0,22.53
primary,clear,0,43.74
residential,heavy_rain,0,17.99
secondary,heavy_rain,0,21.96
primary,moderate_rain,0,41.2
primary,light_rain,0,41.2
residential,clear,0,26.16
secondary,flooded,1,11.69
secondary,clear,0,34.52
secondary,clear,0,33.08
primary,clear,0,43.1
primary,clear,1,28.27
primary,flooded,0,21.97
residential,clear,0,23.29
secondary,clear,0,35.27
primary,light_rain,0,41.75
primary,clear,1,27.24
primary,clear,0,41.21
primary,light_rain,0,40.64
secondary,light_rain,0,34.05
secondary,clear,0,35.18
residential,moderate_rain,0,24.75
secondary,clear,0,35.46
primary,clear,1,27.98
secondary,clear,1,25.18
secondary,clear,1,22.93
secondary,moderate_rain,0,34.76
secondary,moderate_rain,0,33.84
secondary,clear,0,35.56
secondary,clear,0,34.68
secondary,light_rain,0,34.95
primary,clear,1,29.11
primary,clear,0,44.42
primary,flooded,1,13.33
secondary,light_rain,0,31.7
primary,flooded,0,20.14
secondary,clear,0,36.6
residential,light_rain,0,24.31
primary,clear,0,43.34
secondary,clear,1,22.01
secondary,clear,1,23.69
primary,clear,0,41.67
primary,clear,0,41.89
primary,clear,1,28.51
primary,clear,1,29.78
residential,light_rain,0,25.37
residential,clear,1,17.72
secondary,clear,0,32.62
residential,clear,0,24.99
residential,clear,0,24.7
primary,light_rain,0,40.11
residential,clear,0,25.02
secondary,moderate_rain,0,33.71
residential,clear,0,25.77
residential,clear,1,16.97
primary,heavy_rain,1,18.64
primary,light_rain,0,43.8
primary,clear,0,39.87
secondary,moderate_rain,0,33.99
residential,clear,0,22.36
residential,moderate_rain,0,22.98
primary,light_rain,0,43.2
secondary,light_rain,0,32.45
secondary,flooded,0,15.36
primary,clear,0,46.77
primary,light_rain,1,26.55
primary,clear,0,45.68
residential,clear,0,24.74
primary,clear,0,42.41
secondary,clear,0,35.85
secondary,light_rain,0,36.36
primary,clear,1,27.4
residential,clear,0,24.23
residential,clear,1,18.12
primary,clear,0,43.63
secondary,heavy_rain,0,25.05
primary,clear,0,43.97
primary,light_rain,0,45.12
primary,moderate_rain,0,42.34
secondary,moderate_rain,1,23.3
secondary,clear,0,35.48
primary,heavy_rain,0,28.67
primary,clear,1,30.39
residential,heavy_rain,0,17.07
primary,clear,0,44.38
primary,clear,0,44.62
secondary,clear,0,35.64
residential,moderate_rain,0,25.1
primary,clear,0,41.68
secondary,clear,0,34.17
secondary,clear,0,36.27
primary,heavy_rain,0,31.01
secondary,moderate_rain,0,31.17
primary,clear,0,42.35
secondary,light_rain,1,23.19
secondary,clear,0,33.68
secondary,clear,1,22.36
primary,heavy_rain,0,29.59
residential,clear,0,27.37
primary,clear,0,40.15
primary,clear,1,28.86
primary,clear,0,43.89
secondary,clear,1,24.76
secondary,clear,1,24.07
primary,clear,0,45.84
secondary,clear,0,35.04
primary,clear,0,45.17
secondary,clear,0,34.03
primary,clear,0,43.29
secondary,moderate_rain,1,21.15
primary,clear,0,44.55
residential,light_rain,0,24.36
primary,light_rain,0,42.95
primary,light_rain,1,28.11
primary,clear,0,44.08
residential,clear,1,17.45
residential,clear,1,15.36
primary,light_rain,0,41.0
secondary,clear,0,34.96
residential,moderate_rain,0,25.33
secondary,heavy_rain,0,26.19
secondary,clear,1,24.04
primary,clear,0,44.71
primary,light_rain,0,39.99
residential,clear,0,28.02
residential,clear,0,25.91
secondary,heavy_rain,0,23.32
primary,clear,0,42.95
primary,heavy_rain,1,17.8
secondary,light_rain,0,33.13
residential,moderate_rain,0,27.21
residential,clear,1,15.37
secondary,clear,1,22.08
secondary,clear,0,33.95
primary,clear,0,41.4
primary,clear,0,43.22
residential,clear,0,26.63
secondary,clear,1,22.67
primary,clear,0,41.14
primary,moderate_rain,1,28.79
secondary,clear,0,34.92
primary,clear,0,44.7
primary,light_rain,0,41.73
secondary,flooded,0,17.11
secondary,clear,0,34.78
secondary,clear,0,35.13
primary,clear,0,42.61
secondary,heavy_rain,1,14.94
primary,moderate_rain,0,39.29
primary,light_rain,1,27.74
secondary,clear,0,36.07
secondary,clear,1,24.87
residential,clear,1,16.14
secondary,light_rain,0,36.31
secondary,light_rain,1,23.12
primary,flooded,0,19.59
primary,clear,1,26.64
primary,clear,0,45.03
primary,clear,0,42.64
residential,light_rain,0,22.72
primary,moderate_rain,0,38.68
residential,clear,0,24.41
secondary,clear,1,24.2
secondary,clear,1,22.54
secondary,clear,0,33.42
secondary,heavy_rain,1,14.95
secondary,clear,1,25.45
primary,moderate_rain,0,39.98
secondary,clear,0,34.04
primary,moderate_rain,0,43.88
primary,clear,1,29.86
secondary,moderate_rain,1,23.24
primary,clear,0,42.23
residential,clear,0,25.05
residential,clear,1,16.04
residential,clear,1,15.56
primary,clear,1,27.5
primary,clear,0,44.38
residential,flooded,0,12.41
secondary,clear,0,35.47
residential,moderate_rain,0,24.57
residential,flooded,1,9.09
residential,clear,0,24.62
primary,light_rain,1,27.86
primary,clear,0,41.98
residential,clear,1,14.73
primary,clear,0,41.52
primary,heavy_rain,0,28.33
secondary,clear,0,32.6
residential,clear,0,22.93
secondary,clear,1,25.15
secondary,heavy_rain,0,23.73
primary,clear,0,42.52
secondary,light_rain,1,26.57
residential,light_rain,1,14.07
primary,light_rain,0,43.87
secondary,heavy_rain,1,15.6
residential,moderate_rain,0,25.52
secondary,clear,0,35.16
secondary,clear,0,32.19
secondary,clear,0,35.14
primary,clear,0,43.7
primary,clear,0,39.91
residential,clear,0,27.92
residential,clear,1,17.32
residential,flooded,0,13.51
residential,clear,1,15.1
secondary,heavy_rain,1,16.81
secondary,clear,0,36.63
secondary,light_rain,0,34.74
secondary,moderate_rain,0,34.07
secondary,clear,1,22.25
secondary,clear,0,34.68
residential,clear,0,24.23
primary,clear,1,29.97
primary,heavy_rain,0,27.6
primary,moderate_rain,0,42.92
secondary,clear,0,33.74
primary,clear,1,28.72
secondary,clear,1,24.51
secondary,clear,0,33.94
primary,light_rain,0,43.39
secondary,clear,1,24.42
primary,clear,1,28.71
primary,clear,1,30.86
residential,clear,0,25.12
primary,light_rain,1,30.24
primary,clear,0,45.89
secondary,flooded,0,17.14
secondary,heavy_rain,1,16.74
primary,clear,0,42.24
secondary,clear,1,22.04
primary,moderate_rain,0,41.77
primary,heavy_rain,1,17.42
secondary,moderate_rain,0,32.68
secondary,clear,0,35.89
secondary,flooded,0,16.73
secondary,clear,0,36.07
residential,light_rain,1,16.99
secondary,heavy_rain,0,26.17
primary,clear,0,43.99
secondary,heavy_rain,0,25.07
primary,clear,1,29.72
secondary,flooded,0,17.97
primary,clear,0,44.95
primary,flooded,0,22.6
residential,clear,1,17.17
residential,light_rain,0,24.85
secondary,clear,0,35.81
secondary,clear,1,22.58
primary,clear,0,42.13
primary,light_rain,0,44.55
primary,clear,1,31.91
secondary,clear,0,33.61
secondary,clear,0,34.0
secondary,flooded,0,19.21
primary,clear,1,29.92
residential,clear,0,26.01
secondary,clear,0,36.34
secondary,clear,0,34.64
secondary,clear,1,24.08
secondary,clear,0,35.38
primary,heavy_rain,0,27.59
primary,light_rain,0,42.88
secondary,clear,0,36.86
primary,clear,1,28.62
primary,light_rain,0,42.64
primary,clear,1,29.43
primary,moderate_rain,0,41.64
residential,clear,1,17.87
secondary,clear,0,33.98
secondary,clear,0,37.0
primary,heavy_rain,1,20.4
secondary,clear,1,22.18
secondary,clear,0,37.55
primary,clear,0,43.45
secondary,light_rain,0,33.28
primary,heavy_rain,1,21.12
secondary,clear,0,35.74
secondary,clear,0,32.34
primary,heavy_rain,0,28.09
primary,clear,1,29.54
secondary,clear,0,31.76
secondary,clear,0,35.13
residential,light_rain,0,24.78
secondary,clear,0,33.22
primary,moderate_rain,0,42.47
primary,clear,1,29.13
secondary,clear,1,21.8
primary,moderate_rain,0,43.45
secondary,clear,1,24.85
residential,clear,0,24.57
secondary,light_rain,0,34.06
primary,heavy_rain,1,20.55
secondary,heavy_rain,0,23.1
secondary,flooded,0,14.6
secondary,heavy_rain,1,16.5
residential,clear,0,23.78
primary,clear,1,28.53
residential,moderate_rain,1,18.6
residential,clear,0,24.8
primary,light_rain,0,42.41
primary,light_rain,0,43.17
primary,clear,0,43.96
primary,heavy_rain,0,27.5
primary,clear,1,29.03
secondary,clear,0,35.05
primary,flooded,0,22.01
primary,clear,0,43.63
residential,clear,0,28.88
primary,clear,1,27.35
residential,moderate_rain,0,25.82
primary,moderate_rain,1,30.13
primary,moderate_rain,0,42.81
secondary,light_rain,0,33.38
secondary,clear,0,37.5
residential,heavy_rain,0,13.42
secondary,heavy_rain,0,22.37
residential,clear,0,26.76
primary,clear,1,28.56
primary,flooded,0,23.99
secondary,heavy_rain,1,13.5
residential,heavy_rain,0,15.04
residential,heavy_rain,0,15.92
secondary,clear,0,35.63
primary,light_rain,0,42.08
secondary,clear,1,22.85
primary,clear,0,45.33
residential,light_rain,0,26.81
residential,clear,0,24.38
secondary,light_rain,0,31.79
secondary,clear,1,20.35
secondary,clear,0,35.36
primary,clear,1,30.1
residential,clear,0,25.09
secondary,clear,1,23.48
residential,clear,1,15.64
primary,flooded,0,22.58
residential,clear,0,27.52
primary,clear,1,25.79
primary,clear,0,43.08
residential,light_rain,1,15.09
primary,clear,0,40.96
primary,moderate_rain,0,40.37
residential,moderate_rain,1,16.98
residential,clear,0,25.61
secondary,clear,0,37.19
secondary,heavy_rain,0,23.41
secondary,moderate_rain,0,31.45
primary,light_rain,1,28.23
primary,clear,1,27.04
secondary,clear,1,21.78
secondary,clear,0,35.87
secondary,clear,0,35.29
secondary,clear,1,24.47
primary,light_rain,0,41.87
secondary,clear,0,36.19
primary,moderate_rain,1,27.73
secondary,moderate_rain,0,35.76
secondary,clear,0,35.52
residential,moderate_rain,0,24.03
primary,clear,0,43.52
primary,moderate_rain,0,42.04
primary,clear,1,31.51
secondary,clear,0,35.37
secondary,light_rain,0,34.36
primary,clear,1,28.76
primary,heavy_rain,0,30.14
secondary,clear,0,36.06
primary,clear,0,42.79
residential,clear,1,15.12
secondary,clear,0,33.65
primary,clear,0,42.92
primary,light_rain,0,44.43
residential,moderate_rain,0,23.97
primary,heavy_rain,0,27.99
primary,flooded,0,18.96
residential,clear,0,27.27
residential,light_rain,0,25.4
residential,clear,0,26.19
secondary,light_rain,0,35.8
primary,clear,0,42.95
primary,flooded,1,14.69
secondary,light_rain,1,25.39
secondary,flooded,1,12.06
secondary,moderate_rain,0,34.96
residential,heavy_rain,0,18.02
primary,moderate_rain,0,43.03
secondary,clear,0,34.81
primary,clear,0,43.15
secondary,clear,0,36.17
primary,clear,0,44.36
primary,clear,0,44.95
primary,clear,0,44.03
secondary,clear,0,35.89
secondary,flooded,0,16.83
secondary,heavy_rain,0,22.53
residential,clear,1,18.02
primary,clear,0,42.34
primary,clear,0,43.17
residential,clear,1,18.92
primary,moderate_rain,0,43.9
residential,clear,0,25.45
primary,clear,0,42.76
residential,heavy_rain,0,16.53
primary,moderate_rain,0,43.37
residential,clear,0,24.95
secondary,light_rain,0,33.52
residential,clear,1,18.67
primary,clear,0,43.47
secondary,clear,0,34.13
residential,clear,0,25.72
secondary,clear,0,36.46
secondary,clear,1,22.08
secondary,light_rain,0,34.06
secondary,moderate_rain,1,22.6
secondary,clear,0,35.68
secondary,clear,1,24.54
residential,moderate_rain,0,23.52
primary,clear,0,40.96
primary,heavy_rain,1,21.01
residential,light_rain,1,14.86
residential,clear,0,25.41
secondary,clear,1,23.39
secondary,clear,0,35.24
primary,clear,0,45.68
primary,clear,0,47.76
secondary,light_rain,1,20.71
primary,clear,1,30.59
secondary,clear,0,34.77
primary,clear,0,44.77
residential,clear,0,26.44
residential,clear,0,27.11
secondary,clear,0,35.43
secondary,clear,0,33.67
primary,light_rain,0,43.8
residential,clear,0,25.18
secondary,moderate_rain,0,33.73
primary,clear,1,28.4
residential,clear,0,26.51
residential,clear,0,27.41
residential,light_rain,0,22.75
secondary,clear,0,35.93
secondary,clear,0,34.44
secondary,clear,0,32.8
residential,clear,1,17.07
residential,clear,0,23.75
primary,light_rain,0,40.04
primary,clear,0,42.03
primary,light_rain,0,40.87
residential,clear,1,15.88
residential,light_rain,1,14.55
primary,light_rain,0,41.82
secondary,clear,0,33.93
primary,light_rain,1,29.15
residential,heavy_rain,0,17.6
residential,clear,1,17.24
residential,clear,1,16.5
secondary,moderate_rain,0,33.69
secondary,clear,1,22.33
primary,clear,1,27.9
primary,heavy_rain,1,20.52
residential,clear,0,22.36
residential,light_rain,0,24.42
residential,moderate_rain,0,23.86
residential,flooded,0,13.4
secondary,clear,0,32.86
secondary,clear,0,35.02
residential,clear,0,25.51
residential,clear,0,22.14
primary,clear,0,41.59
secondary,clear,0,34.86
primary,clear,1,29.89
residential,clear,0,25.27
secondary,light_rain,0,35.2
primary,light_rain,1,26.96
secondary,moderate_rain,0,31.7
secondary,heavy_rain,0,23.52
primary,clear,1,27.27
primary,flooded,1,13.26
secondary,heavy_rain,0,24.8
secondary,clear,1,23.87
secondary,clear,1,22.74
secondary,clear,0,33.95
residential,clear,0,25.93
secondary,clear,0,35.32
secondary,clear,0,33.18
residential,light_rain,0,21.62
secondary,clear,1,26.41
primary,clear,0,41.37
primary,heavy_rain,0,29.67
secondary,clear,0,37.27
secondary,flooded,0,17.72
secondary,clear,0,34.1
primary,flooded,0,19.46
primary,clear,0,41.04
primary,clear,1,29.68
primary,clear,0,45.38
secondary,light_rain,0,33.77
primary,heavy_rain,0,28.05
secondary,clear,0,36.05
residential,heavy_rain,0,15.68
primary,clear,0,43.61
secondary,light_rain,1,23.22
secondary,moderate_rain,0,33.47
primary,clear,0,43.18
secondary,clear,0,37.64
residential,heavy_rain,1,12.17
residential,heavy_rain,0,18.35
primary,flooded,1,13.18
residential,heavy_rain,0,18.36
secondary,clear,0,35.96
primary,moderate_rain,1,26.1
secondary,clear,1,24.4
residential,flooded,0,11.73
secondary,clear,0,32.68
primary,clear,0,43.39
secondary,clear,0,35.81
primary,clear,1,29.34
primary,clear,0,43.04
primary,heavy_rain,0,28.38
primary,moderate_rain,1,32.05
primary,clear,0,41.43
primary,moderate_rain,0,43.38
secondary,light_rain,1,23.18
primary,clear,0,41.92
primary,clear,0,43.13
residential,heavy_rain,0,14.62
secondary,light_rain,0,33.47
secondary,clear,0,34.93
primary,light_rain,0,40.08
primary,clear,1,29.88
primary,clear,1,27.67
primary,clear,1,26.94
primary,clear,0,41.58
primary,light_rain,1,31.85
primary,heavy_rain,0,25.91
primary,clear,0,43.85
secondary,clear,1,22.46
primary,light_rain,0,41.88
primary,heavy_rain,0,29.79
secondary,light_rain,1,23.99
secondary,heavy_rain,0,22.38
primary,clear,0,41.16
secondary,moderate_rain,0,35.02
secondary,clear,1,24.42
primary,clear,0,42.77
residential,clear,0,25.66
residential,clear,0,24.33
primary,heavy_rain,0,27.64
primary,heavy_rain,1,19.47
residential,clear,0,25.78
secondary,clear,0,35.46
primary,clear,0,43.96
primary,clear,1,27.98
primary,light_rain,0,44.78
secondary,heavy_rain,0,22.88
secondary,flooded,0,17.32
primary,light_rain,0,40.43
secondary,moderate_rain,1,22.68
secondary,clear,1,24.39
primary,clear,1,30.26
primary,clear,1,31.46
secondary,clear,1,24.37
residential,light_rain,0,24.96
secondary,clear,1,22.92
secondary,clear,0,34.01
primary,clear,0,44.66
secondary,flooded,0,18.93
secondary,clear,1,21.97
primary,moderate_rain,0,43.15
primary,moderate_rain,1,29.33
primary,clear,0,41.53
primary,clear,0,44.01
primary,heavy_rain,0,27.3
primary,clear,0,39.56
primary,heavy_rain,0,28.64
primary,clear,0,43.59
residential,clear,1,16.68
secondary,heavy_rain,0,27.7
secondary,moderate_rain,0,34.65
secondary,flooded,0,17.72
secondary,light_rain,0,35.0
primary,heavy_rain,0,28.22
secondary,moderate_rain,0,35.48
secondary,moderate_rain,0,34.62
secondary,clear,0,35.47
secondary,clear,1,22.65
primary,heavy_rain,1,17.12
primary,clear,0,42.45
primary,clear,0,43.62
secondary,clear,0,34.33
secondary,clear,0,35.44
primary,clear,1,28.77
residential,clear,0,25.65
secondary,heavy_rain,0,21.93
primary,clear,0,43.49
primary,clear,1,28.16
primary,clear,1,26.81
primary,clear,1,28.87
primary,clear,0,45.5
primary,light_rain,0,40.22
primary,clear,0,43.38
primary,heavy_rain,0,30.08
residential,clear,0,28.45
primary,clear,0,42.46
secondary,clear,0,34.05
secondary,clear,1,21.84
residential,moderate_rain,0,26.06
primary,heavy_rain,0,27.58
primary,light_rain,0,41.85
residential,clear,0,22.23
residential,clear,0,26.33
residential,clear,0,26.74
primary,flooded,0,22.87
primary,clear,0,40.79
secondary,light_rain,0,35.27
residential,clear,0,22.49
secondary,clear,0,35.09
secondary,clear,0,35.31
primary,clear,0,43.67
secondary,moderate_rain,1,23.77
primary,clear,0,43.19
primary,light_rain,0,39.47
secondary,clear,1,24.39
secondary,flooded,1,11.94
primary,clear,1,27.76
primary,heavy_rain,0,26.53
secondary,moderate_rain,0,36.39
primary,flooded,0,23.45
secondary,clear,0,36.06
primary,light_rain,1,27.57
secondary,clear,0,31.22
secondary,clear,1,24.74
primary,clear,0,43.75
primary,clear,0,42.64
primary,flooded,1,16.25
primary,clear,1,30.39
residential,clear,1,17.11
primary,light_rain,1,28.64
residential,clear,0,25.08
primary,light_rain,0,43.43
secondary,clear,1,22.3
secondary,clear,0,35.64
secondary,clear,0,33.62
secondary,heavy_rain,0,25.4
secondary,moderate_rain,0,34.88
primary,flooded,0,20.57
residential,clear,1,16.97
residential,clear,0,23.72
residential,clear,0,27.26
primary,clear,1,31.55
secondary,clear,0,36.04
residential,light_rain,1,18.88
primary,clear,0,43.43
primary,clear,1,30.26
secondary,heavy_rain,0,25.23
secondary,light_rain,0,34.35
residential,clear,1,16.96
primary,clear,1,30.52
secondary,clear,0,35.97
primary,clear,1,27.98
primary,light_rain,0,39.13
primary,clear,1,28.85
residential,heavy_rain,0,13.57
secondary,moderate_rain,0,32.6
secondary,light_rain,0,33.05
primary,clear,0,42.35
residential,clear,0,26.23
primary,moderate_rain,0,43.62
residential,clear,0,25.76
secondary,clear,0,35.95
primary,clear,0,44.18
secondary,clear,1,19.84
primary,moderate_rain,0,42.08
secondary,clear,1,20.9
secondary,clear,1,24.35
primary,clear,0,40.06
residential,clear,1,16.58
primary,heavy_rain,0,29.7
secondary,heavy_rain,0,21.72
residential,clear,0,26.44
secondary,clear,0,35.76
primary,clear,1,29.69
residential,light_rain,0,25.59
secondary,clear,0,34.46
primary,light_rain,1,28.81
primary,clear,0,43.22
secondary,light_rain,0,34.34
secondary,clear,0,33.99
secondary,moderate_rain,1,21.11
residential,clear,1,16.34
secondary,light_rain,0,33.77
primary,clear,0,42.09
primary,clear,0,44.48
primary,light_rain,0,40.65
secondary,clear,1,23.33
primary,moderate_rain,0,43.82
secondary,light_rain,0,35.72
secondary,clear,1,25.41
residential,clear,1,15.96
primary,clear,0,44.38
residential,clear,0,23.41
primary,clear,0,42.79
residential,light_rain,0,24.27
primary,clear,0,42.34
primary,clear,0,42.66
secondary,clear,1,22.85
primary,clear,1,27.64
primary,clear,0,44.48
secondary,light_rain,0,34.09
secondary,moderate_rain,1,23.27
secondary,clear,1,23.84
secondary,flooded,1,11.88
secondary,clear,0,35.14
primary,heavy_rain,0,28.42
primary,light_rain,1,30.71
primary,light_rain,0,43.55
residential,clear,0,25.03
secondary,clear,0,34.33
secondary,clear,1,23.41
secondary,light_rain,0,34.99
residential,clear,1,19.1
primary,moderate_rain,0,40.01
secondary,clear,1,24.58
secondary,moderate_rain,0,35.77
secondary,clear,0,32.77
primary,clear,1,28.85
residential,clear,1,15.25
residential,clear,1,17.5
secondary,clear,0,34.46
secondary,moderate_rain,0,33.89
residential,clear,0,24.38
secondary,clear,0,36.08
primary,moderate_rain,1,28.7
secondary,clear,0,35.35
secondary,heavy_rain,0,23.64
secondary,flooded,0,18.36
secondary,clear,0,34.61
residential,clear,1,19.4
residential,clear,0,23.15
secondary,moderate_rain,0,31.49
primary,clear,1,26.4
residential,light_rain,0,21.42
residential,moderate_rain,0,25.35
primary,clear,0,44.03
residential,moderate_rain,0,26.16
residential,light_rain,0,22.96
secondary,clear,0,36.12
secondary,heavy_rain,0,23.48
primary,light_rain,0,42.66
primary,clear,0,44.14
primary,clear,0,42.07
residential,clear,1,20.73
primary,clear,0,45.2
primary,flooded,1,13.76
primary,clear,0,41.56
secondary,light_rain,0,34.23
residential,clear,0,25.27
primary,clear,1,30.72
primary,heavy_rain,0,27.13
secondary,heavy_rain,0,23.83
secondary,clear,1,21.3
primary,clear,1,29.77
secondary,clear,0,34.84
primary,clear,1,32.02
primary,clear,1,26.8
secondary,clear,0,37.06
secondary,flooded,0,14.94
residential,clear,0,23.01
primary,heavy_rain,0,26.36
secondary,light_rain,1,23.53
secondary,clear,0,33.24
primary,heavy_rain,0,26.86
secondary,clear,1,23.89
primary,heavy_rain,0,29.56
residential,clear,1,16.91
primary,clear,1,28.87
secondary,heavy_rain,1,18.51
primary,clear,1,29.34
residential,heavy_rain,0,17.92
secondary,heavy_rain,0,23.61
secondary,clear,0,33.35
primary,clear,0,44.02
secondary,clear,0,34.02
primary,light_rain,0,42.27
residential,moderate_rain,1,16.87
primary,clear,1,26.2
primary,clear,0,40.79
primary,light_rain,0,43.77
secondary,clear,0,34.0
secondary,moderate_rain,1,22.05
primary,light_rain,0,42.66
secondary,heavy_rain,0,22.82
secondary,clear,0,35.63
secondary,clear,0,34.92
secondary,clear,1,23.89
secondary,clear,0,33.95
secondary,flooded,0,17.79
primary,clear,1,30.77
primary,moderate_rain,1,27.5
residential,clear,1,18.22
residential,clear,0,24.92
primary,clear,0,44.3
primary,light_rain,0,42.6
secondary,clear,0,34.95
secondary,clear,0,35.52
primary,heavy_rain,0,30.7
primary,clear,0,43.55
secondary,clear,1,24.31
secondary,clear,0,34.45
primary,clear,1,31.47
primary,heavy_rain,0,29.84
primary,clear,0,43.32
secondary,clear,0,34.82
primary,clear,1,30.58
primary,light_rain,0,41.5
secondary,clear,1,20.92
primary,light_rain,0,42.52
secondary,clear,1,25.38
primary,clear,0,45.59
primary,moderate_rain,1,28.19
primary,clear,0,43.27
secondary,heavy_rain,1,16.55
residential,clear,0,24.6
residential,moderate_rain,0,25.12
primary,clear,1,28.99
secondary,light_rain,0,35.88
primary,clear,0,44.28
primary,clear,1,30.33
residential,clear,0,24.69
primary,clear,0,46.09
primary,clear,0,43.93
primary,clear,1,29.49
primary,clear,0,42.06
primary,moderate_rain,0,41.92
secondary,light_rain,1,23.33
secondary,light_rain,1,21.98
residential,clear,1,16.41
residential,clear,1,16.6
primary,clear,0,43.28
primary,moderate_rain,0,39.42
primary,clear,0,43.0
secondary,clear,1,23.02
primary,light_rain,1,28.55
secondary,clear,1,25.14
secondary,heavy_rain,0,26.48
secondary,heavy_rain,0,24.42
secondary,clear,0,33.15
primary,clear,0,42.68
residential,clear,1,17.74
secondary,light_rain,0,35.08
primary,clear,0,44.68
residential,light_rain,1,16.4
secondary,clear,0,34.45
residential,clear,0,27.63
secondary,clear,0,35.09
secondary,moderate_rain,1,21.45
primary,clear,1,31.33
primary,moderate_rain,0,39.82
secondary,clear,0,29.76
secondary,clear,0,36.15
primary,heavy_rain,0,30.25
primary,heavy_rain,0,29.5
residential,clear,0,23.05
residential,clear,0,24.91
secondary,moderate_rain,1,22.55
primary,clear,0,42.39
primary,clear,0,45.32
primary,heavy_rain,0,27.31
residential,clear,0,25.47
primary,clear,0,44.99
secondary,clear,0,35.57
primary,light_rain,1,30.45
secondary,light_rain,1,24.0
secondary,clear,1,24.23
residential,clear,0,25.55
primary,clear,1,30.04
primary,light_rain,0,41.83
primary,clear,1,27.16
residential,heavy_rain,0,18.14
residential,clear,0,26.74
secondary,flooded,0,17.88
secondary,clear,1,22.77
secondary,moderate_rain,1,20.64
primary,clear,1,29.25
residential,clear,0,22.98
secondary,heavy_rain,0,21.16
primary,heavy_rain,1,19.43
secondary,clear,0,33.85
primary,light_rain,1,29.1
primary,clear,0,42.96
secondary,heavy_rain,0,22.49
primary,clear,1,26.56
secondary,clear,0,33.72
primary,clear,1,27.89
primary,clear,0,41.36
primary,heavy_rain,1,18.97
primary,clear,0,41.48
secondary,clear,1,23.34
primary,clear,0,43.56
secondary,light_rain,0,33.12
secondary,clear,0,35.64
secondary,clear,1,21.55
residential,heavy_rain,0,15.04
secondary,clear,0,34.83
primary,light_rain,1,29.61
primary,light_rain,0,43.71
primary,clear,0,45.62
secondary,heavy_rain,0,22.83
primary,light_rain,1,28.39
secondary,clear,0,33.45
secondary,clear,0,33.12
primary,light_rain,1,28.93
secondary,clear,1,22.43
primary,heavy_rain,0,30.73
primary,clear,1,26.92
secondary,clear,1,24.32
secondary,clear,0,33.49
secondary,clear,1,22.36
secondary,clear,0,35.81
primary,heavy_rain,0,27.87
residential,light_rain,0,23.77
secondary,light_rain,0,33.14
secondary,light_rain,0,37.04
primary,moderate_rain,1,27.43
secondary,clear,0,35.08
primary,heavy_rain,0,28.58
primary,clear,0,43.53
residential,heavy_rain,1,10.34
primary,light_rain,0,42.11
residential,clear,0,25.59
secondary,clear,0,33.71
primary,clear,1,30.75
secondary,clear,0,36.78
residential,clear,1,17.76
secondary,clear,0,35.1
residential,clear,0,20.51
secondary,heavy_rain,0,24.03
secondary,light_rain,1,22.57
residential,heavy_rain,0,16.34
primary,light_rain,0,39.56
secondary,clear,0,35.74
primary,clear,0,41.03
residential,light_rain,0,24.72
residential,flooded,1,9.78
primary,clear,0,42.5
secondary,heavy_rain,0,25.22
residential,heavy_rain,0,15.59
primary,light_rain,0,43.31
secondary,heavy_rain,0,21.44
residential,clear,0,26.55
primary,flooded,1,15.87
secondary,light_rain,0,35.06
primary,clear,1,28.53
residential,heavy_rain,0,14.61
residential,clear,0,24.41
residential,clear,1,18.52
secondary,clear,1,23.78
residential,clear,0,22.67
residential,clear,0,23.31
primary,moderate_rain,0,43.95
residential,clear,0,25.73
primary,clear,0,41.35
secondary,clear,1,20.94
primary,clear,0,42.26
primary,light_rain,0,39.63
primary,moderate_rain,0,41.83
secondary,heavy_rain,0,27.07
primary,light_rain,0,40.01
secondary,clear,0,34.72
primary,heavy_rain,1,21.43
primary,moderate_rain,0,43.19
secondary,clear,1,23.37
secondary,light_rain,0,34.14
primary,heavy_rain,1,17.73
secondary,light_rain,1,22.76
residential,clear,1,17.22
secondary,light_rain,1,24.82
primary,clear,0,42.27
primary,clear,1,28.83
residential,clear,1,15.43
primary,clear,0,43.54
residential,clear,0,26.18
secondary,clear,0,35.94
residential,light_rain,0,22.79
secondary,moderate_rain,0,34.3
residential,flooded,0,11.48
primary,clear,0,44.72
secondary,clear,1,23.35
secondary,heavy_rain,0,21.12
secondary,clear,1,23.26
secondary,light_rain,0,35.05
residential,moderate_rain,0,24.71
residential,clear,0,24.23
secondary,heavy_rain,0,22.52
secondary,moderate_rain,0,32.6
secondary,clear,0,34.41
secondary,clear,0,33.72
primary,clear,0,44.66
primary,clear,0,41.85
primary,clear,0,43.38
primary,clear,0,43.28
primary,clear,0,44.62
primary,heavy_rain,0,30.51
primary,clear,0,44.24
primary,clear,0,43.73
residential,clear,0,23.43
secondary,clear,0,33.4
primary,clear,0,41.93
secondary,clear,0,36.13
primary,clear,0,43.31
residential,moderate_rain,0,25.65
secondary,flooded,1,13.3
primary,clear,1,28.03
secondary,clear,0,35.05
residential,light_rain,1,16.52
residential,light_rain,0,24.05
secondary,clear,0,34.2
secondary,heavy_rain,1,17.55
primary,clear,1,29.19
residential,clear,0,25.02
primary,light_rain,0,41.21
residential,flooded,0,13.51
secondary,moderate_rain,0,32.58
secondary,clear,0,35.68
secondary,clear,0,35.72
primary,clear,1,28.5
primary,clear,0,43.68
primary,light_rain,1,28.86
primary,moderate_rain,0,42.01
secondary,light_rain,0,34.38
primary,flooded,0,21.69
primary,clear,0,43.39
residential,heavy_rain,0,16.8
residential,moderate_rain,0,22.69
residential,clear,0,24.77
residential,light_rain,0,24.94
primary,clear,0,43.35
primary,moderate_rain,0,43.5
secondary,clear,0,35.93
secondary,clear,0,33.69
primary,light_rain,0,42.16
residential,light_rain,1,16.07
primary,clear,0,43.19
primary,clear,0,43.2
secondary,clear,0,35.92
secondary,clear,0,35.27
secondary,heavy_rain,0,25.24
primary,heavy_rain,0,29.24
residential,clear,1,15.6
primary,moderate_rain,0,41.37
primary,clear,0,44.11
residential,light_rain,0,22.12
residential,clear,0,22.98
residential,clear,0,25.02
residential,light_rain,1,17.97
secondary,clear,1,25.55
secondary,light_rain,1,22.83
primary,moderate_rain,0,43.66
secondary,clear,1,23.7
primary,clear,0,40.9
primary,heavy_rain,1,19.45
secondary,moderate_rain,1,22.04
secondary,clear,0,36.38
primary,clear,0,43.16
primary,light_rain,0,40.49
secondary,clear,1,21.34
primary,clear,0,43.17
residential,clear,1,13.22
secondary,heavy_rain,0,22.62
secondary,light_rain,0,34.71
secondary,flooded,0,15.91
residential,moderate_rain,1,17.9
primary,heavy_rain,0,30.67
secondary,clear,0,33.47
secondary,moderate_rain,0,33.64
primary,clear,0,44.69
residential,light_rain,0,24.54
secondary,clear,0,32.91
secondary,clear,1,23.38
residential,heavy_rain,1,9.98
residential,heavy_rain,0,18.37
secondary,clear,1,24.5
residential,light_rain,1,16.07
secondary,clear,0,35.21
secondary,clear,0,33.04
secondary,moderate_rain,0,32.95
secondary,clear,0,37.33
primary,heavy_rain,0,28.96
residential,clear,1,18.25
residential,light_rain,1,16.89
primary,light_rain,0,44.38
residential,clear,0,22.0
primary,clear,0,42.92
primary,moderate_rain,1,30.82
secondary,moderate_rain,0,35.52
primary,clear,0,45.19
residential,clear,0,24.99
residential,clear,0,24.19
secondary,clear,0,33.46
primary,clear,1,27.47
primary,clear,0,44.41
secondary,moderate_rain,1,23.74
residential,light_rain,0,24.44
secondary,heavy_rain,0,24.16
primary,light_rain,0,42.62
secondary,heavy_rain,1,17.21
secondary,clear,1,25.02
secondary,light_rain,0,32.76
primary,flooded,1,14.97
secondary,light_rain,0,31.86
secondary,clear,0,35.2
residential,light_rain,0,25.45
primary,heavy_rain,1,17.49
secondary,moderate_rain,0,33.46
residential,clear,0,25.01
primary,light_rain,0,42.76
residential,flooded,0,12.08
secondary,clear,0,33.24
primary,light_rain,0,42.33
primary,clear,0,40.72
secondary,light_rain,1,22.81
primary,light_rain,0,41.75
secondary,clear,0,34.8
primary,clear,0,42.36
secondary,light_rain,0,32.1
primary,clear,1,28.57
residential,clear,0,26.4
residential,moderate_rain,1,18.3
residential,clear,1,20.51
secondary,clear,1,26.13
primary,heavy_rain,0,27.08
secondary,clear,0,34.39
primary,clear,0,43.17
primary,light_rain,1,28.46
primary,moderate_rain,0,42.17
secondary,heavy_rain,0,27.01
secondary,heavy_rain,0,21.77
secondary,moderate_rain,0,33.01
secondary,clear,1,26.06
primary,clear,0,42.28
residential,clear,0,25.59
secondary,clear,0,36.55
secondary,light_rain,0,35.09
primary,light_rain,1,28.87
secondary,clear,1,25.0
secondary,moderate_rain,0,32.74
primary,clear,0,42.46
primary,clear,0,44.0
secondary,light_rain,1,20.05
secondary,clear,1,25.71
primary,clear,1,29.57
residential,clear,0,25.23
primary,clear,1,26.67
secondary,moderate_rain,1,21.04
residential,heavy_rain,0,16.11
secondary,clear,0,36.21
secondary,clear,1,20.48
primary,light_rain,0,43.59
primary,heavy_rain,0,28.34
residential,clear,0,24.66
secondary,clear,0,35.38
residential,moderate_rain,0,24.75
primary,light_rain,0,41.34
primary,clear,1,30.05
primary,light_rain,1,25.1
secondary,clear,1,22.91
primary,clear,0,43.43
residential,clear,0,24.48
secondary,heavy_rain,0,20.66
residential,clear,0,26.14
primary,clear,0,41.33
residential,clear,1,16.75
secondary,heavy_rain,0,23.63
secondary,clear,0,35.03
residential,clear,0,26.75
secondary,clear,0,34.92
secondary,moderate_rain,1,23.61
primary,clear,1,29.03
primary,clear,0,44.12
residential,clear,0,27.09
secondary,heavy_rain,0,23.6
secondary,clear,1,24.76
secondary,light_rain,0,36.54
primary,heavy_rain,0,30.91
primary,heavy_rain,0,28.3
secondary,clear,0,36.55
secondary,flooded,0,17.87
primary,clear,0,44.88
secondary,clear,0,35.85
primary,heavy_rain,0,29.29
secondary,clear,1,24.24
primary,clear,0,43.58
secondary,clear,0,35.44
primary,light_rain,1,28.35
secondary,clear,1,23.21
primary,light_rain,0,45.05
primary,heavy_rain,0,29.6
primary,light_rain,0,41.55
secondary,clear,1,23.17
secondary,heavy_rain,1,17.35
primary,clear,0,42.1
secondary,clear,0,32.78
residential,clear,0,22.89
secondary,clear,0,32.41
primary,clear,0,41.25
secondary,clear,0,33.23
primary,clear,0,45.28
primary,clear,0,43.13
residential,light_rain,0,24.0
primary,moderate_rain,0,39.9
secondary,moderate_rain,0,33.87
secondary,clear,0,32.39
secondary,clear,1,23.04
secondary,flooded,0,20.6
primary,clear,1,30.11
primary,heavy_rain,0,28.56
secondary,clear,1,24.64
primary,heavy_rain,1,18.68
primary,clear,0,42.0
primary,clear,0,45.76
primary,light_rain,0,40.7
primary,clear,1,28.59
primary,clear,0,43.66
secondary,clear,0,33.6
secondary,light_rain,0,35.34
residential,clear,1,16.39
primary,clear,0,44.2
primary,clear,0,44.08
primary,clear,0,42.84
secondary,light_rain,0,36.93
secondary,clear,0,34.0
primary,clear,0,45.22
residential,clear,1,18.61
primary,clear,1,31.77
secondary,clear,1,23.85
secondary,clear,0,33.82
residential,clear,1,19.97
secondary,flooded,0,17.0
residential,clear,0,23.78
primary,light_rain,1,28.3
residential,clear,1,15.38
primary,clear,0,43.99
residential,clear,1,15.94
secondary,clear,1,23.16
residential,flooded,0,13.95
secondary,heavy_rain,0,24.33
secondary,moderate_rain,1,23.0
secondary,light_rain,0,34.62
secondary,clear,0,35.02
primary,clear,1,28.47
primary,heavy_rain,0,28.88
primary,light_rain,0,43.15
primary,clear,0,43.01
residential,clear,0,25.63
primary,clear,1,27.86
residential,heavy_rain,0,15.81
primary,clear,0,42.1
primary,clear,1,28.27
secondary,clear,1,25.52
secondary,moderate_rain,0,35.17
secondary,clear,1,21.97
secondary,moderate_rain,0,34.74
secondary,clear,0,34.41
primary,heavy_rain,0,27.86
residential,light_rain,0,22.31
residential,clear,0,26.46
secondary,clear,0,32.95
primary,clear,0,43.12
secondary,clear,0,33.58
primary,heavy_rain,0,30.04
primary,clear,0,42.7
primary,clear,0,43.0
secondary,clear,0,34.85
residential,clear,0,25.45
secondary,heavy_rain,0,23.42
secondary,clear,0,34.94
secondary,flooded,0,16.72
primary,heavy_rain,1,17.1
primary,clear,1,27.44
residential,clear,1,17.93
primary,heavy_rain,0,28.42
residential,clear,0,24.0
secondary,clear,0,32.89
secondary,clear,1,21.01
secondary,clear,0,33.95
secondary,moderate_rain,0,35.42
residential,clear,0,24.16
residential,clear,1,17.45
secondary,heavy_rain,0,22.49
primary,moderate_rain,0,43.03
secondary,clear,1,23.06
residential,moderate_rain,0,22.5
primary,clear,0,42.8
secondary,moderate_rain,0,36.83
secondary,clear,0,37.68
secondary,clear,0,35.73
primary,light_rain,0,42.2
secondary,clear,0,35.46
residential,flooded,1,8.9
primary,clear,0,43.14
primary,heavy_rain,0,29.54
residential,heavy_rain,0,17.02
primary,clear,1,28.64
residential,moderate_rain,0,22.55
secondary,clear,0,34.31
primary,heavy_rain,0,30.08
residential,clear,0,24.95
secondary,light_rain,0,34.81
secondary,clear,1,23.17
primary,clear,0,41.61
secondary,clear,1,23.23
primary,clear,0,41.67
primary,moderate_rain,1,26.72
residential,light_rain,0,26.35
primary,light_rain,0,41.78
secondary,clear,0,33.89
primary,clear,0,45.63
secondary,clear,1,24.81
primary,moderate_rain,0,41.51
residential,flooded,0,13.14
secondary,clear,0,34.65
primary,clear,1,28.08
primary,clear,0,43.91
primary,light_rain,1,28.1
secondary,light_rain,1,23.27
primary,moderate_rain,1,29.89
residential,clear,0,26.37
secondary,moderate_rain,0,33.26
primary,light_rain,0,43.14
secondary,clear,1,21.9
secondary,clear,1,24.27
primary,clear,0,43.42
primary,clear,1,29.69
primary,heavy_rain,0,28.43
secondary,clear,0,38.13
secondary,moderate_rain,0,32.73
secondary,clear,1,25.05
residential,clear,1,15.3
residential,clear,1,17.61
secondary,clear,1,24.45
residential,clear,0,25.08
primary,clear,1,28.37
primary,clear,0,43.41
primary,clear,1,29.52
primary,clear,1,31.8
secondary,clear,0,33.69
residential,clear,0,24.17
primary,heavy_rain,0,29.31
primary,clear,1,28.73
secondary,moderate_rain,0,33.93
residential,clear,0,26.61
primary,light_rain,1,24.35
secondary,clear,0,34.1
primary,heavy_rain,0,26.27
primary,clear,0,41.41
residential,moderate_rain,0,27.95
residential,clear,1,17.75
primary,clear,0,44.63
residential,light_rain,0,24.42
secondary,clear,0,36.14
residential,clear,0,22.35
secondary,clear,1,25.15
secondary,light_rain,1,21.93
secondary,flooded,0,16.7
secondary,clear,0,35.76
primary,moderate_rain,0,42.54
primary,clear,0,43.33
primary,clear,0,41.16
secondary,heavy_rain,1,15.92
primary,heavy_rain,0,30.32
secondary,moderate_rain,0,33.28
residential,clear,0,26.97
primary,clear,0,41.89
secondary,clear,1,23.6
secondary,clear,0,37.3
residential,clear,0,23.98
primary,moderate_rain,0,43.65
secondary,heavy_rain,1,18.73
residential,clear,0,25.26
residential,clear,1,16.06
secondary,heavy_rain,0,22.24
secondary,clear,1,25.55
secondary,light_rain,1,25.07
residential,clear,0,27.17
secondary,clear,1,23.54
primary,flooded,0,23.16
residential,clear,0,24.93
secondary,clear,0,33.68
secondary,clear,0,36.69
primary,heavy_rain,0,31.33
secondary,heavy_rain,1,14.24
primary,clear,1,27.56
secondary,clear,0,35.06
primary,light_rain,1,30.02
secondary,clear,0,33.3
residential,light_rain,0,24.88
primary,clear,1,28.23
residential,clear,0,26.05
secondary,light_rain,0,33.16
residential,clear,1,18.01
secondary,heavy_rain,0,23.16
secondary,clear,0,33.59
secondary,clear,0,35.1
residential,flooded,0,9.59
secondary,clear,1,22.75
primary,light_rain,0,42.92
secondary,clear,0,32.34
residential,light_rain,0,20.69
secondary,light_rain,0,30.85
secondary,clear,0,36.99
secondary,moderate_rain,0,33.97
residential,light_rain,0,23.74
primary,clear,0,44.62
secondary,clear,0,34.39
primary,clear,1,29.52
primary,clear,1,29.16
primary,clear,1,28.41
primary,clear,0,43.64
secondary,clear,0,36.16
primary,moderate_rain,1,28.08
secondary,clear,0,34.31
primary,heavy_rain,0,28.37
primary,clear,1,25.67
primary,clear,1,29.54
primary,moderate_rain,1,26.54
secondary,clear,1,24.53
secondary,clear,0,34.86
secondary,clear,0,35.16
secondary,clear,1,24.64
primary,clear,0,41.81
residential,flooded,1,8.98
secondary,clear,0,35.4
secondary,heavy_rain,0,23.12
primary,light_rain,1,27.19
primary,clear,0,44.09
primary,clear,1,30.17
primary,moderate_rain,0,42.24
secondary,heavy_rain,1,14.16
secondary,clear,0,34.21
secondary,clear,0,34.91
secondary,clear,0,36.03
residential,clear,0,22.62
secondary,clear,1,22.74
residential,heavy_rain,0,16.11
primary,clear,0,43.08
primary,light_rain,0,40.46
primary,light_rain,0,42.08
secondary,clear,0,34.53
residential,clear,0,23.44
primary,light_rain,0,42.23
residential,heavy_rain,1,10.45
primary,light_rain,0,43.15
residential,clear,1,15.52
primary,clear,0,43.33
primary,clear,0,41.99
secondary,clear,0,34.1
primary,moderate_rain,0,42.51
primary,clear,0,43.55
primary,moderate_rain,1,27.73
residential,clear,0,24.6
secondary,light_rain,1,20.98
primary,flooded,0,23.7
secondary,clear,0,36.03
secondary,heavy_rain,0,24.37
primary,clear,1,26.72
secondary,clear,0,34.11
primary,heavy_rain,1,18.96
primary,heavy_rain,0,25.98
secondary,clear,0,36.33
primary,clear,0,45.38
secondary,light_rain,1,26.25
secondary,moderate_rain,1,21.4
primary,clear,0,43.38
secondary,moderate_rain,1,24.96
primary,clear,0,42.82
residential,clear,1,16.0
secondary,clear,1,20.79
residential,clear,1,18.55
secondary,heavy_rain,1,15.74
primary,clear,0,42.11
secondary,flooded,0,17.93
residential,clear,0,25.23
secondary,light_rain,0,34.61
residential,moderate_rain,0,24.02
residential,light_rain,0,26.98
primary,light_rain,0,42.21
primary,clear,0,45.63
secondary,heavy_rain,0,24.24
secondary,moderate_rain,0,34.61
residential,clear,1,16.68
residential,moderate_rain,0,25.81
primary,clear,1,29.29
primary,clear,0,41.8
secondary,heavy_rain,0,21.95
primary,clear,0,43.83
residential,moderate_rain,0,22.98
secondary,clear,0,34.91
secondary,clear,0,36.59
primary,clear,0,43.66
secondary,clear,0,33.92
secondary,moderate_rain,1,25.09
secondary,clear,0,35.82
primary,clear,0,44.73
secondary,clear,0,31.6
residential,clear,0,25.5
primary,moderate_rain,1,29.62
primary,clear,0,45.75
primary,light_rain,0,40.21
secondary,heavy_rain,0,25.21
secondary,light_rain,0,36.83
secondary,moderate_rain,0,31.06
primary,clear,1,29.83
primary,clear,0,44.13
secondary,heavy_rain,0,22.91
secondary,light_rain,0,33.62
residential,light_rain,0,25.54
primary,light_rain,0,41.49
secondary,clear,0,34.67
secondary,clear,0,36.22
secondary,moderate_rain,0,36.71
secondary,light_rain,0,35.17
secondary,clear,0,35.2
residential,heavy_rain,0,15.94
primary,clear,0,41.68
primary,clear,0,44.86
secondary,heavy_rain,0,23.17
secondary,moderate_rain,1,24.7
primary,clear,1,28.62
primary,clear,1,28.14
primary,clear,1,29.75
residential,light_rain,1,16.43
primary,clear,1,27.31
primary,moderate_rain,1,31.08
primary,heavy_rain,1,18.52
primary,moderate_rain,0,43.46
primary,clear,0,44.46
secondary,moderate_rain,1,21.08
primary,clear,0,41.7
residential,clear,1,16.4
primary,clear,0,41.9
secondary,clear,0,37.59
residential,heavy_rain,1,10.96
secondary,clear,1,24.92
secondary,clear,0,35.77
primary,flooded,1,14.95
primary,clear,1,29.18
secondary,moderate_rain,0,35.94
residential,clear,0,23.76
secondary,clear,0,37.59
secondary,heavy_rain,0,21.47
secondary,clear,0,36.17
secondary,clear,0,32.89
primary,clear,0,42.73
secondary,clear,1,23.73
residential,clear,0,24.27
primary,clear,0,42.93
secondary,clear,0,32.92
primary,moderate_rain,1,26.87
secondary,clear,1,24.34
primary,clear,0,43.24
secondary,clear,1,22.55
secondary,heavy_rain,1,17.76
primary,heavy_rain,1,17.63
secondary,light_rain,1,22.62
secondary,heavy_rain,0,22.64
residential,clear,0,25.92
primary,clear,0,43.27
primary,light_rain,0,42.25
primary,light_rain,0,39.64
residential,clear,1,18.15
residential,clear,0,24.67
secondary,flooded,1,11.97
residential,moderate_rain,0,23.22
secondary,clear,0,33.64
secondary,light_rain,0,36.61
primary,clear,0,40.54
secondary,clear,1,22.01
primary,clear,1,31.34
residential,clear,0,25.96
secondary,clear,1,23.1
secondary,moderate_rain,1,24.84
primary,clear,0,43.87
primary,clear,0,43.55
primary,clear,0,43.54
primary,clear,0,43.9
primary,heavy_rain,1,20.22
residential,light_rain,0,27.84
secondary,flooded,0,17.21
primary,flooded,0,21.35
primary,clear,1,27.26
secondary,clear,1,23.51
secondary,heavy_rain,0,26.19
secondary,flooded,0,18.98
residential,light_rain,0,23.73
secondary,moderate_rain,1,23.02
residential,moderate_rain,0,22.4
residential,clear,1,15.4
primary,clear,1,29.34
residential,moderate_rain,0,23.6
primary,light_rain,0,40.84
residential,clear,0,25.73
primary,clear,0,43.08
residential,clear,0,22.65
residential,clear,0,21.89
residential,heavy_rain,0,15.86
secondary,clear,0,32.62
primary,clear,1,26.31
primary,clear,0,44.89
secondary,light_rain,0,34.21
primary,clear,1,28.72
secondary,clear,0,34.72
primary,clear,1,27.41
residential,clear,1,17.47
secondary,clear,0,34.8
residential,clear,0,23.86
primary,heavy_rain,0,27.97
residential,clear,0,23.16
residential,clear,0,24.39
secondary,light_rain,1,22.8
secondary,clear,0,34.35
secondary,light_rain,0,34.44
primary,clear,1,29.0
secondary,clear,1,23.94
primary,moderate_rain,0,43.48
primary,heavy_rain,0,29.77
primary,clear,0,44.63
primary,clear,1,27.85
primary,clear,0,42.44
primary,heavy_rain,1,20.44
residential,heavy_rain,0,17.72
secondary,clear,1,22.57
residential,clear,0,25.92
secondary,clear,1,22.17
primary,clear,1,29.84
secondary,clear,0,34.96
secondary,clear,1,21.51
primary,light_rain,1,27.93
secondary,heavy_rain,1,19.04
primary,flooded,0,21.9
secondary,clear,0,38.45
secondary,clear,1,21.42
primary,heavy_rain,1,20.59
primary,clear,0,39.4
secondary,light_rain,1,23.16
secondary,clear,0,35.95
primary,clear,1,30.37
residential,clear,0,23.8
primary,clear,0,44.76
secondary,light_rain,0,33.56
residential,clear,0,24.75
primary,clear,0,42.55
primary,clear,0,41.5
primary,heavy_rain,0,31.23
primary,clear,0,43.27
primary,clear,1,30.75
secondary,clear,0,36.57
primary,clear,0,41.75
secondary,clear,0,36.82
residential,light_rain,1,17.3
residential,clear,1,15.29
secondary,clear,0,35.67
primary,light_rain,1,27.05
secondary,clear,1,26.0
secondary,clear,0,36.22
secondary,clear,1,23.48
primary,clear,0,45.1
residential,light_rain,0,22.17
secondary,light_rain,0,33.24
primary,light_rain,0,42.03
primary,light_rain,0,45.76
secondary,clear,0,33.39
residential,clear,0,22.44
secondary,clear,0,32.83
secondary,clear,0,36.36
primary,flooded,0,20.71
secondary,moderate_rain,0,33.84
secondary,clear,1,24.73
primary,clear,0,42.96
primary,clear,0,43.51
secondary,clear,0,35.8
primary,clear,0,42.55
secondary,clear,0,34.75
primary,heavy_rain,0,29.24
primary,light_rain,1,29.89
primary,clear,0,42.01
residential,clear,0,20.47
residential,clear,0,26.02
residential,moderate_rain,1,17.8
secondary,moderate_rain,1,23.27
primary,heavy_rain,0,29.28
secondary,clear,0,34.15
secondary,light_rain,1,23.91
residential,clear,0,26.28
primary,clear,0,43.28
secondary,clear,0,38.74
primary,clear,0,40.85
primary,light_rain,1,28.83
secondary,clear,1,21.83
secondary,clear,1,24.91
primary,clear,0,40.83
primary,clear,0,41.2
secondary,clear,0,34.05
secondary,clear,1,23.99
residential,clear,1,15.96
residential,clear,0,24.12
secondary,flooded,0,17.23
primary,clear,0,42.84
secondary,clear,1,25.82
secondary,clear,0,36.03
primary,heavy_rain,0,28.39
residential,light_rain,0,27.69
primary,clear,0,43.94
residential,clear,1,15.4
secondary,light_rain,1,23.54
secondary,light_rain,1,23.96
secondary,light_rain,1,22.13
residential,heavy_rain,0,15.13
secondary,heavy_rain,0,23.53
secondary,clear,0,34.46
primary,clear,1,31.34
secondary,light_rain,0,35.47
primary,moderate_rain,0,41.11
secondary,clear,0,35.64
secondary,flooded,0,19.4
secondary,clear,1,21.5
primary,clear,1,27.58
primary,heavy_rain,0,28.86
secondary,clear,0,35.05
primary,clear,1,29.04
primary,clear,1,28.65
primary,clear,0,42.71
residential,clear,0,25.58
secondary,clear,0,36.7
primary,clear,0,42.48
primary,flooded,1,18.22
primary,flooded,0,24.54
secondary,clear,0,36.99
secondary,light_rain,0,35.29
primary,clear,0,46.21
primary,clear,0,42.76
primary,clear,0,41.95
secondary,flooded,0,16.71
secondary,heavy_rain,0,21.89
primary,clear,0,43.38
primary,clear,0,43.65
primary,clear,0,43.5
residential,clear,0,24.98
primary,clear,0,43.4
secondary,clear,0,37.6
secondary,moderate_rain,1,23.9
primary,clear,1,30.5
primary,heavy_rain,0,29.17
primary,light_rain,1,26.16
secondary,clear,0,32.28
secondary,moderate_rain,0,37.21
secondary,moderate_rain,0,33.29
secondary,clear,0,34.07
primary,clear,0,43.57
residential,heavy_rain,0,17.54
secondary,clear,1,24.61
primary,clear,0,45.86
residential,clear,0,27.25
secondary,moderate_rain,0,32.87
secondary,moderate_rain,0,35.54
secondary,heavy_rain,1,15.19
residential,clear,1,16.64
secondary,clear,1,21.95
primary,clear,0,40.66
primary,moderate_rain,0,42.02
residential,clear,0,23.57
primary,clear,0,44.59
primary,clear,0,42.78
secondary,clear,1,24.05
secondary,heavy_rain,0,25.45
secondary,light_rain,0,32.13
residential,flooded,1,7.34
primary,clear,1,29.39
primary,heavy_rain,0,29.35
primary,moderate_rain,0,43.72
residential,clear,0,26.3
secondary,flooded,0,17.65
primary,clear,0,43.66
residential,heavy_rain,0,17.21
residential,heavy_rain,0,14.51
residential,moderate_rain,0,24.11
residential,clear,1,17.22
primary,clear,1,29.8
secondary,clear,0,33.61
secondary,clear,1,21.69
residential,moderate_rain,0,23.99
secondary,moderate_rain,0,37.03
secondary,heavy_rain,0,22.17
secondary,clear,0,36.76
primary,moderate_rain,0,44.45
secondary,heavy_rain,1,15.84
residential,moderate_rain,0,23.33
residential,clear,1,17.62
primary,clear,0,43.49
primary,clear,0,41.91
primary,light_rain,0,41.42
secondary,light_rain,0,35.04
residential,flooded,0,13.9
primary,clear,0,42.72
secondary,clear,0,34.9
residential,light_rain,0,25.55
secondary,moderate_rain,0,33.82
secondary,heavy_rain,0,22.95
secondary,moderate_rain,0,32.95
secondary,clear,1,22.43
primary,light_rain,1,32.59
secondary,heavy_rain,0,23.1
secondary,clear,0,37.05
residential,clear,0,27.53
secondary,clear,1,23.31
secondary,clear,0,35.55
primary,light_rain,0,42.56
secondary,clear,0,32.58
primary,clear,0,40.87
primary,clear,1,29.19
secondary,clear,1,22.95
residential,clear,0,27.84
primary,light_rain,1,28.23
secondary,clear,0,37.93
residential,clear,1,16.14
primary,clear,1,31.99
secondary,clear,0,35.76
secondary,clear,1,24.43
secondary,clear,0,34.23
primary,heavy_rain,0,29.74
primary,light_rain,0,44.95
secondary,clear,0,34.78
secondary,clear,0,34.49
primary,flooded,0,21.23
secondary,light_rain,1,25.59
primary,clear,0,44.48
secondary,light_rain,0,36.53
primary,moderate_rain,0,42.54
residential,moderate_rain,0,24.4
primary,clear,0,43.84
primary,clear,0,44.81
primary,clear,1,28.75
primary,heavy_rain,0,30.93
residential,light_rain,0,25.09
residential,clear,1,13.24
primary,heavy_rain,0,30.2
secondary,heavy_rain,0,21.49
secondary,flooded,0,18.79
residential,heavy_rain,1,12.62
secondary,flooded,1,12.29
primary,clear,1,29.93
secondary,moderate_rain,0,35.73
secondary,moderate_rain,0,33.34
primary,clear,1,30.31
secondary,clear,0,36.74
primary,flooded,0,24.24
secondary,clear,1,21.93
primary,heavy_rain,0,29.49
secondary,clear,0,33.56
secondary,clear,1,22.08
secondary,clear,0,35.54
primary,clear,0,43.32
secondary,light_rain,1,24.88
secondary,clear,1,23.07
secondary,clear,0,34.8
secondary,clear,0,35.32
secondary,clear,1,22.3
residential,clear,0,23.92
primary,moderate_rain,0,43.74
residential,clear,0,24.18
secondary,clear,1,25.36
primary,clear,1,30.03
primary,clear,0,40.88
primary,clear,1,29.91
secondary,clear,1,24.37
secondary,heavy_rain,0,24.03
secondary,heavy_rain,0,23.18
secondary,moderate_rain,0,32.67
secondary,clear,1,25.61
primary,clear,0,43.05
primary,clear,0,41.87
secondary,light_rain,0,35.05
primary,flooded,0,20.49
primary,clear,1,27.69
secondary,clear,0,34.44
secondary,light_rain,1,22.16
residential,moderate_rain,0,22.98
residential,moderate_rain,0,25.55
secondary,light_rain,1,22.99
secondary,flooded,0,19.38
secondary,clear,0,33.72
secondary,heavy_rain,1,13.18
primary,flooded,0,21.82
secondary,moderate_rain,0,36.87
residential,clear,0,25.8
primary,clear,0,48.02
secondary,clear,1,24.09
secondary,clear,1,23.94
primary,heavy_rain,0,25.65
primary,clear,1,29.76
primary,clear,1,29.37
primary,moderate_rain,0,41.46
primary,clear,0,42.99
residential,clear,0,24.9
primary,clear,1,28.85
secondary,light_rain,1,26.29
primary,clear,0,42.64
residential,heavy_rain,1,11.52
primary,clear,0,42.59
secondary,heavy_rain,0,24.57
residential,clear,1,17.12
residential,clear,0,24.58
primary,clear,0,40.31
residential,clear,0,25.36
secondary,clear,0,34.54
secondary,clear,0,34.91
primary,clear,0,41.43
primary,clear,1,31.27
secondary,clear,1,24.88
secondary,clear,0,37.15
secondary,moderate_rain,0,35.8
secondary,heavy_rain,1,16.66
secondary,clear,0,33.29
primary,clear,0,45.97
secondary,flooded,0,16.11
primary,clear,0,42.8
secondary,flooded,0,18.56
secondary,clear,0,36.13
residential,heavy_rain,0,17.57
primary,clear,1,28.52
primary,heavy_rain,1,18.55
primary,clear,0,47.0
primary,light_rain,1,28.52
primary,clear,0,42.96
residential,clear,0,23.93
primary,moderate_rain,1,28.72
primary,clear,0,43.5
secondary,heavy_rain,0,23.37
secondary,clear,0,35.57
secondary,heavy_rain,1,18.42
primary,clear,0,42.31
secondary,flooded,1,11.86
primary,flooded,1,13.59
primary,clear,1,29.56
residential,heavy_rain,0,15.86
primary,moderate_rain,0,41.28
secondary,clear,0,32.81
secondary,light_rain,0,34.51
primary,clear,1,29.76
residential,moderate_rain,0,27.14
primary,clear,1,29.82
secondary,clear,0,34.33
residential,clear,1,14.81
secondary,clear,0,33.17
residential,heavy_rain,0,14.77
primary,flooded,1,17.38
secondary,clear,0,35.43
primary,clear,0,42.33
secondary,light_rain,0,32.92
residential,clear,0,23.72
primary,clear,1,28.2
secondary,clear,1,25.56
primary,clear,0,43.16
secondary,clear,0,32.83
secondary,moderate_rain,0,37.55
residential,clear,1,15.14
secondary,heavy_rain,1,14.88
primary,clear,1,31.08
primary,clear,0,43.82
primary,heavy_rain,0,28.17
primary,clear,0,41.35
primary,clear,0,41.75
residential,light_rain,1,15.18
secondary,clear,0,35.01
secondary,moderate_rain,1,23.26
primary,clear,0,42.98
residential,light_rain,1,16.48
secondary,clear,0,33.42
primary,clear,0,43.64
secondary,flooded,0,19.42
secondary,moderate_rain,1,22.73
primary,clear,0,42.93
secondary,clear,1,23.71
secondary,clear,0,36.68
primary,light_rain,0,41.07
residential,moderate_rain,1,18.58
residential,light_rain,0,25.17
secondary,clear,0,35.04
secondary,moderate_rain,0,35.9
secondary,clear,1,21.82
secondary,clear,0,35.78
secondary,clear,0,35.65
primary,flooded,0,20.2
secondary,moderate_rain,0,34.77
residential,clear,0,25.42
secondary,light_rain,0,34.09
primary,heavy_rain,1,20.76
secondary,clear,0,34.14
primary,clear,1,29.52
primary,flooded,1,14.36
primary,heavy_rain,1,18.54
primary,clear,0,43.95
secondary,clear,0,34.69
secondary,clear,1,21.38
primary,clear,0,40.5
residential,flooded,0,13.68
residential,clear,1,15.02
residential,heavy_rain,0,17.13
primary,clear,0,43.28
secondary,clear,0,34.45
residential,clear,1,19.79
secondary,moderate_rain,0,34.35
primary,clear,1,30.25
primary,light_rain,0,42.84
secondary,clear,0,34.65
residential,clear,0,24.97
secondary,clear,0,37.19
secondary,clear,0,36.63
primary,light_rain,0,45.34
secondary,clear,1,23.92
residential,light_rain,0,23.23
primary,clear,0,42.54
secondary,clear,0,33.22
residential,clear,1,18.0
primary,clear,0,42.32
secondary,moderate_rain,0,29.5
primary,light_rain,1,32.28
secondary,clear,0,34.14
secondary,clear,0,34.14
secondary,heavy_rain,0,25.9
secondary,light_rain,1,21.35
primary,light_rain,0,44.11
residential,clear,0,24.12
secondary,clear,1,21.6
primary,flooded,0,24.16
secondary,moderate_rain,1,24.36
secondary,clear,0,36.38
primary,moderate_rain,0,42.62
residential,moderate_rain,0,25.24
residential,clear,0,23.15
primary,clear,0,43.37
residential,clear,0,23.61
primary,clear,0,41.12
primary,light_rain,1,29.2
primary,clear,0,44.94
residential,moderate_rain,1,15.83
secondary,flooded,1,11.48
primary,clear,1,27.41
secondary,clear,1,23.6
secondary,moderate_rain,0,35.22
primary,moderate_rain,1,29.54
residential,moderate_rain,1,17.23
residential,clear,1,15.92
secondary,clear,0,34.02
residential,clear,1,18.04
secondary,flooded,1,13.01
residential,clear,1,16.59
secondary,heavy_rain,0,22.76
secondary,clear,0,36.75
primary,flooded,1,14.02
residential,light_rain,0,25.66
secondary,clear,0,34.79
primary,light_rain,1,27.01
primary,clear,0,45.62
secondary,clear,0,35.18
secondary,clear,0,33.93
secondary,clear,0,32.91
residential,clear,0,23.06
primary,moderate_rain,0,41.51
secondary,light_rain,0,37.25
primary,clear,0,42.32
residential,heavy_rain,1,13.44
residential,light_rain,0,24.35
secondary,flooded,0,15.73
secondary,light_rain,0,33.65
primary,clear,1,27.2
secondary,clear,1,22.31
residential,light_rain,0,23.21
secondary,clear,0,32.14
primary,clear,0,45.47
secondary,clear,1,23.91
residential,clear,0,23.97
primary,clear,0,43.53
primary,clear,1,27.86
secondary,clear,1,19.58
residential,light_rain,0,28.98
primary,clear,1,29.4
primary,clear,0,42.32
primary,clear,1,26.22
primary,clear,0,40.96
secondary,clear,0,37.48
secondary,clear,0,37.25
secondary,clear,0,36.13
secondary,light_rain,0,32.69
primary,clear,0,45.46
residential,clear,0,25.67
secondary,clear,0,35.98
residential,light_rain,1,17.21
secondary,heavy_rain,0,21.14
primary,moderate_rain,0,40.27
secondary,clear,0,34.23
primary,clear,0,44.17
secondary,clear,0,32.93
primary,heavy_rain,0,28.62
primary,clear,0,42.94
residential,flooded,0,13.69
primary,light_rain,1,29.6
residential,light_rain,0,23.03
primary,clear,0,45.37
secondary,light_rain,0,32.61
secondary,clear,1,25.23
secondary,clear,0,34.17
primary,clear,1,29.36
primary,heavy_rain,0,29.22
primary,clear,0,43.5
primary,clear,1,30.13
secondary,clear,1,24.18
residential,light_rain,0,25.72
residential,light_rain,0,25.24
secondary,light_rain,0,32.46
secondary,clear,1,23.99
secondary,clear,0,34.15
primary,clear,0,41.54
residential,clear,0,24.57
secondary,heavy_rain,0,23.67
secondary,clear,0,35.37
primary,clear,0,44.78
secondary,clear,0,36.96
secondary,moderate_rain,0,34.59
residential,clear,0,25.78
secondary,clear,0,35.14
primary,light_rain,0,43.56
residential,clear,0,25.73
primary,moderate_rain,0,41.99
secondary,clear,0,38.23
primary,moderate_rain,1,27.53
secondary,clear,0,37.18
residential,clear,0,22.97
primary,heavy_rain,0,30.1
residential,clear,0,27.15
primary,clear,0,40.34
residential,clear,0,25.21
secondary,light_rain,0,35.43
residential,clear,0,25.38
primary,flooded,0,22.17
residential,flooded,1,8.63
secondary,light_rain,1,21.52
primary,clear,1,32.67
residential,clear,0,24.24
primary,light_rain,1,29.24
residential,clear,1,15.88
primary,clear,1,25.7
secondary,clear,0,33.61
secondary,clear,1,21.42
primary,clear,0,44.84
primary,clear,0,42.29
primary,moderate_rain,0,41.3
secondary,clear,1,21.99
primary,clear,1,29.26
secondary,clear,0,33.93
primary,clear,0,44.69
primary,clear,0,43.65
secondary,light_rain,0,33.5
primary,flooded,0,22.88
residential,clear,0,25.01
residential,clear,1,16.88
secondary,clear,0,32.81
secondary,flooded,0,17.39
residential,moderate_rain,1,16.89
primary,heavy_rain,1,21.46
primary,clear,1,27.99
primary,flooded,0,25.02
secondary,clear,1,24.43
primary,clear,0,40.92
secondary,heavy_rain,1,14.5
residential,heavy_rain,1,13.4
residential,clear,1,18.71
secondary,clear,0,35.03
primary,clear,0,43.42
residential,clear,1,15.1
secondary,clear,1,25.57
primary,flooded,0,20.12
primary,light_rain,1,29.85
residential,moderate_rain,0,26.37
secondary,moderate_rain,0,34.16
residential,clear,0,26.45
residential,moderate_rain,0,27.12
secondary,clear,0,35.4
secondary,clear,1,23.33
secondary,clear,0,34.9
primary,clear,0,42.09
secondary,moderate_rain,1,21.82
secondary,flooded,1,12.46
secondary,clear,0,34.75
residential,moderate_rain,0,24.84
secondary,clear,0,32.77
secondary,moderate_rain,1,22.83
secondary,clear,0,36.55
secondary,clear,0,33.32
secondary,clear,1,23.61
primary,light_rain,0,39.63
secondary,clear,0,33.04
primary,heavy_rain,1,20.68
primary,clear,0,42.74
secondary,heavy_rain,0,26.13
secondary,light_rain,1,23.81
residential,clear,1,17.65
secondary,clear,0,33.39
secondary,light_rain,0,33.78
secondary,light_rain,1,22.06
secondary,light_rain,0,32.76
primary,clear,0,44.2
primary,clear,0,44.5
primary,flooded,0,22.2
secondary,clear,1,22.35
primary,clear,0,43.7
primary,clear,1,26.25
primary,moderate_rain,1,30.34
residential,moderate_rain,1,14.46
primary,clear,1,27.44
secondary,clear,1,23.76
primary,clear,0,43.51
secondary,clear,0,34.89
primary,clear,1,27.45
primary,flooded,0,23.3
secondary,clear,0,32.47
primary,clear,0,40.98
primary,heavy_rain,0,28.72
primary,clear,1,27.22
primary,clear,1,30.95
primary,clear,0,41.43
primary,clear,1,31.45
residential,heavy_rain,0,18.27
secondary,clear,1,25.44
secondary,clear,0,37.83
primary,light_rain,1,28.71
residential,heavy_rain,0,15.19
primary,clear,0,43.05
primary,clear,1,28.27
secondary,flooded,0,16.44
primary,clear,1,29.34
primary,light_rain,0,41.94
secondary,light_rain,0,33.23
residential,light_rain,0,24.17
secondary,clear,0,35.82
secondary,clear,0,36.43
residential,light_rain,1,14.14
primary,clear,0,42.75
primary,clear,1,28.9
primary,clear,0,41.43
secondary,clear,0,34.82
secondary,flooded,0,17.72
residential,clear,0,25.78
secondary,flooded,1,11.91
secondary,clear,0,33.68
primary,clear,0,46.22
residential,clear,0,26.24
residential,moderate_rain,0,25.17
residential,moderate_rain,0,25.85
primary,clear,0,43.57
secondary,heavy_rain,0,25.33
primary,clear,1,29.2
primary,light_rain,1,28.59
primary,flooded,0,22.55
secondary,heavy_rain,0,25.76
secondary,flooded,1,14.06
primary,clear,1,30.01
primary,clear,1,29.89
secondary,clear,1,24.63
primary,clear,0,44.68
primary,moderate_rain,1,30.3
secondary,clear,1,23.24
secondary,light_rain,0,36.34
primary,clear,0,43.71
primary,clear,0,44.18
primary,light_rain,0,44.48
residential,clear,0,26.12
secondary,moderate_rain,0,35.46
secondary,clear,0,34.42
primary,moderate_rain,0,44.32
secondary,clear,0,36.04
primary,clear,1,29.31
secondary,light_rain,0,36.01
residential,heavy_rain,1,15.15
secondary,clear,1,21.84
residential,clear,1,15.64
secondary,clear,1,27.62
primary,clear,0,43.84
residential,moderate_rain,0,24.63
primary,moderate_rain,0,41.9
secondary,clear,1,25.4
primary,clear,0,47.12
primary,moderate_rain,0,41.07
secondary,clear,1,23.44
primary,light_rain,1,28.06
secondary,clear,1,24.69
secondary,light_rain,0,36.19
primary,clear,0,45.63
primary,moderate_rain,0,43.22
secondary,clear,0,38.78
primary,clear,1,28.25
secondary,moderate_rain,0,32.83
secondary,clear,0,37.2
residential,clear,1,17.03
secondary,clear,0,32.94
secondary,clear,1,23.12
secondary,heavy_rain,1,16.15
primary,moderate_rain,1,27.38
primary,clear,0,41.68
secondary,light_rain,0,34.05
secondary,clear,1,21.99
secondary,heavy_rain,1,16.72
residential,clear,0,22.08
residential,clear,0,25.14
residential,clear,0,25.78
secondary,clear,1,23.45
primary,clear,0,44.84
secondary,clear,0,32.94
primary,moderate_rain,0,41.02
secondary,clear,0,34.5
secondary,flooded,1,12.86
secondary,clear,0,35.33
primary,light_rain,0,45.62
primary,heavy_rain,0,27.67
secondary,light_rain,0,32.27
primary,heavy_rain,0,31.56
residential,moderate_rain,0,22.2
primary,clear,0,44.22
primary,light_rain,1,27.12
primary,clear,0,40.1
secondary,clear,1,23.03
secondary,clear,0,36.35
primary,light_rain,0,40.58
primary,clear,0,44.06
secondary,clear,0,36.14
primary,clear,0,41.29
secondary,flooded,0,17.16
secondary,clear,0,37.37
primary,clear,0,44.18
primary,clear,0,42.81
residential,flooded,0,13.12
secondary,flooded,0,16.47
secondary,light_rain,1,24.83
primary,heavy_rain,0,30.55
secondary,clear,1,23.77
primary,flooded,0,21.95
secondary,clear,1,22.09
residential,clear,0,22.97
primary,clear,1,28.55
primary,clear,0,43.07
primary,moderate_rain,0,43.66
primary,clear,0,44.58
primary,flooded,0,21.88
primary,clear,1,30.9
secondary,clear,0,33.58
secondary,clear,0,36.62
primary,light_rain,0,41.22
residential,moderate_rain,0,26.2
primary,clear,0,43.18
residential,clear,0,22.0
primary,clear,0,44.3
residential,light_rain,0,25.76
secondary,flooded,0,16.82
residential,clear,0,24.44
residential,heavy_rain,0,16.47
primary,clear,0,40.31
residential,clear,0,21.45
primary,flooded,1,16.51
primary,clear,1,27.88
primary,clear,1,31.9
secondary,clear,0,37.06
primary,clear,1,31.47
secondary,moderate_rain,0,33.11
secondary,light_rain,0,31.95
secondary,heavy_rain,0,21.77
residential,clear,1,16.18
secondary,clear,1,20.03
primary,clear,0,42.49
primary,clear,0,42.9
primary,flooded,0,19.66
primary,light_rain,1,27.02
primary,clear,1,28.79
primary,heavy_rain,0,29.41
residential,moderate_rain,0,23.01
secondary,clear,0,35.44
primary,moderate_rain,1,28.56
secondary,clear,1,23.66
primary,clear,0,42.22
secondary,clear,0,33.0
secondary,clear,1,26.13
secondary,clear,0,35.95
secondary,clear,1,25.1
residential,clear,0,24.87
residential,moderate_rain,1,16.16
secondary,flooded,1,12.53
secondary,moderate_rain,0,31.33
secondary,clear,1,21.92
primary,clear,0,42.0
primary,clear,1,28.43
primary,clear,1,27.8
secondary,clear,0,35.5
secondary,light_rain,0,34.48
primary,light_rain,0,44.5
residential,light_rain,1,20.25
residential,clear,1,14.96
secondary,clear,0,35.22
secondary,light_rain,1,23.38
residential,clear,0,24.98
primary,clear,0,41.57
secondary,clear,0,33.62
primary,clear,0,43.56
secondary,clear,0,33.58
primary,moderate_rain,0,42.31
residential,heavy_rain,0,16.34
residential,clear,1,17.06
primary,clear,0,41.77
secondary,light_rain,0,34.6
residential,clear,0,23.68
secondary,clear,1,23.83
residential,clear,1,18.86
secondary,clear,1,23.98
primary,moderate_rain,1,28.84
primary,moderate_rain,0,43.29
primary,clear,0,41.09
secondary,clear,1,26.17
primary,clear,1,27.53
secondary,clear,0,36.32
secondary,flooded,1,12.92
secondary,light_rain,1,21.81
residential,clear,1,18.36
residential,moderate_rain,1,17.16
secondary,moderate_rain,0,36.92
residential,moderate_rain,0,24.64
secondary,clear,0,34.84
secondary,clear,0,34.23
residential,light_rain,1,13.93
primary,clear,0,42.72
primary,flooded,0,21.19
residential,light_rain,0,24.94
secondary,flooded,1,9.66
residential,clear,0,24.64
residential,heavy_rain,0,17.58
primary,clear,0,44.21
residential,flooded,0,9.71
secondary,clear,1,24.65
secondary,clear,1,23.22
secondary,moderate_rain,0,33.81
residential,clear,1,13.3
primary,clear,0,45.44
secondary,flooded,1,12.06
secondary,clear,0,32.7
secondary,light_rain,1,23.72
secondary,clear,0,35.52
primary,moderate_rain,0,43.9
primary,light_rain,0,41.94
primary,clear,0,43.22
residential,clear,1,15.89
primary,clear,0,44.1
primary,clear,0,42.02
residential,clear,1,15.51
primary,light_rain,0,42.31
residential,clear,1,15.01
secondary,clear,0,37.4
residential,light_rain,0,27.43
primary,clear,1,28.44
primary,clear,0,41.12
secondary,clear,0,35.5
residential,clear,1,16.13
secondary,light_rain,0,36.12
primary,light_rain,1,27.4
secondary,clear,1,24.41
secondary,clear,0,35.17
secondary,clear,1,22.58
secondary,clear,0,35.36
residential,heavy_rain,0,18.03
secondary,clear,1,23.72
primary,clear,1,29.26
secondary,clear,1,22.28
primary,light_rain,1,30.3
secondary,light_rain,0,35.93
secondary,light_rain,0,33.74
primary,heavy_rain,0,28.69
primary,clear,0,45.32
primary,clear,0,41.5
residential,clear,1,17.76
residential,light_rain,0,23.7
primary,light_rain,1,31.25
residential,clear,1,16.95
secondary,light_rain,0,36.25
primary,light_rain,0,41.27
primary,heavy_rain,0,27.01
secondary,clear,0,34.65
secondary,moderate_rain,1,23.37
secondary,clear,0,34.23
primary,light_rain,1,29.72
primary,heavy_rain,1,19.15
secondary,clear,0,31.88
primary,moderate_rain,1,29.18
primary,light_rain,0,41.09
primary,clear,0,42.66
residential,clear,0,27.33
residential,clear,0,27.66
secondary,flooded,0,16.64
residential,moderate_rain,1,17.28
primary,clear,0,42.37
secondary,clear,0,34.57
primary,clear,0,42.29
secondary,clear,0,32.41
residential,clear,0,25.14
secondary,clear,0,35.43
primary,clear,0,42.19
secondary,clear,0,36.63
primary,moderate_rain,0,41.41
residential,heavy_rain,1,10.31
secondary,moderate_rain,0,34.87
secondary,moderate_rain,1,20.66
secondary,clear,0,36.36
secondary,clear,0,34.4
primary,clear,0,44.68
secondary,moderate_rain,0,36.02
primary,heavy_rain,0,29.84
secondary,light_rain,1,21.94
residential,heavy_rain,0,14.84
residential,light_rain,1,14.39
secondary,clear,0,36.65
secondary,clear,0,34.8
primary,clear,0,42.3
secondary,clear,0,34.8
primary,light_rain,1,30.2
secondary,clear,1,24.76
primary,clear,1,29.77
primary,clear,0,44.16
secondary,clear,0,35.27
primary,clear,1,29.57
secondary,clear,0,35.33
primary,clear,1,29.12
primary,moderate_rain,0,43.2
secondary,clear,1,24.13
primary,light_rain,1,27.26
primary,heavy_rain,1,20.26
secondary,heavy_rain,0,23.77
primary,heavy_rain,0,29.8
residential,clear,0,24.84
primary,clear,1,30.33
primary,clear,1,29.02
secondary,clear,0,36.09
primary,heavy_rain,0,28.19
primary,light_rain,0,41.83
primary,clear,1,30.02
primary,clear,0,42.7
residential,clear,0,28.31
primary,light_rain,0,43.26
secondary,light_rain,0,34.4
residential,heavy_rain,1,12.49
secondary,heavy_rain,0,22.68
residential,clear,0,26.38
primary,clear,0,44.54
residential,clear,0,26.88
primary,clear,0,42.54
secondary,heavy_rain,0,21.56
secondary,clear,0,34.08
primary,light_rain,0,41.99
secondary,clear,1,26.09
secondary,clear,1,26.88
primary,clear,1,29.63
primary,clear,1,29.13
secondary,light_rain,0,33.83
secondary,clear,0,36.24
residential,light_rain,1,19.82
secondary,moderate_rain,0,36.76
residential,clear,0,26.71
secondary,light_rain,0,36.04
primary,clear,0,44.45
primary,light_rain,0,42.34
secondary,moderate_rain,0,32.98
secondary,flooded,0,17.47
primary,clear,1,29.75
primary,clear,0,41.02
residential,clear,1,16.62
secondary,clear,0,33.76
secondary,light_rain,0,35.88
secondary,heavy_rain,0,22.57
primary,clear,0,43.69
primary,clear,0,42.15
primary,clear,0,45.6
primary,clear,1,26.57
secondary,clear,1,24.3
secondary,clear,0,33.08
residential,light_rain,0,23.78
residential,clear,0,25.31
primary,clear,0,43.58
secondary,moderate_rain,0,34.43
secondary,clear,1,23.82
residential,light_rain,0,23.58
primary,light_rain,1,28.34
secondary,light_rain,0,34.41
secondary,clear,1,23.88
primary,clear,0,43.1
primary,moderate_rain,1,29.45
secondary,moderate_rain,1,23.11
secondary,clear,0,35.3
primary,clear,0,42.63
secondary,clear,1,22.01
primary,clear,1,29.35
secondary,clear,0,36.81
primary,clear,0,43.87
residential,clear,0,23.77
primary,moderate_rain,0,43.29
primary,clear,0,42.7
primary,moderate_rain,0,43.14
primary,light_rain,0,41.86
secondary,clear,1,24.12
primary,light_rain,1,27.81
residential,light_rain,0,23.8
primary,clear,1,26.77
primary,clear,0,43.97
primary,clear,0,43.76
primary,heavy_rain,1,20.1
primary,light_rain,0,42.82
secondary,clear,0,33.86
secondary,light_rain,0,35.81
secondary,clear,0,36.49
secondary,clear,1,22.41
secondary,light_rain,1,23.96
primary,clear,1,30.43
secondary,moderate_rain,1,22.27
residential,light_rain,1,16.1
secondary,light_rain,1,23.96
secondary,clear,0,32.73
primary,moderate_rain,1,26.72
secondary,heavy_rain,0,21.91
secondary,clear,1,20.9
secondary,clear,0,36.63
residential,clear,1,13.87
primary,moderate_rain,1,28.87
primary,light_rain,1,29.8
secondary,clear,1,23.15
residential,heavy_rain,0,15.71
primary,clear,0,43.55
primary,moderate_rain,0,42.07
primary,clear,0,44.71
primary,clear,0,39.26
secondary,clear,0,33.62
secondary,clear,0,35.84
primary,light_rain,1,28.66
primary,clear,1,30.24
primary,clear,0,43.59
primary,clear,0,43.0
secondary,clear,0,34.55
residential,light_rain,0,28.03
residential,light_rain,0,26.84
primary,clear,0,43.94
residential,clear,0,25.12
secondary,clear,0,35.81
secondary,heavy_rain,0,24.64
secondary,heavy_rain,0,24.03
primary,light_rain,1,27.46
primary,heavy_rain,1,22.14
primary,moderate_rain,0,42.44
primary,moderate_rain,0,45.09
primary,clear,0,43.48
secondary,clear,0,34.63
secondary,clear,0,37.08
secondary,clear,0,35.45
primary,light_rain,0,42.61
residential,clear,0,23.2
residential,clear,1,17.84
secondary,clear,0,34.26
residential,clear,0,24.33
secondary,clear,0,34.26
residential,heavy_rain,0,17.37
primary,light_rain,1,26.28
primary,light_rain,0,42.09
primary,clear,0,44.67
primary,clear,0,41.33
primary,clear,0,43.46
secondary,heavy_rain,0,22.45
secondary,clear,0,34.39
secondary,clear,1,26.07
primary,moderate_rain,0,39.59
residential,clear,0,26.15
secondary,clear,0,34.28
primary,clear,1,28.33
secondary,clear,1,21.92
primary,clear,1,30.25
primary,clear,1,28.83
residential,light_rain,1,16.07
primary,moderate_rain,0,42.23
secondary,clear,1,23.33
residential,heavy_rain,1,8.26
secondary,clear,0,34.26
primary,clear,0,44.54
primary,clear,1,26.86
primary,light_rain,1,26.95
secondary,clear,1,22.95
secondary,light_rain,1,22.07
primary,moderate_rain,1,28.31
residential,clear,0,23.36
secondary,light_rain,0,33.78
primary,heavy_rain,0,28.81
secondary,clear,0,35.97
secondary,clear,0,36.87
primary,light_rain,0,42.02
primary,light_rain,0,45.24
residential,clear,1,16.57
secondary,clear,0,36.24
secondary,clear,1,26.49
secondary,clear,1,23.8
primary,clear,0,41.14
primary,heavy_rain,0,29.02
secondary,moderate_rain,1,22.05
primary,clear,1,28.71
primary,light_rain,0,45.39
residential,heavy_rain,0,14.88
residential,clear,0,25.45
secondary,clear,0,33.68
residential,clear,0,24.54
primary,moderate_rain,0,43.19
residential,clear,0,25.48
primary,flooded,1,14.22
residential,clear,0,24.03
residential,clear,1,17.32
secondary,clear,1,26.15
residential,clear,1,15.5
secondary,moderate_rain,0,36.95
primary,flooded,0,23.4
secondary,clear,1,25.64
secondary,flooded,1,12.26
primary,moderate_rain,0,43.82
secondary,clear,0,33.49
residential,light_rain,1,15.54
primary,clear,0,44.35
secondary,clear,0,35.44
residential,clear,1,16.63
residential,light_rain,0,20.79
residential,clear,0,24.35
secondary,moderate_rain,1,21.21
residential,moderate_rain,0,25.09
secondary,clear,0,34.71
primary,clear,0,42.26
secondary,clear,0,38.96
secondary,clear,1,25.15
primary,clear,0,44.78
secondary,clear,0,38.3
secondary,clear,0,36.2
primary,clear,0,42.04
secondary,clear,0,33.67
secondary,clear,0,36.45
secondary,moderate_rain,0,30.99
primary,flooded,0,21.48
primary,clear,0,39.94
primary,clear,1,29.27
residential,clear,0,26.28
primary,clear,0,43.62
secondary,clear,0,36.41
primary,light_rain,1,31.53
primary,heavy_rain,0,28.66
residential,clear,1,21.06
secondary,moderate_rain,0,34.4
primary,clear,1,30.54
secondary,clear,0,34.08
primary,clear,1,31.55
secondary,clear,1,25.15
secondary,clear,0,37.21
primary,clear,0,43.28
primary,clear,0,41.32
primary,clear,0,43.89
residential,light_rain,1,14.0
residential,heavy_rain,0,16.21
primary,clear,0,43.49
secondary,clear,0,38.57
primary,clear,0,43.68
primary,heavy_rain,1,19.67
secondary,clear,1,23.5
residential,clear,0,22.99
residential,clear,1,16.98
secondary,clear,1,23.74
primary,clear,0,41.75
secondary,heavy_rain,1,13.99
primary,heavy_rain,0,28.16
secondary,clear,0,35.1
primary,clear,0,42.51
secondary,clear,1,22.01
primary,clear,0,43.63
primary,heavy_rain,0,29.69
residential,clear,0,25.18
primary,clear,0,42.36
secondary,clear,1,24.48
primary,moderate_rain,0,41.78
primary,light_rain,0,40.63
primary,clear,0,44.75
primary,clear,0,43.73
residential,clear,0,24.82
primary,flooded,0,19.24
residential,clear,0,23.88
secondary,clear,0,38.03
secondary,clear,0,32.74
secondary,moderate_rain,0,33.71
secondary,clear,1,23.57
secondary,clear,0,35.48
primary,clear,1,26.87
primary,light_rain,0,42.67
residential,light_rain,0,22.01
residential,heavy_rain,0,16.86
residential,clear,0,24.02
secondary,clear,0,33.7
secondary,flooded,1,13.05
secondary,clear,0,34.65
secondary,light_rain,0,35.07
primary,light_rain,0,43.17
secondary,clear,1,25.49
primary,clear,1,27.3
primary,moderate_rain,0,43.45
residential,moderate_rain,0,24.37
primary,clear,0,42.63
primary,clear,1,27.39
primary,clear,1,30.03
residential,clear,1,15.47
secondary,clear,0,35.78
secondary,clear,0,37.89
residential,flooded,1,9.89
residential,moderate_rain,1,18.5
primary,light_rain,1,27.51
secondary,clear,0,36.14
secondary,clear,0,33.28
secondary,flooded,0,17.15
primary,clear,1,31.73
residential,clear,0,24.09
secondary,clear,0,36.67
primary,heavy_rain,0,30.4
secondary,heavy_rain,0,25.01
primary,clear,0,41.3
primary,heavy_rain,0,29.67
secondary,clear,0,34.77
primary,clear,1,30.75
secondary,moderate_rain,1,20.49
secondary,heavy_rain,0,23.95
primary,clear,1,29.46
residential,clear,0,22.01
primary,moderate_rain,1,27.03
primary,moderate_rain,1,25.61
primary,heavy_rain,0,27.79
primary,clear,0,44.02
primary,flooded,0,21.89
secondary,flooded,1,12.05
residential,clear,0,23.44
primary,moderate_rain,0,43.75
secondary,clear,0,34.97
secondary,clear,1,23.64
residential,light_rain,1,17.95
secondary,clear,0,33.51
primary,clear,1,29.46
primary,heavy_rain,1,20.1
secondary,clear,1,22.77
residential,clear,0,25.98
primary,heavy_rain,0,29.59
primary,clear,0,43.05
residential,clear,0,24.8
residential,clear,0,25.79
residential,clear,0,26.18
secondary,light_rain,0,34.45
primary,moderate_rain,0,43.75
secondary,clear,0,35.99
secondary,moderate_rain,0,31.4
primary,clear,1,27.01
secondary,clear,1,25.36
secondary,light_rain,0,33.99
primary,light_rain,1,28.83
secondary,clear,0,36.71
secondary,clear,1,23.58
residential,clear,0,25.06
primary,clear,0,41.9
primary,clear,0,43.75
secondary,light_rain,0,35.24
primary,clear,0,42.33
secondary,moderate_rain,0,32.7
secondary,clear,0,38.94
primary,clear,1,28.98
secondary,clear,0,33.97
secondary,clear,0,36.06
primary,heavy_rain,0,28.8
residential,clear,1,15.22
residential,clear,0,25.72
secondary,moderate_rain,0,32.8
secondary,light_rain,0,36.72
secondary,clear,0,35.74
residential,clear,0,24.58
secondary,light_rain,0,34.52
secondary,flooded,0,18.85
residential,heavy_rain,0,16.99
primary,clear,0,46.38
residential,flooded,0,14.2
primary,clear,0,43.93
primary,clear,1,27.71
primary,moderate_rain,0,41.85
residential,clear,1,17.57
residential,clear,0,23.77
secondary,clear,0,36.94
secondary,clear,1,22.13
secondary,light_rain,0,33.4
residential,light_rain,0,23.7
secondary,clear,0,36.12
primary,clear,0,41.99
primary,heavy_rain,1,16.76
secondary,moderate_rain,0,35.72
secondary,clear,0,34.33
primary,flooded,1,12.96
primary,light_rain,1,27.45
residential,clear,1,19.43
primary,clear,0,42.21
secondary,clear,1,23.4
residential,light_rain,1,15.87
secondary,clear,1,21.74
primary,clear,1,28.0
secondary,clear,1,21.64
residential,heavy_rain,0,18.15
secondary,clear,0,35.15
residential,heavy_rain,1,14.99
primary,heavy_rain,0,27.82
secondary,clear,0,33.71
secondary,clear,0,37.3
residential,clear,1,18.44
primary,heavy_rain,0,29.46
residential,clear,0,23.33
secondary,clear,0,37.62
primary,clear,0,43.09
primary,clear,0,42.55
residential,heavy_rain,0,18.43
primary,light_rain,1,28.55
primary,heavy_rain,1,17.72
primary,clear,1,29.18
residential,clear,0,23.83
secondary,flooded,0,12.99
secondary,clear,0,33.68
primary,heavy_rain,0,28.09
secondary,clear,0,33.27
secondary,clear,1,24.45
residential,light_rain,0,23.38
residential,flooded,0,13.22
primary,flooded,1,12.71
secondary,clear,0,36.36
primary,clear,1,27.2
secondary,clear,1,20.08
primary,light_rain,0,44.27
primary,light_rain,0,41.13
primary,clear,1,31.75
secondary,flooded,0,18.35
primary,light_rain,0,43.59
secondary,moderate_rain,1,24.54
secondary,clear,0,35.17
primary,clear,0,43.39
secondary,flooded,0,19.42
primary,clear,1,29.28
secondary,heavy_rain,0,22.31
secondary,flooded,0,18.38
primary,light_rain,0,39.24
primary,clear,0,45.18
primary,clear,1,31.13
residential,clear,1,18.65
secondary,clear,0,36.74
secondary,clear,0,34.87
secondary,clear,0,34.84
primary,clear,0,41.36
secondary,clear,0,37.62
secondary,clear,0,34.27
primary,clear,0,43.71
primary,clear,0,43.58
primary,light_rain,1,26.57
secondary,clear,1,20.97
residential,clear,0,25.01
primary,light_rain,0,41.73
secondary,moderate_rain,1,22.84
primary,clear,1,30.71
residential,light_rain,0,24.88
primary,flooded,1,15.7
secondary,moderate_rain,1,23.64
secondary,clear,0,34.53
secondary,light_rain,0,32.86
secondary,clear,0,35.4
primary,clear,0,43.33
primary,flooded,0,22.97
primary,clear,1,28.89
primary,heavy_rain,1,19.02
secondary,clear,0,34.66
primary,flooded,0,20.22
primary,clear,0,45.37
secondary,clear,0,36.71
residential,clear,0,23.18
secondary,clear,1,24.8
primary,clear,0,40.43
primary,moderate_rain,0,43.55
residential,clear,0,23.96
primary,moderate_rain,0,42.61
primary,clear,0,40.31
secondary,clear,0,33.2
secondary,flooded,0,18.2
secondary,clear,0,33.95
primary,light_rain,0,41.15
primary,light_rain,0,44.5
residential,clear,0,28.32
primary,heavy_rain,1,20.87
secondary,light_rain,0,32.72
secondary,clear,0,37.65
secondary,heavy_rain,0,21.06
primary,clear,0,42.74
primary,clear,1,29.2
secondary,flooded,0,20.39
residential,light_rain,1,17.91
residential,moderate_rain,0,23.65
primary,light_rain,0,40.99
primary,moderate_rain,1,29.86
residential,heavy_rain,0,15.91
secondary,clear,0,35.33
residential,clear,1,14.8
primary,clear,1,29.97
secondary,light_rain,0,35.09
secondary,clear,0,33.14
secondary,clear,0,36.55
secondary,clear,0,35.83
primary,flooded,0,22.71
secondary,light_rain,1,22.59
primary,clear,0,43.47
secondary,clear,1,23.69
residential,clear,0,24.78
primary,clear,0,43.46
residential,clear,1,18.73
primary,heavy_rain,0,30.49
secondary,flooded,0,15.73
residential,clear,0,26.48
primary,clear,1,30.9
primary,clear,0,42.97
secondary,clear,0,35.76
primary,clear,0,43.94
secondary,clear,0,33.73
residential,clear,1,16.28
secondary,moderate_rain,0,35.21
primary,light_rain,0,41.67
secondary,light_rain,0,35.82
secondary,clear,1,25.55
primary,heavy_rain,1,21.18
secondary,flooded,1,14.76
secondary,clear,0,34.86
secondary,clear,0,35.27
primary,clear,0,43.68
secondary,clear,1,23.5
primary,clear,1,29.93
primary,clear,1,26.55
residential,clear,0,25.31
secondary,clear,0,32.93
primary,clear,0,41.76
primary,flooded,1,15.66
primary,clear,0,42.9
primary,light_rain,1,29.63
primary,clear,0,42.87
primary,clear,0,44.86
secondary,clear,0,34.64
secondary,clear,0,32.07
secondary,clear,0,35.34
secondary,clear,0,31.75
primary,clear,0,41.02
residential,light_rain,0,23.22
residential,clear,1,15.34
residential,light_rain,1,15.72
residential,clear,0,23.44
residential,light_rain,0,22.43
secondary,clear,0,37.31
primary,light_rain,1,27.57
secondary,flooded,0,14.15
secondary,heavy_rain,0,22.86
secondary,clear,1,21.9
secondary,heavy_rain,0,22.07
primary,clear,1,30.18
primary,flooded,0,20.93
residential,clear,0,23.27
secondary,clear,0,35.67
secondary,clear,1,25.31
primary,clear,1,29.92
primary,light_rain,0,38.73
residential,heavy_rain,0,15.04
secondary,light_rain,0,34.43
secondary,light_rain,1,22.79
secondary,moderate_rain,0,33.59
secondary,clear,1,22.12
primary,clear,0,41.09
secondary,clear,0,38.01
secondary,clear,0,35.04
secondary,clear,1,24.55
secondary,clear,1,23.6
residential,clear,0,25.07
primary,clear,0,43.11
residential,heavy_rain,0,15.03
primary,clear,0,40.93
secondary,clear,1,24.17
primary,clear,0,43.48
primary,clear,1,30.52
secondary,clear,1,24.69
primary,clear,1,27.9
secondary,clear,1,25.29
residential,clear,0,26.15
primary,clear,1,30.15
secondary,clear,0,38.37
secondary,light_rain,0,37.43
secondary,clear,1,24.62
primary,clear,0,44.05
primary,clear,1,30.74
primary,moderate_rain,1,27.48
primary,clear,1,28.26
primary,light_rain,0,43.42
secondary,moderate_rain,0,32.8
residential,clear,0,25.89
residential,clear,1,17.09
secondary,clear,0,33.72
primary,clear,0,43.24
primary,clear,0,45.16
primary,clear,0,43.32
primary,clear,0,43.33
secondary,clear,0,35.49
secondary,moderate_rain,0,34.77
primary,clear,1,28.62
primary,heavy_rain,0,29.4
residential,flooded,0,10.93
secondary,flooded,0,16.3
primary,moderate_rain,1,27.35
residential,clear,0,25.7
residential,clear,0,25.24
primary,clear,0,43.0
primary,clear,0,44.24
secondary,moderate_rain,0,34.65
residential,flooded,0,12.07
residential,clear,1,15.3
primary,clear,0,41.97
primary,clear,0,41.0
secondary,clear,0,35.21
secondary,clear,0,33.71
primary,clear,1,28.37
residential,moderate_rain,0,24.15
secondary,clear,1,25.16
residential,heavy_rain,1,12.66
residential,light_rain,0,24.46
secondary,moderate_rain,1,24.87
secondary,clear,0,31.98
secondary,heavy_rain,0,26.21
primary,light_rain,0,43.45
secondary,clear,0,35.15
primary,clear,0,41.86
secondary,heavy_rain,0,22.74
primary,clear,0,44.11
primary,clear,0,44.15
primary,clear,0,44.2
primary,light_rain,0,41.32
secondary,moderate_rain,0,32.69
secondary,clear,0,35.29
secondary,clear,0,36.15
primary,flooded,0,21.6
primary,moderate_rain,0,44.29
primary,heavy_rain,0,28.93
primary,clear,0,43.2
residential,clear,1,17.86
primary,clear,0,45.03
primary,light_rain,0,40.39
primary,clear,0,41.52
primary,clear,0,42.73
secondary,clear,0,39.74
secondary,clear,0,34.61
primary,moderate_rain,0,41.89
primary,clear,0,44.13
primary,light_rain,1,30.05
primary,heavy_rain,0,29.13
primary,clear,0,44.95
residential,light_rain,1,14.75
secondary,flooded,0,16.35
secondary,flooded,1,13.54
secondary,clear,0,35.02
secondary,clear,0,33.11
secondary,clear,0,33.02
secondary,light_rain,1,21.94
secondary,light_rain,0,34.36
primary,light_rain,1,29.29
secondary,clear,0,34.51
secondary,clear,0,35.58
residential,clear,1,16.19
secondary,clear,0,36.84
secondary,light_rain,1,26.99
primary,clear,0,42.61
secondary,clear,1,24.31
primary,clear,0,43.8
primary,clear,0,43.41
primary,clear,1,30.1
secondary,clear,0,35.72
primary,clear,0,42.49
primary,clear,0,45.17
residential,clear,0,25.3
primary,light_rain,1,28.01
secondary,clear,0,38.66
secondary,light_rain,0,34.19
primary,light_rain,0,42.79
secondary,clear,1,23.85
primary,flooded,0,21.41
secondary,clear,0,35.67
secondary,light_rain,0,33.09
secondary,flooded,0,18.39
secondary,heavy_rain,1,13.13
primary,clear,0,41.25
primary,clear,0,45.94
secondary,clear,0,33.12
secondary,light_rain,1,20.22
residential,light_rain,0,22.7
residential,clear,0,27.61
residential,clear,0,22.31
secondary,light_rain,1,21.72
primary,clear,0,41.01
secondary,heavy_rain,0,22.99
secondary,moderate_rain,0,33.43
primary,clear,0,42.48
residential,light_rain,1,19.33
residential,clear,0,23.2
secondary,clear,1,23.44
primary,flooded,0,22.11
primary,heavy_rain,0,27.41
residential,clear,0,25.73
residential,clear,1,16.25
primary,clear,0,43.76
primary,clear,1,28.95
residential,clear,0,21.92
primary,clear,0,45.16
secondary,clear,1,26.7
residential,clear,1,16.58
primary,clear,0,41.85
secondary,flooded,0,19.76
primary,light_rain,0,45.25
primary,clear,0,42.95
residential,clear,0,24.67
secondary,clear,0,34.88
residential,clear,0,22.49
secondary,clear,0,34.56
primary,moderate_rain,1,30.93
primary,light_rain,0,42.16
primary,light_rain,0,40.85
primary,clear,1,29.86
primary,heavy_rain,0,27.88
primary,heavy_rain,0,28.78
secondary,clear,0,33.1
secondary,clear,0,33.45
secondary,clear,1,24.7
secondary,clear,0,35.17
primary,light_rain,0,41.25
primary,clear,0,43.38
secondary,clear,1,22.68
secondary,clear,0,33.82
primary,clear,0,44.95
residential,heavy_rain,0,17.89
secondary,clear,0,34.97
secondary,light_rain,0,34.58
primary,clear,0,43.19
secondary,clear,0,35.73
secondary,clear,0,33.8
secondary,light_rain,0,35.65
secondary,clear,0,35.53
residential,clear,1,16.46
secondary,clear,0,34.27
primary,clear,0,44.46
secondary,flooded,0,17.27
secondary,clear,0,33.95
secondary,clear,0,34.42
primary,clear,1,30.27
primary,heavy_rain,0,26.46
residential,clear,1,16.32
secondary,light_rain,1,24.76
residential,heavy_rain,0,16.46
secondary,clear,1,24.0
secondary,clear,0,36.63
secondary,clear,0,36.34
residential,moderate_rain,0,23.68
secondary,clear,0,34.8
secondary,clear,1,24.95
primary,light_rain,1,29.99
secondary,clear,1,23.46
secondary,clear,0,34.92
primary,clear,0,43.6
primary,clear,0,45.25
primary,clear,0,44.8
primary,clear,0,44.24
primary,heavy_rain,0,27.26
secondary,clear,0,34.59
residential,heavy_rain,0,16.38
secondary,light_rain,0,36.49
primary,clear,0,42.84
primary,light_rain,1,30.46
secondary,clear,0,34.14
primary,flooded,0,20.86
residential,heavy_rain,1,11.99
secondary,clear,1,25.94
secondary,clear,1,23.27
primary,clear,0,39.36
secondary,clear,0,32.65
primary,clear,1,29.56
residential,clear,1,14.64
secondary,light_rain,0,33.06
primary,clear,0,43.22
primary,moderate_rain,0,38.39
primary,moderate_rain,0,41.5
secondary,clear,0,33.25
primary,heavy_rain,0,26.63
secondary,clear,1,22.39
primary,clear,0,41.6
secondary,light_rain,1,23.86
residential,clear,0,26.79
secondary,clear,0,34.45
secondary,heavy_rain,0,22.5
primary,flooded,1,13.94
primary,light_rain,0,40.75
secondary,moderate_rain,0,32.15
primary,clear,1,26.65
secondary,clear,0,33.01
primary,light_rain,1,31.03
primary,clear,1,28.08
primary,clear,1,24.7
residential,clear,0,24.12
primary,light_rain,0,40.02
secondary,clear,1,23.68
primary,light_rain,0,42.34
secondary,clear,0,35.08
primary,clear,1,29.06
residential,clear,0,24.44
residential,clear,1,14.67
primary,heavy_rain,1,19.35
residential,clear,1,18.38
residential,clear,0,27.72
residential,clear,0,24.64
residential,clear,0,24.81
primary,clear,0,43.95
secondary,clear,0,37.24
primary,flooded,0,20.87
primary,light_rain,0,43.45
residential,clear,0,23.77
primary,clear,1,29.61
secondary,clear,0,36.46
residential,clear,0,23.06
residential,light_rain,0,23.75
residential,heavy_rain,1,12.7
primary,clear,0,44.12
primary,moderate_rain,0,43.62
secondary,clear,0,36.27
primary,clear,0,42.69
primary,clear,1,32.42
primary,clear,1,29.32
secondary,heavy_rain,0,18.81
secondary,clear,1,23.17
primary,clear,1,28.41
secondary,flooded,1,12.99
primary,heavy_rain,0,28.2
primary,moderate_rain,0,43.72
secondary,heavy_rain,0,24.23
secondary,clear,0,33.5
secondary,moderate_rain,0,33.87
primary,light_rain,1,27.42
residential,heavy_rain,1,11.54
secondary,moderate_rain,1,21.8
secondary,clear,0,35.11
secondary,moderate_rain,0,33.67
residential,clear,0,24.77
secondary,clear,0,38.08
secondary,clear,1,23.05
residential,heavy_rain,0,13.81
secondary,clear,1,25.11
secondary,clear,0,36.51
secondary,clear,0,32.03
primary,flooded,0,20.55
primary,clear,0,43.85
secondary,moderate_rain,0,34.87
residential,heavy_rain,0,16.71
residential,clear,0,25.03
primary,clear,1,27.71
secondary,light_rain,1,19.56
primary,heavy_rain,1,22.54
residential,moderate_rain,1,14.96
residential,clear,1,17.11
secondary,heavy_rain,0,23.16
residential,clear,0,26.35
secondary,clear,0,35.17
secondary,moderate_rain,1,23.2
primary,clear,0,39.25
secondary,moderate_rain,0,32.83
secondary,clear,1,24.71
secondary,heavy_rain,0,24.38
primary,clear,1,27.69
residential,clear,1,14.48
primary,moderate_rain,0,42.26
secondary,clear,0,30.64
secondary,clear,1,21.87
secondary,flooded,0,20.14
secondary,clear,1,25.76
primary,flooded,1,15.29
primary,clear,0,43.66
secondary,clear,0,32.07
secondary,moderate_rain,0,32.97
primary,light_rain,0,41.97
secondary,clear,0,33.92
secondary,clear,1,23.06
secondary,moderate_rain,0,36.03
residential,clear,1,16.04
primary,clear,0,42.69
primary,clear,0,44.31
secondary,clear,0,32.87
secondary,clear,1,22.33
secondary,clear,0,33.89
residential,clear,0,25.08
residential,clear,1,16.33
residential,clear,0,24.53
secondary,light_rain,0,33.36
secondary,clear,0,33.39
secondary,heavy_rain,1,16.68
primary,light_rain,0,41.9
secondary,clear,0,35.93
primary,light_rain,0,40.74
residential,clear,1,15.85
secondary,moderate_rain,0,33.75
secondary,flooded,0,17.31
primary,clear,0,44.33
primary,light_rain,0,41.76
primary,clear,1,30.24
secondary,clear,0,35.56
primary,heavy_rain,1,19.3
secondary,clear,1,22.16
residential,clear,1,17.99
residential,clear,0,23.61
secondary,light_rain,1,23.13
primary,clear,0,43.12
residential,heavy_rain,1,10.95
residential,clear,0,24.42
primary,clear,1,27.88
secondary,light_rain,0,31.93
primary,clear,1,31.22
residential,light_rain,1,15.8
residential,clear,1,16.66
primary,clear,1,28.92
residential,clear,0,26.64
secondary,heavy_rain,0,26.3
residential,clear,1,17.09
secondary,moderate_rain,0,33.85
residential,clear,0,23.31
primary,clear,0,41.03
primary,clear,0,40.54
primary,heavy_rain,0,27.69
residential,light_rain,0,21.41
residential,light_rain,0,26.16
residential,clear,0,25.63
residential,clear,0,24.62
primary,clear,0,44.86
primary,heavy_rain,0,27.27
primary,clear,0,41.97
primary,clear,1,26.22
primary,clear,0,44.36
secondary,clear,1,22.37
primary,clear,1,29.14
primary,heavy_rain,0,30.38
primary,clear,0,45.26
primary,heavy_rain,0,28.84
residential,moderate_rain,0,24.92
secondary,clear,0,33.64
residential,clear,0,27.53
secondary,clear,0,34.75
primary,heavy_rain,0,29.0
secondary,clear,1,22.98
primary,clear,0,45.0
primary,clear,1,29.42
primary,clear,0,44.34
primary,clear,0,43.73
primary,clear,0,42.87
primary,moderate_rain,1,29.75
secondary,moderate_rain,0,34.6
primary,clear,0,41.76
primary,clear,1,27.63
residential,heavy_rain,0,16.94
primary,clear,0,44.56
primary,heavy_rain,1,21.92
residential,clear,1,14.18
primary,light_rain,0,42.45
primary,clear,0,43.93
secondary,clear,1,24.03
primary,heavy_rain,1,20.98
secondary,clear,0,35.98
residential,clear,1,15.37
primary,clear,0,41.68
secondary,moderate_rain,0,34.55
secondary,clear,0,36.49
primary,moderate_rain,0,42.28
secondary,clear,0,32.63
primary,clear,0,41.63
secondary,moderate_rain,0,35.12
primary,clear,0,42.68
secondary,clear,0,35.18
primary,clear,1,30.71
residential,clear,1,15.05
primary,light_rain,0,41.79
secondary,clear,1,22.81
secondary,clear,0,35.53
secondary,clear,0,36.16
secondary,clear,1,21.37
secondary,clear,0,34.99
secondary,flooded,0,18.8
residential,heavy_rain,0,13.93
primary,clear,0,43.1
secondary,clear,0,33.18
residential,heavy_rain,1,10.3
residential,clear,0,21.24
residential,clear,1,18.94
primary,moderate_rain,1,27.82
primary,clear,0,41.99
secondary,clear,0,35.49
secondary,flooded,0,15.94
secondary,light_rain,0,32.65
secondary,clear,0,37.27
residential,clear,1,19.56
primary,clear,1,28.23
residential,moderate_rain,0,25.95
secondary,clear,0,35.53
primary,clear,0,41.08
secondary,heavy_rain,0,22.01
secondary,clear,1,25.92
primary,clear,1,26.98
primary,clear,0,46.62
residential,clear,0,24.14
primary,clear,0,45.57
secondary,heavy_rain,0,22.94
secondary,heavy_rain,0,24.6
secondary,clear,0,37.09
secondary,clear,0,37.08
primary,clear,0,42.32
secondary,clear,0,33.71
primary,clear,0,43.08
secondary,heavy_rain,0,21.45
primary,clear,0,43.56
secondary,clear,0,33.77
primary,clear,0,44.82
primary,clear,1,28.26
primary,clear,0,40.59
primary,clear,0,45.3
residential,clear,1,17.13
primary,light_rain,0,42.45
residential,clear,1,18.49
residential,clear,0,26.31
secondary,clear,0,33.86
primary,heavy_rain,0,28.2
primary,clear,0,41.53
secondary,clear,0,32.8
primary,clear,0,44.07
primary,light_rain,1,29.17
secondary,clear,0,36.14
residential,clear,0,26.92
secondary,clear,0,36.16
primary,clear,1,30.41
secondary,clear,1,20.47
primary,clear,1,28.66
primary,moderate_rain,0,43.52
residential,light_rain,0,22.79
primary,clear,0,43.34
primary,clear,0,43.98
primary,clear,1,29.78
residential,clear,1,17.4
secondary,heavy_rain,0,24.3
secondary,flooded,0,17.77
secondary,clear,0,32.81
primary,clear,0,43.96
secondary,clear,0,35.43
primary,light_rain,0,40.23
primary,light_rain,1,30.65
secondary,moderate_rain,0,34.88
residential,moderate_rain,1,14.34
primary,clear,0,41.97
primary,light_rain,0,41.56
primary,light_rain,0,41.56
primary,clear,0,43.64
residential,clear,0,23.54
secondary,light_rain,0,36.05
secondary,clear,0,36.57
secondary,light_rain,1,24.09
primary,light_rain,0,42.48
secondary,light_rain,1,24.56
secondary,light_rain,0,33.95
secondary,clear,0,33.91
residential,light_rain,0,26.33
secondary,clear,1,24.07
primary,clear,0,42.17
residential,clear,0,24.37
primary,clear,0,42.1
primary,clear,0,46.23
primary,flooded,1,14.56
primary,clear,0,43.44
secondary,clear,0,36.08
secondary,clear,1,21.77
residential,clear,0,26.64
secondary,moderate_rain,0,33.17
secondary,clear,0,37.75
primary,light_rain,1,28.11
primary,light_rain,1,30.14
secondary,clear,0,31.25
secondary,heavy_rain,1,14.01
residential,clear,0,24.56
primary,clear,0,40.15
primary,heavy_rain,0,29.78
secondary,heavy_rain,0,23.87
primary,clear,0,41.71
primary,clear,1,29.09
secondary,clear,0,36.21
primary,clear,1,25.96
secondary,flooded,0,15.59
primary,clear,0,42.7
primary,clear,0,43.24
primary,heavy_rain,0,28.79
residential,clear,1,18.18
primary,clear,0,43.92
secondary,heavy_rain,1,16.81
primary,moderate_rain,1,26.27
secondary,moderate_rain,0,34.3
primary,clear,0,42.74
secondary,moderate_rain,0,36.28
secondary,clear,0,35.26
residential,clear,0,24.0
primary,flooded,0,22.88
primary,clear,0,44.04
primary,moderate_rain,1,27.12
residential,clear,0,24.48
secondary,clear,0,34.5
secondary,moderate_rain,0,35.92
primary,clear,1,29.42
primary,light_rain,0,43.5
primary,clear,0,42.46
residential,heavy_rain,1,11.77
secondary,clear,1,25.55
residential,clear,1,16.31
primary,clear,0,43.37
secondary,heavy_rain,1,13.72
secondary,light_rain,0,33.21
primary,light_rain,1,28.08
residential,clear,0,23.41
residential,clear,1,18.83
residential,clear,1,15.59
secondary,clear,0,36.18
primary,clear,1,29.4
primary,flooded,0,21.65
residential,moderate_rain,0,26.57
primary,clear,0,39.81
secondary,clear,1,23.3
secondary,moderate_rain,0,32.46
secondary,clear,0,32.06
residential,clear,0,23.21
primary,clear,1,29.14
primary,clear,1,28.03
primary,moderate_rain,0,43.41
secondary,clear,0,34.68
primary,clear,0,42.71
primary,clear,0,42.72
residential,light_rain,0,24.39
residential,clear,0,24.37
primary,clear,1,27.84
primary,heavy_rain,0,30.36
residential,flooded,0,11.56
primary,flooded,0,21.02
primary,moderate_rain,0,42.71
primary,clear,0,43.68
secondary,clear,0,33.66
primary,clear,1,30.25
residential,clear,0,25.81
secondary,flooded,0,17.77
secondary,moderate_rain,1,22.32
primary,light_rain,1,27.97
secondary,clear,1,23.29
secondary,heavy_rain,1,13.92
secondary,moderate_rain,1,22.91
secondary,clear,0,36.34
secondary,heavy_rain,1,17.08
residential,clear,0,24.43
residential,clear,0,26.6
secondary,light_rain,0,37.22
primary,light_rain,0,41.94
primary,clear,0,44.24
primary,clear,0,39.81
secondary,flooded,0,15.61
secondary,light_rain,1,23.29
secondary,light_rain,1,21.65
residential,clear,0,28.06
residential,clear,1,17.75
residential,clear,0,26.45
primary,clear,1,29.07
secondary,clear,0,33.5
primary,clear,0,42.42
primary,clear,0,43.58
primary,clear,0,42.24
primary,moderate_rain,0,43.07
secondary,clear,0,36.07
residential,clear,0,25.01
primary,clear,0,40.46
secondary,clear,0,37.57
secondary,clear,1,23.27
primary,flooded,0,25.66
secondary,moderate_rain,0,35.06
primary,clear,0,42.89
secondary,clear,1,24.26
secondary,clear,0,31.97
primary,moderate_rain,1,29.89
primary,clear,0,47.05
secondary,clear,0,31.87
residential,moderate_rain,0,23.91
primary,moderate_rain,0,41.91
secondary,moderate_rain,0,35.4
secondary,heavy_rain,0,26.56
residential,heavy_rain,0,17.29
residential,clear,1,20.06
secondary,clear,0,35.26
secondary,moderate_rain,0,34.76
residential,light_rain,0,25.03
primary,flooded,0,23.43
primary,clear,0,42.57
primary,clear,1,30.34
residential,clear,1,15.0
residential,clear,0,24.57
primary,clear,1,28.16
secondary,light_rain,0,34.49
secondary,clear,0,34.53
primary,light_rain,0,44.11
residential,light_rain,0,23.22
primary,clear,0,40.6
primary,clear,0,41.16
secondary,light_rain,0,35.85
secondary,moderate_rain,1,21.52
primary,heavy_rain,0,29.48
secondary,heavy_rain,1,15.33
secondary,flooded,0,18.74
primary,clear,0,42.85
primary,heavy_rain,1,23.61
secondary,moderate_rain,0,36.93
primary,heavy_rain,0,28.41
residential,clear,0,24.32
residential,flooded,0,17.2
residential,clear,0,23.38
primary,moderate_rain,0,41.99
residential,clear,1,16.88
secondary,clear,0,35.0
primary,clear,0,40.59
primary,clear,0,43.94
primary,clear,0,41.74
secondary,moderate_rain,0,36.24
secondary,clear,0,32.82
primary,clear,0,43.29
secondary,clear,1,20.27
primary,clear,0,39.97
secondary,clear,1,22.33
primary,clear,0,42.15
residential,clear,0,27.2
residential,light_rain,0,24.48
secondary,clear,1,25.53
primary,clear,0,42.63
primary,clear,1,30.03
residential,flooded,1,7.34
primary,clear,1,27.93
primary,clear,0,40.47
primary,clear,1,29.62
secondary,clear,1,23.98
secondary,clear,0,36.17
residential,clear,1,17.17
primary,clear,1,32.16
primary,clear,0,43.46
residential,clear,0,26.49
residential,light_rain,0,24.06
primary,flooded,0,20.24
secondary,clear,0,36.08
primary,light_rain,0,42.28
residential,flooded,0,13.75
primary,moderate_rain,0,42.6
residential,clear,1,15.66
secondary,light_rain,0,35.97
secondary,clear,1,22.28
primary,clear,0,44.14
secondary,clear,1,25.51
secondary,clear,1,23.01
primary,clear,0,44.93
secondary,clear,0,35.6
residential,light_rain,0,25.82
secondary,clear,1,22.33
secondary,clear,1,23.91
primary,clear,0,41.09
secondary,clear,0,37.57
primary,clear,0,40.18
secondary,flooded,0,16.97
residential,clear,1,15.45
secondary,clear,0,36.01
primary,heavy_rain,1,22.35
primary,clear,1,30.1
secondary,heavy_rain,1,20.21
secondary,clear,0,32.93
residential,clear,0,23.05
residential,clear,0,23.66
secondary,clear,1,23.77
primary,clear,0,41.66
primary,heavy_rain,0,27.75
primary,light_rain,1,29.51
primary,light_rain,0,40.55
secondary,moderate_rain,0,32.38
secondary,clear,0,34.4
secondary,light_rain,0,33.9
primary,clear,0,44.72
primary,moderate_rain,0,40.72
primary,clear,1,28.04
primary,light_rain,1,29.46
residential,heavy_rain,0,17.91
primary,clear,1,31.26
secondary,clear,0,35.7
primary,clear,0,43.4
residential,clear,1,17.71
secondary,light_rain,0,33.96
primary,flooded,0,21.19
secondary,clear,0,32.34
secondary,clear,0,36.34
residential,light_rain,0,24.86
primary,clear,1,30.28
residential,clear,0,20.78
residential,heavy_rain,1,11.19
residential,light_rain,0,23.26
secondary,clear,0,37.25
secondary,clear,0,35.92
secondary,light_rain,0,34.71
secondary,moderate_rain,1,22.32
secondary,moderate_rain,0,34.68
secondary,clear,0,33.61
secondary,heavy_rain,0,23.25
secondary,clear,0,34.13
residential,light_rain,0,27.94
primary,clear,0,45.4
residential,clear,0,26.59
secondary,flooded,0,15.26
residential,clear,1,18.15
secondary,clear,0,35.28
primary,moderate_rain,1,30.19
residential,light_rain,0,25.03
primary,moderate_rain,0,42.06
residential,clear,0,25.35
secondary,clear,0,32.29
secondary,heavy_rain,0,22.25
primary,clear,0,43.76
secondary,heavy_rain,0,25.11
primary,clear,1,28.29
primary,moderate_rain,1,28.29
primary,clear,1,26.72
primary,clear,0,45.39
residential,heavy_rain,0,18.38
residential,clear,0,25.98
primary,light_rain,0,43.02
secondary,moderate_rain,0,36.41
primary,light_rain,0,41.2
secondary,heavy_rain,0,22.03
residential,clear,1,18.44
residential,clear,1,18.34
secondary,clear,0,33.21
secondary,clear,0,34.2
primary,clear,1,31.65
residential,clear,0,25.62
primary,clear,0,44.38
secondary,clear,0,33.26
secondary,clear,0,35.98
secondary,moderate_rain,0,31.95
primary,clear,1,26.15
residential,clear,0,26.09
primary,heavy_rain,0,31.03
secondary,clear,0,34.62
primary,flooded,1,13.74
primary,light_rain,0,44.98
secondary,clear,0,34.71
secondary,light_rain,0,34.26
primary,moderate_rain,0,44.61
primary,clear,0,42.67
secondary,heavy_rain,0,22.42
secondary,clear,1,24.81
residential,clear,1,15.78
primary,clear,0,42.98
primary,clear,0,41.22
primary,clear,0,43.48
primary,heavy_rain,1,19.57
secondary,clear,0,36.45
secondary,clear,1,24.88
primary,clear,0,44.03
primary,heavy_rain,1,20.06
primary,flooded,1,14.45
residential,moderate_rain,1,17.32
residential,flooded,0,10.83
primary,moderate_rain,0,38.54
primary,flooded,0,23.34
residential,light_rain,0,25.55
residential,clear,0,24.81
secondary,clear,0,36.61
primary,light_rain,0,41.31
primary,clear,0,42.14
secondary,clear,0,33.73
primary,clear,0,44.05
primary,heavy_rain,0,26.5
secondary,clear,0,33.85
primary,moderate_rain,1,28.79
secondary,light_rain,0,32.55
primary,flooded,0,20.61
primary,heavy_rain,0,25.56
secondary,moderate_rain,0,34.99
primary,clear,0,42.17
residential,clear,1,15.2
secondary,clear,0,33.06
primary,moderate_rain,0,41.44
secondary,heavy_rain,0,21.03
primary,moderate_rain,0,44.98
residential,clear,1,13.27
primary,clear,0,42.52
secondary,clear,1,23.75
primary,clear,0,42.04
secondary,clear,1,23.91
residential,clear,0,23.8
residential,moderate_rain,0,26.64
primary,clear,1,27.44
primary,clear,0,39.67
residential,flooded,0,10.55
residential,clear,0,25.58
primary,clear,0,43.02
secondary,clear,0,36.13
primary,clear,0,43.95
residential,clear,0,24.05
primary,clear,0,42.47
primary,clear,0,42.62
secondary,clear,0,37.83
primary,clear,1,30.15
secondary,heavy_rain,0,26.24
secondary,clear,1,24.85
primary,heavy_rain,0,28.78
primary,clear,0,41.67
secondary,clear,0,35.3
primary,moderate_rain,0,41.98
secondary,clear,0,34.86
residential,clear,0,24.69
secondary,light_rain,0,31.28
primary,clear,1,31.01
primary,moderate_rain,1,28.28
primary,heavy_rain,0,26.76
primary,clear,0,43.92
secondary,clear,0,33.72
secondary,clear,0,35.84
primary,flooded,0,22.92
primary,moderate_rain,0,43.6
primary,heavy_rain,1,19.22
secondary,clear,0,34.38
primary,moderate_rain,0,41.13
secondary,clear,1,22.51
primary,clear,0,43.17
residential,heavy_rain,0,16.4
residential,clear,1,15.61
primary,flooded,0,19.88
primary,clear,0,43.04
secondary,moderate_rain,0,33.43
primary,clear,0,41.49
secondary,clear,1,24.84
residential,clear,0,27.66
secondary,clear,0,36.44
residential,clear,0,23.92
primary,light_rain,1,28.51
primary,clear,0,45.51
secondary,clear,0,33.24
primary,clear,1,30.29
secondary,clear,1,21.42
primary,moderate_rain,0,44.59
primary,heavy_rain,0,28.23
residential,clear,0,28.34
primary,clear,0,45.79
residential,moderate_rain,0,24.19
residential,clear,0,23.92
secondary,clear,0,35.29
secondary,clear,0,34.73
secondary,clear,1,22.99
residential,clear,0,22.51
primary,clear,0,42.43
secondary,light_rain,1,21.49
secondary,clear,0,35.83
secondary,clear,0,36.49
secondary,clear,0,36.11
primary,clear,0,43.71
secondary,clear,0,33.72
residential,heavy_rain,0,17.02
primary,clear,0,44.39
residential,light_rain,0,23.66
secondary,clear,0,35.18
residential,light_rain,0,24.32
secondary,clear,0,37.49
secondary,clear,0,36.28
primary,moderate_rain,1,29.27
residential,clear,0,22.42
primary,moderate_rain,0,42.33
residential,clear,0,24.77
residential,flooded,0,12.25
primary,moderate_rain,1,26.01
primary,flooded,1,12.93
secondary,clear,0,34.9
primary,clear,1,30.79
residential,moderate_rain,0,23.46
primary,heavy_rain,1,18.86
primary,flooded,0,24.27
residential,clear,0,24.55
secondary,moderate_rain,1,22.78
residential,clear,0,24.83
primary,clear,1,27.1
secondary,clear,0,35.86
secondary,clear,0,34.02
secondary,heavy_rain,0,23.35
secondary,clear,0,35.67
secondary,light_rain,0,37.27
secondary,clear,0,33.02
primary,clear,0,44.5
secondary,clear,1,24.89
primary,clear,0,42.24
secondary,clear,1,24.49
primary,moderate_rain,0,44.53
secondary,flooded,0,16.35
secondary,clear,0,35.36
primary,clear,1,29.72
primary,clear,0,44.0
primary,light_rain,0,43.56
secondary,clear,1,23.84
residential,clear,0,25.77
primary,clear,1,27.75
secondary,flooded,0,17.75
primary,clear,0,42.49
secondary,clear,0,33.16
residential,flooded,0,11.74
primary,light_rain,1,28.99
secondary,light_rain,1,23.81
primary,clear,0,41.3
primary,flooded,1,13.15
primary,light_rain,0,43.5
primary,heavy_rain,0,29.64
secondary,light_rain,0,35.69
secondary,light_rain,0,36.41
secondary,clear,0,35.81
primary,clear,0,42.58
primary,moderate_rain,0,42.24
secondary,clear,1,26.08
residential,clear,1,21.0
primary,clear,0,43.89
residential,moderate_rain,0,25.15
secondary,clear,0,36.09
secondary,moderate_rain,1,23.01
secondary,light_rain,0,36.11
primary,clear,0,44.71
primary,clear,1,29.65
secondary,clear,0,34.52
primary,clear,0,40.92
residential,clear,0,26.1
secondary,clear,0,35.32
primary,flooded,1,13.45
secondary,clear,0,33.31
primary,light_rain,0,43.4
secondary,clear,0,32.6
secondary,light_rain,0,34.81
residential,clear,0,26.27
secondary,light_rain,0,35.18
secondary,light_rain,0,33.77
secondary,light_rain,0,32.49
residential,clear,0,25.88
primary,light_rain,0,44.21
primary,clear,1,28.26
primary,clear,0,43.96
primary,clear,1,31.49
secondary,clear,0,35.51
secondary,clear,1,22.99
secondary,light_rain,0,35.92
primary,clear,0,42.09
secondary,clear,0,33.05
primary,clear,0,44.42
secondary,light_rain,1,22.55
secondary,clear,0,34.53
primary,clear,0,42.26
primary,light_rain,1,27.87
primary,clear,0,45.3
residential,clear,0,27.49
residential,clear,0,27.69
secondary,light_rain,0,35.99
primary,light_rain,1,29.28
secondary,clear,0,32.85
secondary,clear,0,34.72
secondary,clear,0,38.24
primary,light_rain,0,41.76
primary,heavy_rain,0,31.15
secondary,clear,0,35.08
primary,clear,0,39.18
primary,moderate_rain,1,29.31
primary,moderate_rain,0,43.97
secondary,heavy_rain,0,23.32
residential,light_rain,0,26.39
residential,heavy_rain,1,8.76
secondary,clear,0,32.92
secondary,clear,1,23.9
primary,clear,1,29.83
secondary,light_rain,1,25.19
primary,clear,0,44.16
secondary,clear,0,33.21
primary,clear,0,43.52
primary,clear,1,30.02
primary,heavy_rain,1,16.65
primary,clear,1,29.05
primary,clear,0,42.7
primary,moderate_rain,0,41.09
residential,clear,0,25.75
secondary,light_rain,0,32.63
secondary,moderate_rain,0,34.71
residential,heavy_rain,0,17.55
residential,heavy_rain,1,12.89
secondary,clear,0,33.31
residential,clear,1,14.59
primary,clear,1,29.54
primary,clear,0,42.77
secondary,clear,0,39.35
secondary,clear,0,35.69
secondary,heavy_rain,0,23.48
primary,clear,0,42.94
primary,clear,0,41.37
secondary,clear,1,24.44
primary,clear,0,43.08
secondary,flooded,0,17.38
secondary,clear,1,23.73
secondary,light_rain,0,34.69
secondary,clear,0,32.39
residential,clear,1,18.11
secondary,clear,0,33.73
secondary,moderate_rain,0,33.88
secondary,clear,1,25.52
primary,clear,0,45.87
primary,clear,0,40.65
primary,moderate_rain,0,42.11
secondary,light_rain,0,34.77
secondary,clear,1,21.33
residential,clear,1,18.05
primary,heavy_rain,0,29.05
primary,moderate_rain,1,28.65
residential,moderate_rain,1,15.03
primary,moderate_rain,0,42.69
secondary,light_rain,0,35.62
secondary,clear,0,35.19
secondary,heavy_rain,0,22.63
primary,heavy_rain,0,28.23
primary,clear,0,43.53
primary,clear,0,43.27
secondary,flooded,1,13.15
secondary,clear,1,22.87
primary,heavy_rain,0,27.05
secondary,clear,1,24.13
residential,clear,0,24.28
primary,clear,0,44.38
secondary,clear,0,35.01
secondary,clear,1,24.57
primary,clear,1,27.6
primary,light_rain,1,28.8
secondary,flooded,1,10.75
residential,clear,0,23.17
residential,clear,1,15.56
secondary,clear,0,34.18
secondary,clear,0,36.87
primary,clear,0,42.34
secondary,clear,0,33.09
secondary,clear,0,35.2
primary,clear,0,43.24
secondary,clear,0,34.26
secondary,light_rain,0,34.12
primary,clear,0,44.66
residential,heavy_rain,0,17.72
primary,heavy_rain,0,29.76
primary,flooded,1,12.78
primary,heavy_rain,1,23.79
secondary,clear,0,36.58
secondary,clear,1,24.37
primary,clear,0,41.45
secondary,moderate_rain,0,35.5
primary,heavy_rain,0,28.13
secondary,heavy_rain,0,23.11
secondary,clear,0,32.48
secondary,moderate_rain,0,32.22
residential,clear,0,25.66
primary,clear,0,44.71
primary,moderate_rain,1,29.38
secondary,clear,0,35.98
residential,flooded,1,8.33
primary,clear,0,42.59
primary,heavy_rain,1,19.9
primary,clear,0,44.43
secondary,moderate_rain,1,22.98
primary,moderate_rain,1,30.17
secondary,heavy_rain,0,23.07
residential,clear,0,23.53
secondary,heavy_rain,0,23.38
primary,clear,1,29.28
secondary,clear,0,34.88
primary,clear,0,45.12
residential,moderate_rain,0,25.55
secondary,clear,0,32.85
primary,moderate_rain,0,44.37
secondary,light_rain,1,19.05
secondary,clear,0,38.23
secondary,heavy_rain,1,15.34
primary,clear,0,42.92
residential,heavy_rain,0,16.62
residential,clear,0,25.58
secondary,clear,1,23.59
residential,clear,0,24.8
primary,clear,0,45.16
secondary,clear,0,35.85
secondary,clear,0,33.56
secondary,clear,1,24.7
secondary,clear,0,35.79
primary,clear,0,42.38
primary,moderate_rain,0,43.26
primary,clear,0,42.96
primary,heavy_rain,0,28.55
secondary,light_rain,0,33.99
primary,light_rain,0,38.77
primary,light_rain,0,41.62
secondary,clear,0,36.07
secondary,light_rain,0,34.33
residential,clear,0,23.07
secondary,heavy_rain,0,24.84
primary,moderate_rain,0,41.62
residential,clear,0,23.17
secondary,moderate_rain,1,26.28
primary,clear,0,41.62
secondary,clear,0,36.32
residential,clear,0,23.85
primary,moderate_rain,0,42.27
primary,moderate_rain,1,27.0
primary,moderate_rain,0,40.21
primary,clear,0,43.98
secondary,clear,0,35.61
secondary,light_rain,1,24.88
primary,clear,1,29.07
residential,light_rain,0,27.87
secondary,clear,1,23.99
secondary,clear,0,35.85
residential,clear,0,22.96
primary,light_rain,0,41.49
secondary,clear,0,35.78
secondary,clear,0,34.87
residential,clear,1,17.13
secondary,clear,0,33.78
primary,clear,0,43.38
residential,clear,0,25.18
primary,light_rain,0,40.64
residential,clear,0,25.96
residential,moderate_rain,0,21.79
primary,light_rain,0,42.69
secondary,clear,0,37.65
primary,clear,0,44.22
secondary,heavy_rain,0,24.41
secondary,clear,0,33.65
secondary,clear,0,37.65
residential,clear,0,27.07
secondary,light_rain,0,33.09
secondary,clear,0,34.29
residential,flooded,1,10.31
residential,heavy_rain,1,13.96
primary,clear,1,27.22
residential,clear,0,23.49
primary,clear,0,42.98
residential,clear,0,21.74
primary,clear,0,43.23
primary,clear,0,44.98
secondary,clear,1,21.43
secondary,clear,0,35.19
primary,clear,0,42.33
primary,flooded,0,24.06
secondary,clear,0,34.15
residential,flooded,0,14.78
primary,clear,0,42.3
primary,clear,0,44.36
secondary,clear,1,23.97
primary,clear,0,42.99
residential,clear,1,15.66
residential,heavy_rain,0,17.2
secondary,flooded,0,16.84
primary,clear,0,42.17
secondary,clear,1,25.8
secondary,clear,0,35.82
residential,clear,0,25.97
secondary,clear,0,34.41
secondary,clear,0,34.72
secondary,clear,0,34.63
secondary,clear,1,24.1
residential,clear,0,25.96
secondary,clear,0,34.95
secondary,clear,1,22.4
primary,flooded,1,15.7
secondary,clear,0,35.05
secondary,heavy_rain,0,21.24
primary,moderate_rain,0,38.87
primary,flooded,1,15.01
secondary,moderate_rain,1,21.73
secondary,light_rain,1,23.8
secondary,heavy_rain,0,22.23
primary,clear,0,43.4
secondary,clear,0,34.43
primary,flooded,0,24.23
secondary,moderate_rain,1,24.4
primary,flooded,0,23.62
primary,moderate_rain,0,42.1
primary,heavy_rain,1,20.7
primary,light_rain,0,42.55
primary,moderate_rain,0,44.27
primary,clear,1,29.01
secondary,heavy_rain,1,13.67
secondary,moderate_rain,1,19.97
primary,moderate_rain,0,44.57
residential,light_rain,0,25.26
primary,clear,0,44.02
secondary,clear,0,37.23
primary,heavy_rain,0,26.4
primary,clear,1,28.58
secondary,clear,0,34.65
secondary,clear,0,36.11
residential,moderate_rain,1,15.37
secondary,moderate_rain,1,21.17
residential,moderate_rain,0,22.53
primary,light_rain,1,30.31
primary,clear,1,28.0
primary,clear,1,28.29
primary,clear,1,30.07
secondary,moderate_rain,1,21.92
secondary,clear,0,32.44
primary,light_rain,0,40.04
residential,clear,0,24.91
residential,clear,0,25.75
primary,heavy_rain,0,28.58
primary,clear,0,43.85
primary,moderate_rain,0,39.65
primary,clear,1,26.8
primary,clear,1,32.5
secondary,clear,0,36.85
primary,clear,0,44.35
primary,moderate_rain,1,27.36
residential,clear,1,16.49
secondary,clear,1,23.59
residential,clear,1,18.82
primary,light_rain,1,29.19
primary,moderate_rain,0,42.86
secondary,clear,0,34.75
primary,clear,1,30.31
primary,moderate_rain,0,42.52
secondary,light_rain,1,23.22
secondary,clear,0,33.89
secondary,light_rain,1,22.99
secondary,light_rain,0,32.74
secondary,light_rain,0,34.3
primary,light_rain,0,42.54
primary,flooded,1,10.95
primary,clear,0,42.85
primary,flooded,1,12.79
residential,clear,1,17.6
secondary,light_rain,1,24.11
secondary,clear,1,22.95
primary,clear,0,44.02
primary,moderate_rain,0,42.95
primary,light_rain,0,42.06
primary,clear,1,31.42
primary,clear,1,28.03
secondary,clear,0,37.21
secondary,flooded,0,17.16
secondary,heavy_rain,0,22.13
secondary,clear,0,34.47
residential,heavy_rain,0,15.06
primary,heavy_rain,0,30.06
primary,clear,0,40.8
primary,light_rain,0,44.49
secondary,clear,0,33.6
residential,light_rain,0,25.8
primary,clear,0,43.24
residential,clear,0,25.41
residential,clear,0,24.11
primary,clear,0,43.73
primary,moderate_rain,0,42.27
secondary,clear,0,32.81
residential,clear,1,15.41
primary,heavy_rain,0,28.07
secondary,clear,0,33.87
primary,clear,0,45.08
secondary,flooded,0,17.51
secondary,heavy_rain,1,14.6
secondary,clear,0,34.26
residential,clear,0,24.24
residential,flooded,0,12.07
residential,clear,0,23.39
primary,clear,0,41.98
secondary,clear,0,36.15
primary,clear,0,43.48
secondary,light_rain,0,34.13
secondary,moderate_rain,0,34.09
secondary,flooded,1,11.73
secondary,moderate_rain,0,33.77
residential,clear,0,25.78
primary,clear,0,43.86
secondary,flooded,0,15.14
primary,clear,1,28.92
primary,clear,0,40.94
primary,heavy_rain,0,29.83
residential,clear,0,26.15
residential,clear,0,24.08
residential,heavy_rain,0,16.54
residential,flooded,1,5.26
primary,clear,1,30.58
primary,heavy_rain,0,29.94
secondary,clear,1,25.32
secondary,clear,0,37.23
secondary,heavy_rain,1,13.93
primary,flooded,1,15.89
secondary,clear,0,37.22
secondary,clear,0,32.76
primary,clear,1,28.86
secondary,clear,0,34.45
secondary,clear,0,36.28
secondary,clear,0,31.41
primary,clear,1,31.84
secondary,clear,1,23.42
primary,clear,0,44.57
primary,moderate_rain,1,28.26
secondary,clear,0,35.74
secondary,clear,1,20.11
primary,heavy_rain,0,28.3
secondary,light_rain,0,35.63
secondary,clear,0,35.43
secondary,clear,0,32.54
secondary,light_rain,0,34.45
secondary,clear,1,22.36
secondary,moderate_rain,0,32.72
primary,clear,1,26.84
primary,clear,0,44.13
secondary,clear,0,36.67
secondary,light_rain,0,37.54
secondary,heavy_rain,1,13.56
primary,clear,0,44.35
primary,clear,1,30.37
secondary,clear,1,22.72
primary,clear,0,41.82
secondary,heavy_rain,0,21.77
primary,clear,1,28.33
secondary,heavy_rain,1,16.07
residential,light_rain,0,26.58
primary,heavy_rain,0,30.54
secondary,moderate_rain,0,31.66
primary,clear,0,42.02
secondary,clear,0,36.95
secondary,clear,0,33.9
secondary,clear,0,34.91
secondary,clear,0,32.44
residential,clear,1,18.58
primary,flooded,1,11.69
primary,clear,1,26.65
residential,moderate_rain,1,17.98
secondary,heavy_rain,0,26.28
residential,heavy_rain,1,10.83
secondary,clear,1,23.52
residential,clear,1,18.21
secondary,clear,0,35.43
secondary,clear,0,34.44
residential,clear,0,24.27
secondary,moderate_rain,0,31.73
primary,clear,1,29.47
primary,clear,0,43.06
primary,flooded,1,13.9
primary,clear,0,41.7
primary,clear,0,41.85
secondary,moderate_rain,0,35.01
secondary,clear,0,36.32
secondary,light_rain,0,33.87
secondary,clear,0,34.35
primary,heavy_rain,0,27.6
primary,clear,1,30.52
primary,clear,0,43.25
secondary,clear,1,24.14
primary,clear,0,43.74
primary,clear,0,42.74
secondary,clear,0,33.25
residential,clear,1,15.36
primary,clear,0,44.89
secondary,clear,0,33.91
secondary,clear,1,22.97
secondary,light_rain,0,32.66
residential,clear,0,23.18
primary,clear,1,27.96
primary,moderate_rain,0,44.6
residential,heavy_rain,0,17.7
secondary,clear,0,34.21
secondary,clear,0,36.62
secondary,clear,0,34.77
secondary,clear,0,37.03
residential,light_rain,1,19.86
residential,clear,0,26.54
secondary,light_rain,0,34.5
primary,clear,1,30.17
residential,clear,0,25.02
primary,moderate_rain,1,25.6
primary,clear,1,28.13
residential,clear,0,23.57
primary,flooded,0,20.58
primary,heavy_rain,1,22.16
primary,moderate_rain,1,30.04
residential,clear,0,25.66
secondary,clear,0,36.22
secondary,heavy_rain,0,20.56
primary,clear,0,44.29
secondary,heavy_rain,0,24.81
secondary,clear,0,31.64
primary,clear,1,30.26
secondary,flooded,0,15.36
primary,clear,1,26.16
residential,clear,0,26.99
secondary,clear,0,33.49
residential,clear,0,23.93
primary,clear,0,44.68
secondary,clear,0,34.54
secondary,clear,1,23.32
secondary,moderate_rain,0,33.78
residential,clear,1,17.37
primary,flooded,0,21.26
primary,clear,0,43.37
secondary,clear,0,34.24
secondary,clear,1,24.12
secondary,light_rain,0,34.83
primary,flooded,0,24.45
secondary,moderate_rain,1,22.4
primary,clear,1,28.84
secondary,clear,0,35.36
secondary,moderate_rain,1,24.42
secondary,heavy_rain,0,21.76
primary,flooded,1,14.71
secondary,clear,0,31.24
primary,flooded,0,21.19
primary,clear,0,44.81
secondary,clear,0,33.91
residential,clear,0,25.27
primary,clear,1,28.32
secondary,moderate_rain,1,21.68
residential,heavy_rain,0,18.17
residential,moderate_rain,0,22.78
primary,light_rain,0,42.85
residential,clear,0,25.46
primary,light_rain,1,27.31
primary,clear,0,43.43
primary,moderate_rain,0,40.67
secondary,light_rain,0,35.14
primary,light_rain,0,40.44
primary,clear,0,42.69
primary,heavy_rain,0,28.5
residential,clear,0,26.67
residential,clear,0,25.21
primary,moderate_rain,0,43.5
residential,clear,0,25.83
residential,heavy_rain,0,17.53
secondary,clear,1,23.09
primary,clear,0,44.73
secondary,heavy_rain,1,15.24
residential,clear,0,22.41
secondary,clear,0,34.68
primary,clear,0,43.88
secondary,clear,0,32.59
secondary,light_rain,1,21.83
secondary,clear,0,33.15
primary,heavy_rain,0,30.06
primary,moderate_rain,1,30.86
residential,clear,0,24.69
residential,light_rain,0,25.34
primary,light_rain,0,43.17
residential,clear,0,27.33
primary,clear,0,42.22
secondary,clear,0,34.67
secondary,light_rain,1,22.65
residential,light_rain,1,16.65
residential,clear,0,28.76
primary,moderate_rain,0,42.11
residential,moderate_rain,0,23.06
primary,light_rain,0,40.68
secondary,moderate_rain,0,35.96
secondary,clear,1,22.3
secondary,heavy_rain,1,16.77
primary,light_rain,0,41.39
residential,moderate_rain,0,22.44
primary,clear,0,44.11
primary,clear,0,42.25
secondary,clear,0,35.64
secondary,clear,0,35.75
residential,light_rain,0,25.36
primary,clear,0,42.8
primary,moderate_rain,0,43.1
residential,light_rain,1,15.16
secondary,light_rain,0,30.68
primary,clear,0,44.26
secondary,flooded,0,17.75
secondary,moderate_rain,0,33.17
secondary,moderate_rain,1,20.77
secondary,clear,0,31.95
residential,clear,1,16.93
residential,clear,0,27.47
secondary,clear,0,34.79
primary,clear,0,42.66
residential,clear,0,24.96
secondary,light_rain,0,37.63
secondary,clear,1,24.72
primary,clear,0,41.8
residential,heavy_rain,0,16.75
secondary,clear,0,35.5
primary,moderate_rain,0,40.48
secondary,clear,0,36.14
residential,clear,0,23.77
primary,clear,0,40.93
residential,moderate_rain,0,24.46
secondary,clear,1,23.47
secondary,heavy_rain,1,15.77
primary,clear,0,42.05
primary,clear,1,28.18
residential,light_rain,1,18.23
primary,clear,0,43.86
secondary,moderate_rain,0,32.65
primary,clear,0,40.27
primary,clear,0,41.83
primary,moderate_rain,1,28.59
secondary,flooded,1,10.85
residential,clear,1,15.79
primary,moderate_rain,0,41.18
primary,clear,0,43.09
primary,moderate_rain,0,43.25
secondary,light_rain,0,34.36
secondary,clear,0,35.09
residential,clear,0,24.66
secondary,clear,0,34.25
secondary,clear,0,36.34
primary,clear,1,30.23
residential,light_rain,0,27.61
primary,flooded,1,15.47
primary,clear,1,28.37
secondary,clear,1,22.23
secondary,clear,1,25.02
secondary,heavy_rain,0,22.18
secondary,clear,0,36.21
secondary,clear,1,22.45
primary,clear,1,29.64
residential,clear,0,23.41
secondary,clear,1,24.76
secondary,clear,0,33.15
secondary,clear,0,35.41
primary,clear,0,42.9
secondary,clear,0,35.15
secondary,clear,0,34.41
primary,clear,0,42.57
secondary,heavy_rain,0,23.63
residential,heavy_rain,1,9.76
secondary,clear,0,33.49
residential,clear,0,24.46
primary,light_rain,0,41.81
primary,clear,0,41.69
primary,clear,0,44.59
secondary,clear,0,34.5
primary,heavy_rain,1,19.12
primary,heavy_rain,0,26.89
residential,clear,0,28.11
residential,clear,1,20.49
secondary,heavy_rain,1,14.6
primary,heavy_rain,0,30.72
primary,flooded,0,21.46
primary,clear,0,45.61
secondary,clear,0,35.5
residential,light_rain,0,24.69
secondary,clear,1,19.84
primary,clear,0,41.88
secondary,clear,0,35.03
primary,heavy_rain,0,29.18
primary,heavy_rain,1,17.64
secondary,clear,0,33.91
secondary,heavy_rain,0,24.23
primary,clear,0,41.13
primary,moderate_rain,0,42.27
residential,clear,1,18.71
primary,clear,0,43.78
primary,clear,0,43.7
primary,clear,0,40.17
primary,clear,1,27.88
primary,clear,0,46.28
residential,flooded,1,7.53
primary,clear,0,45.1
secondary,clear,0,34.08
secondary,clear,0,34.58
secondary,clear,0,35.77
residential,clear,1,17.0
residential,moderate_rain,1,16.98
primary,clear,0,41.97
secondary,light_rain,0,32.66
secondary,light_rain,0,33.03
residential,clear,1,16.05
secondary,clear,0,34.66
residential,heavy_rain,0,18.27
secondary,clear,0,35.13
primary,clear,0,43.93
secondary,heavy_rain,1,15.98
residential,clear,1,15.18
residential,clear,0,25.03
primary,flooded,0,21.8
secondary,clear,0,36.14
primary,clear,1,27.51
primary,heavy_rain,0,25.82
secondary,heavy_rain,0,23.66
primary,clear,0,43.73
residential,clear,0,24.73
primary,moderate_rain,0,42.11
residential,light_rain,0,25.86
primary,clear,1,28.43
primary,clear,0,42.78
primary,clear,0,43.32
primary,heavy_rain,0,27.05
primary,heavy_rain,0,28.65
primary,flooded,0,21.5
secondary,heavy_rain,0,25.85
primary,clear,0,42.75
secondary,clear,0,35.3
primary,moderate_rain,0,43.45
residential,light_rain,0,23.29
residential,clear,1,18.91
secondary,clear,0,37.65
primary,heavy_rain,0,28.84
primary,clear,0,42.39
residential,clear,0,27.44
primary,light_rain,1,29.78
primary,light_rain,0,42.53
primary,clear,1,31.26
primary,moderate_rain,0,44.05
primary,clear,1,28.61
secondary,clear,1,23.96
primary,clear,0,44.07
secondary,light_rain,1,23.2
primary,flooded,0,19.51
primary,moderate_rain,1,26.95
residential,heavy_rain,1,9.23
primary,clear,1,29.86
residential,clear,0,23.22
secondary,clear,1,23.88
primary,clear,0,45.95
residential,moderate_rain,0,26.49
primary,light_rain,0,39.65
residential,flooded,1,6.51
primary,clear,0,42.04
residential,clear,0,23.25
primary,clear,0,40.72
secondary,clear,0,34.98
secondary,clear,1,24.65
residential,clear,1,18.28
residential,clear,0,24.29
residential,clear,0,24.59
residential,clear,0,25.53
primary,clear,0,43.04
primary,clear,0,44.42
primary,clear,0,43.85
primary,clear,0,42.64
primary,clear,0,40.42
secondary,clear,0,37.25
primary,clear,0,42.17
secondary,clear,0,35.54
primary,light_rain,0,39.53
primary,light_rain,1,28.57
secondary,moderate_rain,0,34.23
secondary,clear,0,35.22
secondary,clear,0,39.52
secondary,moderate_rain,1,22.03
primary,clear,1,30.35
secondary,light_rain,1,23.94
primary,clear,0,42.18
primary,clear,0,44.41
secondary,moderate_rain,1,22.73
primary,clear,0,44.51
primary,clear,1,32.06
residential,clear,0,25.23
residential,clear,0,24.58
primary,clear,1,30.69
primary,clear,0,45.29
primary,moderate_rain,0,40.74
primary,moderate_rain,0,41.39
residential,clear,1,17.86
primary,flooded,0,21.4
secondary,clear,0,33.57
primary,clear,0,44.01
residential,moderate_rain,1,17.42
primary,light_rain,1,28.08
secondary,light_rain,0,34.45
primary,clear,0,42.34
secondary,clear,0,33.36
primary,heavy_rain,0,28.13
primary,clear,1,29.23
residential,light_rain,0,22.33
residential,clear,0,24.36
residential,moderate_rain,0,24.48
secondary,clear,0,36.79
residential,clear,0,24.53
primary,clear,0,41.33
primary,light_rain,1,28.27
primary,light_rain,0,41.56
secondary,clear,0,35.83
primary,light_rain,0,41.9
primary,clear,1,25.05
secondary,clear,0,40.54
residential,clear,1,17.06
primary,clear,1,29.25
primary,clear,1,26.8
primary,clear,0,41.0
primary,light_rain,0,42.27
primary,moderate_rain,0,42.57
secondary,light_rain,0,35.41
secondary,clear,1,23.95
secondary,heavy_rain,0,21.62
primary,light_rain,0,38.65
residential,clear,0,24.85
primary,moderate_rain,1,27.55
secondary,clear,0,33.11
residential,clear,0,26.24
primary,clear,0,40.84
primary,clear,1,30.04
residential,heavy_rain,0,14.6
primary,clear,0,43.4
secondary,clear,0,36.4
primary,heavy_rain,1,18.96
secondary,heavy_rain,0,25.93
primary,light_rain,1,31.46
primary,clear,0,43.56
secondary,clear,0,35.81
primary,moderate_rain,0,43.66
primary,clear,0,44.02
primary,clear,0,43.86
primary,clear,0,42.41
primary,clear,0,40.67
primary,clear,0,41.11
residential,clear,0,28.57
primary,clear,1,29.6
secondary,clear,1,23.22
primary,clear,0,45.09
primary,clear,0,42.08
residential,light_rain,1,17.42
primary,moderate_rain,1,28.47
residential,clear,1,17.54
primary,clear,0,42.7
secondary,clear,0,33.55
secondary,clear,0,33.77
residential,clear,0,23.82
secondary,clear,0,35.0
secondary,light_rain,0,32.03
primary,light_rain,0,40.54
primary,clear,0,43.4
residential,clear,0,24.81
primary,moderate_rain,0,42.35
primary,clear,1,29.05
secondary,light_rain,1,26.94
primary,clear,0,43.39
residential,light_rain,1,15.97
secondary,heavy_rain,0,23.55
secondary,heavy_rain,0,24.93
residential,clear,1,16.78
primary,clear,0,44.23
primary,clear,0,43.79
secondary,heavy_rain,0,22.96
primary,clear,0,43.37
secondary,clear,0,37.4
residential,clear,0,25.36
secondary,clear,0,33.52
primary,clear,1,28.64
residential,clear,0,21.83
secondary,clear,0,35.21
secondary,clear,0,36.97
primary,heavy_rain,1,17.45
residential,moderate_rain,1,16.63
secondary,moderate_rain,1,24.45
secondary,clear,0,36.64
residential,moderate_rain,0,26.26
primary,clear,0,40.4
secondary,clear,0,35.76
residential,clear,0,22.74
primary,clear,1,27.62
secondary,clear,0,36.23
residential,flooded,1,8.66
secondary,clear,0,36.09
secondary,clear,1,22.2
residential,clear,0,27.21
residential,clear,1,17.88
primary,clear,0,44.53
primary,clear,1,27.5
secondary,moderate_rain,0,35.84
secondary,clear,0,34.53
secondary,clear,0,34.08
secondary,light_rain,0,35.3
primary,heavy_rain,0,29.75
secondary,moderate_rain,1,21.7
primary,light_rain,0,45.49
secondary,clear,1,26.31
secondary,clear,0,35.91
primary,moderate_rain,0,42.71
primary,heavy_rain,0,29.37
secondary,clear,1,21.27
secondary,clear,0,35.17
primary,moderate_rain,0,42.22
residential,clear,0,24.14
secondary,clear,0,34.54
residential,clear,0,21.43
secondary,light_rain,0,32.71
secondary,flooded,0,18.88
residential,clear,0,27.6
secondary,clear,1,22.17
secondary,clear,0,35.27
primary,clear,1,30.76
secondary,clear,0,34.22
primary,clear,0,44.21
primary,clear,0,43.15
primary,light_rain,0,44.2
primary,light_rain,0,40.49
residential,clear,0,23.34
primary,clear,0,43.62
secondary,flooded,0,17.64
residential,clear,0,24.92
secondary,moderate_rain,0,34.95
primary,clear,1,27.72
secondary,moderate_rain,1,20.92
secondary,moderate_rain,0,33.33
secondary,light_rain,1,22.58
secondary,heavy_rain,1,15.34
residential,heavy_rain,0,18.62
secondary,clear,0,36.16
primary,clear,1,29.92
secondary,clear,0,35.33
primary,moderate_rain,0,41.42
residential,light_rain,0,23.26
primary,clear,1,27.32
primary,clear,1,28.08
residential,light_rain,0,24.48
secondary,clear,1,21.86
primary,clear,0,43.45
secondary,light_rain,0,34.07
residential,clear,0,24.4
primary,clear,1,30.86
residential,clear,0,21.31
primary,clear,0,42.62
secondary,clear,0,31.47
residential,clear,0,25.36
primary,clear,0,44.34
secondary,clear,0,32.97
primary,clear,1,27.28
secondary,clear,0,32.45
secondary,flooded,0,17.6
secondary,clear,0,34.49
primary,heavy_rain,0,28.46
primary,moderate_rain,0,41.52
primary,clear,1,27.66
primary,light_rain,0,44.11
secondary,clear,1,24.0
residential,light_rain,1,14.76
secondary,clear,0,33.95
secondary,moderate_rain,0,32.77
residential,clear,0,27.11
secondary,moderate_rain,0,35.15
residential,clear,0,24.81
secondary,heavy_rain,0,25.96
primary,clear,0,45.38
primary,light_rain,1,28.24
secondary,clear,0,34.38
primary,clear,0,42.66
primary,light_rain,0,40.98
secondary,heavy_rain,0,26.0
secondary,clear,0,33.49
secondary,heavy_rain,1,17.07
primary,light_rain,1,29.62
primary,moderate_rain,0,41.61
secondary,clear,0,37.72
residential,clear,0,22.66
secondary,heavy_rain,0,23.28
residential,clear,1,16.12
secondary,clear,1,25.03
secondary,clear,0,35.53
primary,clear,0,40.61
secondary,light_rain,0,36.22
secondary,light_rain,0,35.09
secondary,clear,0,33.45
secondary,clear,0,34.48
secondary,clear,0,33.05
primary,clear,0,42.94
secondary,clear,0,35.23
primary,heavy_rain,0,28.38
residential,moderate_rain,0,23.67
primary,clear,0,40.78
primary,heavy_rain,0,29.39
secondary,clear,1,20.7
secondary,light_rain,0,34.41
secondary,clear,1,20.89
primary,light_rain,0,42.49
secondary,clear,0,34.99
primary,clear,0,43.81
residential,clear,0,26.29
residential,clear,0,26.57
secondary,clear,1,21.17
primary,clear,0,43.11
secondary,clear,0,38.02
primary,light_rain,0,42.59
secondary,clear,0,33.75
primary,light_rain,1,28.46
residential,clear,1,16.27
primary,heavy_rain,0,27.11
secondary,heavy_rain,0,24.7
secondary,clear,0,35.88
secondary,light_rain,1,21.16
primary,clear,0,43.06
residential,heavy_rain,1,10.41
secondary,clear,0,32.6
secondary,clear,1,21.47
primary,clear,0,41.3
secondary,clear,0,34.91
secondary,clear,0,34.31
primary,light_rain,1,27.15
primary,clear,1,28.53
residential,clear,1,17.97
primary,clear,1,29.65
primary,clear,0,44.7
secondary,clear,1,23.25
secondary,moderate_rain,1,25.38
primary,clear,0,43.72
secondary,clear,0,34.27
primary,clear,0,43.34
primary,clear,0,41.33
primary,light_rain,1,28.12
residential,clear,0,25.64
primary,clear,0,44.12
primary,clear,0,42.58
secondary,clear,0,39.1
residential,clear,0,24.74
primary,clear,1,26.6
secondary,light_rain,0,36.18
primary,clear,1,30.03
secondary,clear,0,35.35
secondary,clear,1,22.89
secondary,clear,0,35.59
primary,clear,0,45.63
primary,heavy_rain,0,29.18
primary,heavy_rain,1,17.26
primary,clear,0,38.02
primary,clear,0,43.78
secondary,clear,1,22.11
residential,clear,0,24.85
residential,moderate_rain,0,23.13
residential,light_rain,0,23.22
secondary,heavy_rain,0,22.25
secondary,clear,0,33.99
primary,clear,0,44.36
secondary,moderate_rain,1,23.83
secondary,light_rain,0,32.55
secondary,heavy_rain,0,21.79
secondary,clear,0,35.57
primary,clear,0,44.78
primary,clear,0,44.76
residential,clear,1,15.35
primary,clear,1,30.6
secondary,light_rain,1,20.49
residential,clear,0,24.7
secondary,clear,1,24.32
secondary,light_rain,1,20.04
primary,clear,0,46.34
primary,heavy_rain,0,30.87
residential,clear,0,25.97
secondary,clear,0,33.55
secondary,flooded,1,11.69
primary,heavy_rain,0,30.06
primary,clear,0,41.52
residential,moderate_rain,0,24.07
primary,clear,0,44.57
secondary,clear,0,32.76
primary,clear,1,29.62
secondary,clear,0,32.37
residential,moderate_rain,1,14.99
secondary,light_rain,0,33.6
primary,flooded,0,22.37
secondary,light_rain,0,33.31
secondary,clear,1,23.78
secondary,light_rain,0,33.33
residential,flooded,0,11.7
secondary,light_rain,0,36.24
residential,moderate_rain,1,14.68
secondary,heavy_rain,0,24.54
primary,clear,0,43.2
primary,light_rain,0,41.55
primary,heavy_rain,0,27.05
residential,flooded,1,6.71
secondary,clear,1,22.48
secondary,clear,0,34.77
primary,light_rain,1,29.49
primary,clear,1,28.67
secondary,light_rain,0,34.01
secondary,clear,1,23.46
primary,clear,0,43.92
secondary,clear,0,35.97
primary,clear,0,41.12
primary,clear,0,42.78
secondary,clear,0,36.84
primary,clear,1,27.14
residential,clear,1,16.96
primary,clear,1,28.86
primary,clear,0,42.35
primary,clear,1,31.5
secondary,moderate_rain,0,34.14
secondary,clear,0,37.27
secondary,clear,0,35.01
primary,light_rain,0,43.1
primary,clear,0,42.33
secondary,flooded,0,16.65
residential,light_rain,1,17.16
residential,clear,1,17.49
primary,clear,1,30.01
secondary,clear,0,35.57
residential,clear,1,14.85
primary,clear,1,27.91
residential,clear,0,26.27
primary,moderate_rain,1,25.42
residential,clear,0,25.44
secondary,clear,0,34.83
residential,light_rain,0,25.82
secondary,clear,0,35.62
primary,clear,1,28.12
residential,clear,0,23.94
primary,clear,0,42.42
primary,flooded,1,15.43
secondary,clear,1,20.14
secondary,clear,0,35.24
residential,clear,0,23.68
primary,clear,0,43.49
secondary,clear,0,35.52
secondary,moderate_rain,0,31.59
primary,heavy_rain,0,28.54
primary,clear,1,29.35
primary,clear,1,29.25
primary,light_rain,0,42.23
residential,clear,0,23.17
secondary,clear,0,33.4
secondary,clear,0,32.93
residential,clear,0,25.83
primary,clear,0,43.03
residential,moderate_rain,0,24.27
secondary,moderate_rain,0,31.52
residential,clear,0,24.95
primary,clear,0,44.15
residential,heavy_rain,0,13.95
primary,clear,0,42.4
primary,heavy_rain,0,26.52
secondary,clear,0,34.37
primary,clear,0,41.85
secondary,clear,0,35.57
secondary,heavy_rain,0,23.65
secondary,clear,1,25.53
primary,clear,0,43.12
primary,clear,0,43.71
primary,heavy_rain,1,18.63
secondary,heavy_rain,1,14.12
primary,flooded,0,22.85
primary,flooded,1,16.42
primary,clear,0,44.26
primary,clear,1,29.31
secondary,clear,0,33.54
residential,clear,1,18.56
primary,moderate_rain,1,29.22
secondary,heavy_rain,0,26.43
secondary,clear,1,21.86
secondary,light_rain,0,35.65
secondary,heavy_rain,0,24.22
secondary,clear,0,34.49
secondary,clear,1,25.64
primary,clear,0,43.8
secondary,clear,0,33.59
secondary,clear,0,34.82
primary,clear,0,41.78
primary,clear,0,42.5
residential,flooded,1,9.48
secondary,clear,1,25.07
secondary,clear,0,35.33
residential,flooded,0,11.37
secondary,clear,0,35.57
secondary,clear,0,36.09
secondary,moderate_rain,0,31.12
residential,clear,0,25.17
secondary,moderate_rain,0,33.8
secondary,clear,0,36.43
primary,clear,1,29.7
residential,clear,1,17.58
secondary,clear,0,34.28
primary,moderate_rain,0,42.07
residential,light_rain,0,25.96
secondary,heavy_rain,1,15.67
primary,moderate_rain,0,42.33
secondary,clear,1,21.29
secondary,moderate_rain,0,33.98
residential,light_rain,0,21.52
primary,light_rain,0,41.64
residential,moderate_rain,0,24.44
secondary,clear,0,36.15
primary,clear,0,41.7
residential,light_rain,1,17.1
secondary,clear,0,37.2
primary,clear,0,42.24
secondary,light_rain,0,32.04
residential,clear,0,25.43
primary,clear,0,41.41
primary,clear,0,41.97
primary,light_rain,0,43.79
primary,clear,0,46.02
secondary,moderate_rain,0,32.58
secondary,clear,0,33.89
primary,clear,1,28.46
primary,clear,0,42.38
primary,light_rain,1,31.48
residential,clear,0,24.2
primary,flooded,0,21.02
residential,heavy_rain,0,19.14
secondary,moderate_rain,0,34.95
primary,heavy_rain,0,30.36
residential,clear,0,23.64
secondary,clear,0,34.2
secondary,light_rain,0,32.8
residential,light_rain,1,17.74
primary,heavy_rain,1,21.3
primary,light_rain,0,41.51
secondary,flooded,0,16.95
primary,clear,0,42.72
primary,moderate_rain,0,39.75
primary,light_rain,1,27.57
primary,light_rain,0,43.57
secondary,clear,0,33.69
primary,moderate_rain,0,42.21
secondary,heavy_rain,1,13.81
secondary,clear,0,34.78
secondary,light_rain,0,33.51
primary,clear,0,41.37
secondary,flooded,0,18.69
primary,clear,0,44.47
secondary,clear,1,22.14
residential,clear,0,24.68
secondary,light_rain,1,23.22
secondary,clear,0,32.28
secondary,light_rain,0,32.26
primary,heavy_rain,1,21.39
residential,heavy_rain,0,15.11
residential,clear,1,18.74
primary,flooded,1,12.54
secondary,light_rain,0,35.35
residential,clear,1,16.38
residential,clear,1,16.59
secondary,clear,0,37.78
secondary,moderate_rain,0,32.2
primary,clear,0,44.09
residential,clear,0,25.83
primary,moderate_rain,0,47.1
secondary,clear,0,33.38
primary,moderate_rain,0,41.13
primary,light_rain,0,43.63
secondary,clear,0,34.7
residential,heavy_rain,0,16.02
primary,clear,0,44.64
secondary,clear,1,23.19
primary,light_rain,0,41.07
primary,clear,0,44.29
secondary,flooded,0,18.06
secondary,clear,0,34.53
primary,clear,0,42.66
primary,heavy_rain,1,18.09
primary,clear,0,44.29
primary,light_rain,1,28.04
residential,clear,0,23.85
residential,moderate_rain,0,22.42
primary,clear,1,29.71
secondary,clear,1,22.83
residential,clear,0,21.98
primary,clear,1,27.31
residential,light_rain,0,24.19
residential,clear,1,16.54
primary,clear,0,42.83
primary,clear,1,28.54
residential,light_rain,0,22.33
secondary,moderate_rain,0,32.77
primary,clear,0,44.98
primary,clear,0,44.75
secondary,clear,0,35.87
secondary,light_rain,0,35.09
secondary,clear,0,36.36
residential,clear,1,15.17
primary,light_rain,0,42.46
secondary,heavy_rain,1,14.09
secondary,clear,0,33.35
secondary,moderate_rain,0,34.64
primary,clear,0,44.62
residential,heavy_rain,0,16.42
residential,clear,0,27.47
secondary,clear,0,35.32
secondary,heavy_rain,0,22.23
primary,clear,0,41.57
secondary,clear,0,36.53
secondary,clear,1,23.78
secondary,moderate_rain,1,23.99
residential,clear,1,12.86
secondary,heavy_rain,1,16.14
primary,clear,0,42.43
secondary,clear,0,32.91
primary,clear,1,29.02
primary,clear,0,44.84
primary,light_rain,1,31.98
secondary,light_rain,0,34.72
secondary,clear,0,33.94
secondary,clear,0,33.85
secondary,light_rain,1,24.6
secondary,moderate_rain,1,21.48
primary,light_rain,1,29.52
residential,moderate_rain,0,24.79
primary,clear,0,43.47
primary,heavy_rain,0,26.53
secondary,clear,1,23.05
primary,clear,0,41.01
primary,moderate_rain,0,41.19
secondary,heavy_rain,0,24.77
secondary,light_rain,0,36.21
secondary,clear,0,35.32
residential,clear,0,24.14
secondary,clear,0,37.38
residential,heavy_rain,1,10.39
primary,clear,0,41.5
secondary,moderate_rain,0,35.13
residential,clear,0,25.69
secondary,moderate_rain,1,22.16
secondary,heavy_rain,0,23.55
primary,clear,0,43.86
primary,clear,0,43.51
secondary,moderate_rain,0,34.77
primary,clear,1,28.36
residential,light_rain,1,17.33
primary,light_rain,0,42.44
residential,clear,0,24.29
residential,moderate_rain,0,23.98
primary,clear,0,43.05
primary,heavy_rain,1,17.3
residential,clear,0,24.05
residential,light_rain,0,24.64
secondary,clear,1,21.56
primary,clear,0,42.27
secondary,clear,0,38.58
secondary,light_rain,0,32.67
primary,clear,0,42.62
secondary,heavy_rain,1,14.52
primary,clear,0,43.02
primary,light_rain,0,41.19
primary,moderate_rain,0,41.7
primary,clear,0,42.12
primary,clear,1,30.7
secondary,clear,0,35.12
primary,clear,1,27.61
primary,clear,1,30.38
primary,light_rain,1,27.15
residential,clear,1,14.5
secondary,light_rain,0,34.35
secondary,heavy_rain,1,18.63
secondary,clear,0,32.26
residential,light_rain,0,22.55
primary,clear,0,44.33
secondary,heavy_rain,0,22.43
secondary,clear,0,35.92
secondary,light_rain,0,33.1
primary,flooded,0,21.81
secondary,clear,0,37.62
primary,light_rain,0,40.62
secondary,clear,1,25.13
secondary,clear,0,36.02
primary,moderate_rain,0,39.83
residential,clear,0,25.84
primary,light_rain,0,42.52
residential,clear,0,25.14
secondary,heavy_rain,0,23.9
primary,clear,0,42.67
primary,clear,0,43.31
residential,clear,0,25.36
primary,clear,1,30.24
primary,clear,0,40.91
primary,clear,1,31.05
secondary,clear,1,21.86
secondary,clear,0,36.14
primary,clear,1,29.24
primary,clear,1,27.2
primary,clear,0,43.99
primary,flooded,0,20.18
secondary,clear,0,36.6
secondary,clear,0,33.93
primary,clear,0,40.96
primary,heavy_rain,1,21.77
primary,clear,1,29.39
residential,light_rain,0,25.84
residential,clear,1,15.57
residential,clear,1,14.01
primary,moderate_rain,0,44.58
primary,clear,0,43.19
primary,clear,0,43.94
primary,moderate_rain,1,29.34
secondary,light_rain,1,22.66
secondary,heavy_rain,0,23.74
residential,light_rain,0,26.93
residential,light_rain,1,16.49
primary,moderate_rain,1,29.77
secondary,clear,0,32.01
primary,moderate_rain,0,43.75
primary,light_rain,1,26.3
secondary,clear,0,36.51
primary,clear,0,43.79
secondary,clear,1,23.45
primary,light_rain,0,42.26
secondary,clear,1,23.21
secondary,flooded,0,16.27
primary,clear,0,42.89
residential,light_rain,0,27.85
primary,clear,0,45.15
secondary,light_rain,0,33.05
secondary,light_rain,0,34.76
secondary,light_rain,0,34.5
residential,moderate_rain,1,16.2
primary,heavy_rain,0,27.38
secondary,clear,0,35.67
secondary,clear,0,36.27
residential,light_rain,0,23.29
primary,clear,0,46.13
secondary,clear,0,37.28
secondary,clear,1,24.41
primary,clear,0,41.35
secondary,clear,0,35.6
primary,moderate_rain,0,42.49
secondary,clear,0,35.77
residential,clear,0,27.39
secondary,clear,1,23.33
secondary,heavy_rain,0,26.47
secondary,flooded,0,18.11
primary,light_rain,0,41.97
primary,clear,1,32.72
secondary,heavy_rain,0,24.64
primary,light_rain,0,41.73
primary,moderate_rain,0,42.19
secondary,moderate_rain,1,23.92
primary,clear,0,42.97
primary,clear,0,43.4
secondary,clear,1,22.36
primary,clear,0,40.67
residential,moderate_rain,0,24.5
residential,heavy_rain,0,16.92
secondary,light_rain,1,23.95
primary,clear,0,42.34
secondary,clear,0,32.99
residential,clear,1,15.4
secondary,clear,0,36.58
primary,clear,0,42.2
secondary,light_rain,1,22.5
residential,clear,0,24.53
secondary,flooded,0,16.57
secondary,clear,0,33.96
secondary,moderate_rain,0,32.78
secondary,clear,1,25.69
primary,clear,0,44.22
secondary,moderate_rain,0,35.95
primary,light_rain,1,30.76
secondary,clear,0,31.48
primary,clear,0,43.72
secondary,clear,0,34.12
primary,light_rain,0,44.08
secondary,heavy_rain,0,22.29
secondary,clear,0,33.42
primary,clear,0,41.05
primary,heavy_rain,0,28.43
primary,clear,0,44.57
residential,light_rain,0,24.93
secondary,clear,0,33.2
secondary,clear,0,38.23
primary,clear,0,44.17
secondary,clear,0,36.17
residential,clear,0,26.93
residential,light_rain,0,22.08
secondary,light_rain,0,32.99
primary,light_rain,0,43.64
primary,light_rain,0,41.19
primary,clear,1,28.7
primary,clear,1,29.0
primary,moderate_rain,0,40.15
primary,clear,0,42.66
primary,clear,0,44.57
residential,clear,1,17.94
secondary,clear,1,25.26
residential,clear,0,26.51
secondary,moderate_rain,1,23.58
primary,heavy_rain,0,29.37
secondary,heavy_rain,0,23.78
primary,heavy_rain,1,18.52
secondary,heavy_rain,0,21.85
primary,clear,1,28.08
residential,clear,0,24.51
primary,moderate_rain,0,41.08
primary,clear,0,43.82
residential,clear,0,25.3
primary,clear,0,43.66
secondary,clear,0,35.53
secondary,clear,0,36.79
residential,clear,0,24.99
residential,clear,1,18.36
residential,heavy_rain,0,17.49
primary,clear,0,44.89
residential,heavy_rain,0,19.13
secondary,clear,0,35.86
secondary,clear,0,35.16
primary,clear,0,43.35
secondary,clear,0,34.29
residential,light_rain,0,23.79
residential,moderate_rain,0,25.7
secondary,moderate_rain,1,21.53
primary,heavy_rain,0,31.3
primary,clear,1,28.89
residential,clear,0,29.29
secondary,clear,0,33.96
secondary,clear,0,35.38
primary,clear,1,28.59
secondary,clear,0,33.81
secondary,clear,0,36.6
residential,clear,0,23.34
secondary,clear,0,33.99
primary,light_rain,1,29.46
secondary,light_rain,1,24.28
primary,light_rain,1,26.5
residential,light_rain,0,25.42
primary,clear,1,29.31
secondary,clear,0,33.62
primary,clear,0,42.02
secondary,moderate_rain,1,19.92
secondary,light_rain,0,36.94
secondary,clear,0,36.52
primary,clear,0,41.27
primary,flooded,0,22.8
primary,clear,0,42.34
secondary,moderate_rain,0,35.46
primary,clear,1,28.37
secondary,clear,1,23.04
residential,moderate_rain,1,15.98
residential,light_rain,0,23.56
secondary,light_rain,1,25.26
secondary,clear,1,24.94
primary,clear,0,43.36
secondary,light_rain,0,35.9
residential,clear,0,22.56
primary,clear,0,41.36
secondary,heavy_rain,0,24.11
residential,clear,0,26.1
residential,clear,0,25.42
primary,light_rain,0,39.59
secondary,flooded,0,15.91
primary,clear,1,29.74
primary,clear,1,32.76
residential,moderate_rain,0,26.17
residential,moderate_rain,0,26.71
secondary,light_rain,0,34.87
primary,clear,0,43.7
residential,clear,0,23.45
secondary,light_rain,1,24.59
primary,heavy_rain,0,28.77
secondary,heavy_rain,1,16.81
primary,clear,1,29.16
secondary,clear,0,35.42
secondary,clear,0,34.87
primary,flooded,0,21.94
primary,light_rain,0,43.91
primary,clear,0,41.3
primary,clear,1,26.88
secondary,clear,1,24.23
residential,clear,1,19.01
primary,moderate_rain,0,44.61
primary,moderate_rain,0,40.23
secondary,clear,0,34.4
residential,clear,0,22.78
primary,heavy_rain,0,28.05
primary,clear,0,44.88
secondary,clear,0,34.98
primary,heavy_rain,1,18.9
primary,moderate_rain,1,29.17
secondary,moderate_rain,0,32.89
secondary,clear,1,25.98
secondary,clear,0,35.01
secondary,clear,0,34.4
secondary,clear,1,24.47
primary,moderate_rain,0,43.48
primary,clear,1,31.51
primary,light_rain,0,42.09
primary,clear,1,30.75
secondary,clear,1,23.74
residential,flooded,0,11.58
residential,clear,0,23.83
secondary,clear,0,33.35
primary,clear,0,42.09
primary,clear,0,44.87
residential,clear,1,17.91
secondary,clear,0,33.14
secondary,light_rain,1,20.54
secondary,moderate_rain,1,21.3
secondary,clear,0,33.83
residential,clear,0,24.55
primary,light_rain,0,44.17
secondary,clear,0,34.18
residential,light_rain,0,27.06
primary,light_rain,0,39.89
secondary,clear,0,34.48
primary,moderate_rain,0,43.25
residential,heavy_rain,1,12.54
primary,moderate_rain,1,27.85
secondary,clear,0,36.5
primary,clear,0,44.42
secondary,heavy_rain,1,14.75
primary,clear,1,29.59
primary,moderate_rain,0,43.12
secondary,clear,0,34.08
residential,clear,0,27.54
primary,moderate_rain,0,40.82
primary,moderate_rain,0,42.28
secondary,moderate_rain,0,32.21
secondary,heavy_rain,0,23.55
residential,clear,0,23.4
primary,clear,0,42.76
secondary,heavy_rain,0,21.02
primary,clear,1,30.32
primary,light_rain,0,42.94
secondary,clear,1,25.22
secondary,clear,0,34.48
secondary,clear,0,36.7
primary,clear,0,43.26
secondary,heavy_rain,0,23.57
secondary,light_rain,0,37.53
residential,light_rain,0,23.82
primary,clear,1,30.96
primary,clear,1,29.84
primary,clear,0,42.34
secondary,clear,1,21.62
primary,clear,0,41.65
residential,clear,0,26.7
primary,clear,0,45.8
residential,clear,0,25.14
primary,clear,0,43.42
secondary,clear,0,36.16
residential,clear,0,25.11
primary,clear,0,44.85
residential,heavy_rain,0,17.15
secondary,clear,0,35.2
residential,heavy_rain,0,15.66
secondary,clear,0,33.58
primary,heavy_rain,1,14.73
primary,clear,0,45.05
primary,moderate_rain,0,41.85
primary,clear,0,42.6
primary,light_rain,1,25.66
primary,clear,0,42.24
secondary,clear,0,33.84
secondary,moderate_rain,0,32.89
primary,clear,1,29.62
primary,heavy_rain,0,29.06
secondary,clear,0,32.96
primary,clear,0,41.25
primary,light_rain,0,40.46
primary,clear,0,45.92
residential,clear,1,19.09
residential,moderate_rain,0,23.07
primary,moderate_rain,0,39.1
secondary,heavy_rain,0,23.59
secondary,clear,0,35.07
secondary,clear,0,35.48
secondary,clear,0,36.11
secondary,clear,0,35.68
primary,moderate_rain,0,40.39
primary,clear,0,43.64
secondary,clear,1,24.87
residential,clear,0,23.91
secondary,light_rain,1,23.61
residential,heavy_rain,0,15.88
residential,light_rain,0,27.54
primary,clear,0,41.21
secondary,moderate_rain,0,35.82
secondary,light_rain,0,31.85
residential,clear,1,19.54
residential,clear,1,15.14
secondary,clear,0,35.28
primary,clear,1,26.67
secondary,moderate_rain,0,32.06
primary,clear,1,30.46
secondary,clear,0,36.54
residential,heavy_rain,1,11.62
primary,moderate_rain,0,43.18
secondary,light_rain,1,24.73
secondary,clear,0,33.97
secondary,clear,0,32.9
primary,clear,0,43.18
secondary,clear,1,22.72
residential,clear,0,25.58
residential,clear,0,25.82
primary,clear,0,42.18
residential,clear,1,17.91
secondary,clear,0,35.98
primary,light_rain,0,43.49
primary,light_rain,1,27.97
primary,clear,0,44.37
residential,clear,0,25.78
secondary,clear,0,35.96
secondary,clear,1,26.11
primary,clear,0,43.69
secondary,heavy_rain,0,22.49
primary,flooded,1,12.89
primary,light_rain,0,44.1
secondary,heavy_rain,1,16.31
primary,light_rain,0,44.91
residential,clear,0,21.96
primary,flooded,0,22.97
secondary,clear,0,34.61
secondary,light_rain,0,33.83
secondary,clear,0,33.85
primary,clear,1,30.47
primary,light_rain,0,43.33
residential,clear,1,15.14
primary,clear,0,43.45
residential,clear,0,26.06
residential,clear,1,17.12
primary,flooded,0,23.26
primary,moderate_rain,1,27.92
secondary,clear,0,31.62
residential,clear,0,25.28
residential,moderate_rain,0,24.62
secondary,clear,0,35.47
secondary,clear,0,36.66
primary,clear,1,26.19
residential,heavy_rain,0,16.35
residential,clear,0,23.62
primary,clear,1,27.3
primary,clear,1,29.01
primary,clear,0,44.25
primary,clear,0,43.65
residential,clear,0,23.97
primary,clear,0,42.98
primary,clear,0,44.59
primary,clear,1,30.14
residential,moderate_rain,0,23.52
secondary,heavy_rain,0,22.47
secondary,clear,1,21.02
primary,clear,0,42.56
residential,clear,1,14.25
residential,light_rain,0,27.64
primary,light_rain,0,41.13
primary,clear,1,30.78
primary,light_rain,0,45.14
primary,light_rain,1,28.91
secondary,heavy_rain,0,23.25
residential,clear,1,14.87
secondary,clear,0,34.24
residential,clear,0,27.41
secondary,heavy_rain,0,23.92
secondary,moderate_rain,0,34.13
secondary,clear,0,36.97
primary,clear,0,44.24
primary,clear,0,42.98
secondary,clear,0,35.32
primary,clear,1,27.96
primary,clear,0,42.36
secondary,clear,0,34.69
residential,light_rain,0,25.38
secondary,clear,0,33.13
residential,clear,1,16.96
secondary,clear,0,34.42
secondary,moderate_rain,0,32.73
secondary,clear,0,34.42
residential,heavy_rain,1,7.78
secondary,clear,0,33.86
secondary,heavy_rain,1,14.12
secondary,heavy_rain,0,22.98
secondary,clear,1,20.17
primary,heavy_rain,0,29.17
primary,clear,1,30.48
primary,clear,0,43.02
residential,clear,0,25.75
primary,clear,1,28.35
primary,light_rain,0,40.08
secondary,moderate_rain,0,34.09
primary,clear,1,30.14
secondary,clear,0,33.01
primary,clear,0,42.5
residential,light_rain,0,24.17
residential,clear,0,29.28
residential,heavy_rain,1,11.6
secondary,clear,0,32.14
secondary,clear,0,31.77
primary,heavy_rain,0,29.97
primary,clear,0,46.93
primary,clear,1,28.7
secondary,clear,1,23.08
secondary,clear,0,35.65
secondary,flooded,0,16.3
primary,clear,1,25.3
secondary,clear,0,36.56
secondary,clear,0,34.08
secondary,clear,0,36.58
secondary,moderate_rain,0,32.94
primary,heavy_rain,1,19.65
residential,heavy_rain,0,17.99
secondary,clear,1,25.2
primary,clear,0,43.55
primary,clear,0,43.47
secondary,light_rain,1,24.09
residential,clear,1,17.55
secondary,clear,1,21.65
primary,heavy_rain,0,26.97
residential,clear,1,13.69
secondary,clear,0,36.15
secondary,clear,0,34.41
secondary,clear,0,36.23
primary,clear,0,43.81
secondary,clear,1,22.09
primary,clear,0,43.02
residential,clear,0,24.32
secondary,moderate_rain,0,33.17
secondary,clear,0,36.37
secondary,light_rain,0,38.13
residential,clear,0,26.67
residential,clear,0,24.96
secondary,heavy_rain,0,25.29
secondary,clear,1,26.16
secondary,clear,0,32.91
secondary,heavy_rain,0,25.23
primary,clear,1,30.27
secondary,clear,0,36.78
primary,clear,1,30.34
residential,light_rain,0,24.2
primary,heavy_rain,1,22.51
residential,clear,0,25.51
secondary,clear,0,34.35
secondary,clear,0,35.76
secondary,clear,0,36.46
primary,clear,1,29.26
primary,clear,0,43.79
primary,clear,0,43.33
secondary,clear,0,34.01
secondary,heavy_rain,1,14.54
secondary,clear,1,21.49
primary,clear,0,45.48
primary,clear,0,42.86
secondary,heavy_rain,0,18.26
residential,moderate_rain,0,24.94
secondary,moderate_rain,0,34.65
secondary,clear,0,32.2
secondary,moderate_rain,1,21.72
primary,clear,1,27.8
residential,clear,0,23.89
secondary,clear,0,36.82
primary,moderate_rain,1,28.13
secondary,moderate_rain,0,33.44
primary,heavy_rain,0,30.56
residential,heavy_rain,1,12.01
primary,clear,0,40.59
secondary,clear,0,34.08
primary,clear,0,43.68
secondary,heavy_rain,0,22.0
secondary,clear,0,38.04
secondary,heavy_rain,0,23.57
secondary,clear,0,33.87
residential,clear,1,15.17
primary,clear,0,44.59
primary,clear,0,42.23
primary,heavy_rain,0,29.45
residential,clear,0,23.27
primary,clear,1,29.22
secondary,clear,0,34.05
secondary,clear,0,34.53
primary,clear,0,42.01
primary,clear,0,44.74
primary,heavy_rain,0,28.14
secondary,clear,0,34.78
primary,clear,0,43.06
primary,clear,1,31.54
residential,clear,1,18.19
residential,clear,1,18.04
primary,clear,1,26.75
primary,clear,1,28.13
primary,light_rain,1,30.37
secondary,clear,0,33.24
residential,moderate_rain,0,24.47
primary,heavy_rain,1,17.87
primary,clear,0,41.75
secondary,clear,0,37.52
secondary,clear,0,36.08
primary,clear,0,44.67
secondary,moderate_rain,0,35.26
primary,moderate_rain,0,41.86
primary,clear,0,42.16
secondary,clear,1,22.99
residential,clear,1,16.56
secondary,clear,1,26.25
residential,moderate_rain,1,14.4
secondary,clear,0,34.17
secondary,clear,0,33.63
secondary,light_rain,0,35.94
residential,clear,1,19.63
residential,clear,0,25.46
primary,clear,1,29.7
residential,clear,0,25.14
residential,light_rain,1,17.2
secondary,heavy_rain,0,24.56
primary,clear,1,29.76
residential,heavy_rain,0,17.46
residential,clear,0,26.16
primary,light_rain,0,39.74
residential,heavy_rain,1,11.27
primary,clear,0,43.66
primary,moderate_rain,1,28.98
secondary,clear,1,23.33
secondary,clear,1,23.83
secondary,light_rain,0,33.28
primary,heavy_rain,0,26.22
residential,heavy_rain,0,18.19
primary,light_rain,1,26.88
primary,clear,1,28.88
primary,clear,1,27.99
secondary,flooded,0,19.88
residential,clear,0,24.88
secondary,light_rain,1,22.69
residential,clear,0,26.12
primary,light_rain,1,31.82
secondary,clear,0,35.61
secondary,flooded,0,16.93
secondary,clear,1,24.63
primary,heavy_rain,0,26.52
secondary,clear,0,35.07
secondary,clear,1,26.58
secondary,light_rain,0,34.6
secondary,light_rain,1,23.32
primary,heavy_rain,1,19.5
secondary,clear,0,34.41
primary,clear,0,43.67
residential,clear,0,26.16
secondary,clear,0,34.5
primary,flooded,0,17.86
residential,clear,1,17.55
secondary,clear,0,38.2
primary,clear,0,42.64
secondary,clear,0,32.79
primary,clear,0,44.22
residential,clear,0,27.62
residential,clear,1,17.64
residential,clear,0,27.59
secondary,flooded,0,18.69
secondary,clear,0,36.06
secondary,clear,0,34.22
primary,flooded,0,22.03
secondary,moderate_rain,1,22.93
secondary,flooded,0,17.4
primary,flooded,0,21.22
secondary,clear,0,35.34
residential,light_rain,0,22.6
residential,clear,0,26.22
primary,clear,0,41.88
primary,moderate_rain,0,41.69
primary,clear,0,43.7
residential,light_rain,0,23.15
primary,light_rain,0,39.46
secondary,clear,0,34.43
primary,heavy_rain,1,17.32
secondary,clear,0,36.07
primary,clear,1,27.39
secondary,heavy_rain,0,25.63
primary,clear,0,43.19
secondary,moderate_rain,0,34.17
primary,clear,1,26.15
secondary,clear,0,35.22
residential,moderate_rain,0,24.22
primary,clear,0,41.25
residential,clear,0,25.13
secondary,clear,0,34.4
primary,heavy_rain,0,28.55
secondary,clear,0,35.04
primary,heavy_rain,0,28.17
secondary,clear,0,35.37
secondary,light_rain,0,34.23
primary,heavy_rain,0,29.59
secondary,clear,0,34.21
residential,clear,0,23.4
residential,moderate_rain,0,23.28
secondary,moderate_rain,0,36.25
residential,clear,0,26.43
secondary,light_rain,0,36.18
primary,moderate_rain,0,43.99
residential,moderate_rain,0,23.65
secondary,moderate_rain,0,34.53
secondary,clear,0,35.11
secondary,flooded,0,18.49
residential,clear,1,16.42
residential,clear,0,25.14
secondary,clear,0,35.11
primary,clear,0,44.0
secondary,clear,0,35.98
secondary,clear,1,23.73
primary,clear,1,29.3
secondary,light_rain,1,23.5
secondary,clear,1,26.06
primary,clear,0,40.61
primary,clear,0,41.75
primary,clear,1,30.13
residential,clear,0,25.4
primary,clear,1,29.51
primary,flooded,0,22.6
secondary,heavy_rain,0,23.72
primary,heavy_rain,1,18.63
primary,clear,0,44.14
primary,clear,1,29.15
secondary,clear,0,34.33
secondary,moderate_rain,0,35.12
primary,clear,1,30.09
secondary,clear,0,35.32
residential,clear,0,27.58
primary,clear,0,45.19
primary,flooded,1,16.06
primary,moderate_rain,1,32.2
secondary,moderate_rain,0,33.86
secondary,clear,0,34.3
primary,heavy_rain,1,20.76
secondary,light_rain,1,22.78
primary,heavy_rain,0,28.9
secondary,clear,0,33.52
secondary,clear,1,24.5
primary,light_rain,0,40.2
secondary,clear,1,23.45
primary,heavy_rain,0,28.86
secondary,flooded,0,16.85
primary,clear,0,40.56
residential,clear,1,14.2
primary,clear,0,42.08
residential,heavy_rain,0,17.52
primary,light_rain,0,42.84
secondary,clear,1,23.57
primary,clear,0,41.87
residential,clear,0,25.51
primary,moderate_rain,0,39.37
primary,clear,0,39.61
secondary,clear,0,34.64
primary,moderate_rain,0,41.25
primary,clear,0,44.72
residential,clear,1,17.09
residential,clear,1,19.33
primary,clear,1,28.29
residential,clear,0,25.73
secondary,flooded,1,11.42
primary,moderate_rain,0,44.14
secondary,heavy_rain,0,23.09
secondary,heavy_rain,0,24.68
residential,clear,0,23.38
primary,clear,0,42.58
secondary,clear,0,34.87
primary,moderate_rain,0,43.96
primary,light_rain,0,39.11
primary,clear,0,42.7
residential,clear,0,24.45
residential,clear,0,21.88
secondary,clear,0,34.3
secondary,heavy_rain,0,21.09
primary,clear,0,39.7
primary,heavy_rain,0,28.49
primary,clear,1,28.67
primary,light_rain,0,42.04
secondary,heavy_rain,0,23.78
secondary,heavy_rain,1,14.45
primary,clear,0,45.89
primary,clear,0,43.15
primary,clear,0,45.13
secondary,clear,0,32.48
residential,light_rain,0,23.29
secondary,heavy_rain,1,16.8
residential,clear,0,24.66
secondary,clear,0,33.39
primary,clear,0,40.44
primary,heavy_rain,1,20.56
residential,flooded,1,9.4
secondary,clear,0,35.36
primary,clear,0,42.46
secondary,moderate_rain,0,32.41
secondary,light_rain,0,34.28
secondary,clear,0,33.03
residential,heavy_rain,0,15.59
secondary,flooded,1,13.69
secondary,clear,0,32.22
primary,clear,0,44.22
primary,clear,0,45.44
primary,clear,0,44.42
primary,clear,0,43.8
secondary,clear,1,22.89
secondary,clear,0,34.03
primary,clear,1,25.74
residential,clear,0,25.06
primary,clear,0,42.6
primary,light_rain,0,41.36
primary,light_rain,0,42.38
primary,clear,0,43.29
primary,clear,0,42.25
secondary,moderate_rain,0,36.5
secondary,clear,1,24.69
residential,flooded,0,13.84
primary,clear,0,43.05
primary,light_rain,0,43.18
primary,clear,0,41.86
secondary,light_rain,0,35.36
primary,heavy_rain,0,28.57
residential,heavy_rain,0,15.18
secondary,flooded,0,17.47
secondary,clear,1,23.15
secondary,clear,1,27.07
primary,clear,0,43.85
primary,clear,0,45.57
primary,clear,1,30.81
secondary,heavy_rain,0,23.45
primary,heavy_rain,0,28.21
primary,clear,1,26.51
residential,clear,0,23.69
primary,clear,1,30.11
residential,light_rain,0,24.09
secondary,clear,0,35.56
primary,heavy_rain,0,25.83
primary,light_rain,1,29.26
primary,light_rain,0,44.05
secondary,clear,0,32.34
secondary,clear,1,24.15
secondary,heavy_rain,1,17.79
residential,light_rain,1,19.06
secondary,flooded,0,16.74
primary,clear,1,30.29
primary,light_rain,0,44.55
residential,clear,0,25.6
primary,light_rain,1,30.51
primary,moderate_rain,0,42.01
secondary,moderate_rain,0,34.67
secondary,moderate_rain,0,33.15
residential,clear,1,16.6
secondary,flooded,0,18.15
primary,flooded,0,20.56
residential,clear,0,24.66
primary,heavy_rain,0,30.02
primary,clear,1,32.2
secondary,light_rain,0,31.29
primary,clear,0,46.16
secondary,flooded,1,11.41
primary,clear,0,44.65
secondary,clear,0,36.74
primary,clear,0,45.55
secondary,clear,1,22.5
residential,light_rain,0,24.2
primary,clear,0,43.12
primary,light_rain,0,41.87
primary,flooded,0,23.58
primary,moderate_rain,1,28.24
secondary,heavy_rain,1,13.34
secondary,clear,0,34.05
primary,clear,0,40.83
primary,clear,1,28.77
primary,clear,0,44.21
secondary,heavy_rain,0,22.42
primary,clear,1,28.51
residential,heavy_rain,0,16.3
secondary,clear,0,35.21
primary,moderate_rain,0,42.84
secondary,clear,1,24.8
residential,clear,0,28.38
secondary,light_rain,1,23.34
primary,clear,1,30.22
primary,light_rain,1,26.2
residential,clear,1,16.28
secondary,clear,0,34.59
secondary,heavy_rain,1,14.24
residential,clear,0,24.2
residential,light_rain,1,16.38
residential,clear,0,24.24
primary,light_rain,0,46.31
secondary,clear,0,35.77
secondary,clear,1,26.59
secondary,clear,0,37.24
secondary,clear,0,34.04
primary,clear,1,29.17
secondary,light_rain,0,33.71
secondary,light_rain,0,34.12
primary,clear,0,41.74
secondary,clear,0,34.34
primary,clear,0,43.74
primary,clear,1,29.62
primary,clear,0,43.58
secondary,clear,0,34.91
secondary,flooded,0,18.79
secondary,light_rain,1,22.77
secondary,clear,0,37.09
residential,clear,0,22.23
primary,light_rain,0,43.39
primary,clear,1,29.85
residential,moderate_rain,1,15.4
primary,heavy_rain,0,28.35
residential,clear,0,25.7
residential,clear,0,26.37
secondary,moderate_rain,0,31.46
residential,flooded,0,13.44
primary,clear,0,42.51
primary,light_rain,0,44.1
secondary,clear,1,20.83
primary,clear,0,46.87
residential,light_rain,0,23.21
primary,heavy_rain,0,31.02
secondary,light_rain,0,34.26
secondary,moderate_rain,0,32.85
secondary,clear,0,35.4
primary,clear,1,30.66
primary,clear,1,26.79
residential,clear,1,17.9
primary,light_rain,0,42.39
residential,clear,1,17.72
secondary,moderate_rain,0,34.1
secondary,moderate_rain,0,33.23
secondary,clear,0,33.33
primary,clear,0,44.21
secondary,light_rain,1,24.16
residential,flooded,0,13.49
secondary,light_rain,0,35.0
residential,clear,0,26.42
secondary,clear,1,25.7
primary,clear,1,26.3
primary,clear,0,39.69
residential,moderate_rain,0,26.92
primary,moderate_rain,1,26.34
residential,clear,0,23.37
residential,clear,0,24.57
primary,clear,0,40.72
primary,heavy_rain,0,28.31
secondary,clear,0,33.58
primary,light_rain,0,42.06
secondary,clear,0,35.42
secondary,light_rain,1,22.64
secondary,clear,0,34.41
secondary,clear,0,35.39
primary,light_rain,0,43.98
secondary,clear,0,37.4
primary,clear,0,42.87
primary,clear,1,31.85
secondary,clear,0,36.32
residential,clear,0,23.15
primary,light_rain,0,40.52
secondary,heavy_rain,0,22.53
secondary,clear,1,25.76
primary,clear,0,42.45
primary,clear,1,26.28
residential,clear,1,16.51
secondary,clear,0,32.03
secondary,light_rain,0,32.78
secondary,clear,0,34.12
primary,clear,1,29.34
secondary,heavy_rain,0,24.93
secondary,heavy_rain,0,24.44
secondary,flooded,0,15.73
primary,moderate_rain,0,41.51
primary,heavy_rain,1,19.58
primary,clear,0,42.81
residential,clear,0,24.6
secondary,clear,0,32.42
secondary,light_rain,0,32.63
primary,heavy_rain,0,28.27
primary,clear,0,38.56
secondary,light_rain,0,35.32
secondary,light_rain,0,32.3
secondary,heavy_rain,0,24.43
primary,light_rain,0,43.31
secondary,flooded,1,10.98
primary,clear,1,30.62
primary,clear,0,44.31
secondary,clear,0,34.54
primary,clear,1,28.48
primary,clear,0,44.85
secondary,light_rain,1,23.51
secondary,moderate_rain,1,24.54
residential,light_rain,0,20.96
secondary,clear,0,35.15
primary,clear,0,40.83
primary,clear,0,43.16
residential,clear,1,17.92
secondary,clear,1,26.2
secondary,clear,0,33.59
primary,clear,0,42.41
secondary,moderate_rain,0,33.94
primary,clear,0,41.74
secondary,flooded,0,18.97
residential,clear,1,16.74
residential,flooded,0,12.68
secondary,clear,0,35.93
secondary,clear,0,34.89
residential,clear,0,23.77
secondary,moderate_rain,0,33.99
primary,clear,0,41.92
secondary,clear,0,35.16
primary,heavy_rain,1,20.96
secondary,clear,0,33.24
secondary,clear,0,32.7
secondary,clear,1,23.66
primary,light_rain,1,27.43
primary,clear,0,43.25
secondary,clear,0,35.48
residential,clear,1,13.63
secondary,clear,0,36.03
primary,moderate_rain,0,40.31
residential,clear,0,24.97
residential,clear,0,24.01
primary,clear,0,42.37
primary,clear,0,45.74
secondary,clear,1,24.07
residential,clear,1,18.21
residential,clear,1,17.08
residential,heavy_rain,0,17.64
secondary,clear,0,35.63
secondary,clear,1,23.97
primary,clear,0,44.86
primary,clear,0,43.43
secondary,heavy_rain,0,26.83
secondary,clear,0,36.44
secondary,clear,0,33.29
secondary,light_rain,0,34.09
primary,clear,1,29.71
secondary,clear,0,35.07
primary,clear,1,30.15
secondary,clear,1,24.79
secondary,light_rain,0,32.32
secondary,clear,1,25.51
residential,clear,0,24.25
primary,clear,0,42.31
secondary,clear,0,34.1
primary,flooded,0,22.81
secondary,clear,0,34.6
residential,flooded,0,11.5
secondary,clear,0,34.36
residential,moderate_rain,0,21.65
primary,clear,0,41.94
residential,clear,0,23.14
primary,heavy_rain,0,28.48
residential,heavy_rain,1,12.26
primary,clear,0,44.03
primary,clear,1,31.0
secondary,clear,0,36.55
residential,heavy_rain,0,15.92
primary,clear,0,43.23
primary,light_rain,0,42.36
residential,light_rain,1,13.32
primary,moderate_rain,0,40.24
primary,clear,0,42.95
secondary,clear,0,34.74
primary,flooded,0,22.37
residential,light_rain,1,17.24
secondary,light_rain,0,31.7
secondary,clear,1,24.37
residential,light_rain,0,24.81
secondary,clear,0,35.94
primary,clear,0,44.8
primary,light_rain,0,42.2
secondary,clear,1,25.46
primary,light_rain,0,41.08
residential,clear,0,23.58
secondary,clear,1,24.23
primary,clear,0,42.65
secondary,clear,0,35.39
secondary,clear,0,37.99
residential,light_rain,0,25.13
residential,moderate_rain,0,24.66
secondary,clear,0,33.7
secondary,clear,1,21.04
secondary,light_rain,0,34.25
secondary,light_rain,1,24.76
primary,light_rain,0,41.93
primary,light_rain,0,43.01
secondary,clear,1,25.73
primary,clear,1,31.22
primary,clear,0,43.84
secondary,clear,0,35.26
primary,light_rain,1,26.31
secondary,clear,1,22.64
secondary,heavy_rain,1,15.35
residential,moderate_rain,0,23.07
secondary,heavy_rain,0,23.77
primary,heavy_rain,0,31.75
secondary,clear,1,25.87
residential,moderate_rain,0,24.71
residential,clear,0,26.17
secondary,clear,1,22.5
primary,moderate_rain,0,44.26
residential,clear,1,14.51
primary,flooded,0,22.97
secondary,light_rain,0,35.1
secondary,moderate_rain,0,32.95
primary,clear,0,42.89
primary,light_rain,0,40.71
primary,clear,0,41.56
secondary,moderate_rain,0,31.7
residential,clear,1,18.0
primary,light_rain,0,44.22
residential,clear,0,21.76
primary,clear,0,45.96
secondary,clear,0,34.98
primary,clear,1,29.55
residential,light_rain,0,22.33
secondary,clear,0,36.98
secondary,clear,1,23.89
residential,clear,0,26.71
secondary,clear,0,36.83
residential,clear,1,18.85
secondary,moderate_rain,1,22.0
residential,clear,0,24.69
secondary,clear,0,34.08
primary,clear,1,30.46
secondary,clear,0,35.5
primary,clear,1,30.72
secondary,clear,1,25.26
secondary,moderate_rain,0,31.49
secondary,clear,0,37.03
primary,clear,0,44.63
primary,clear,0,42.65
secondary,light_rain,0,34.88
residential,flooded,1,8.24
primary,clear,0,44.12
secondary,flooded,0,16.94
secondary,clear,1,24.31
secondary,clear,0,35.1
primary,clear,0,42.55
secondary,clear,0,35.29
primary,clear,0,47.26
residential,clear,1,15.82
primary,clear,0,42.83
primary,clear,0,42.2
primary,clear,0,42.36
primary,clear,1,30.34
secondary,heavy_rain,1,16.84
primary,clear,0,43.19
primary,light_rain,1,30.12
secondary,light_rain,0,35.55
primary,clear,0,42.96
primary,clear,1,26.82
residential,clear,0,26.24
secondary,clear,0,35.25
residential,clear,0,25.03
residential,clear,0,24.3
secondary,clear,0,36.12
primary,heavy_rain,0,29.4
secondary,clear,0,34.64
residential,light_rain,0,22.7
secondary,clear,0,36.6
secondary,heavy_rain,0,24.3
primary,clear,1,29.5
residential,clear,0,21.01
secondary,heavy_rain,1,15.71
residential,light_rain,1,16.18
primary,clear,0,42.27
primary,clear,0,44.33
primary,moderate_rain,0,43.14
secondary,moderate_rain,0,34.74
primary,clear,0,44.76
primary,clear,0,41.67
residential,light_rain,0,23.86
primary,clear,1,29.23
residential,light_rain,1,15.61
primary,clear,0,44.29
residential,flooded,0,11.72
secondary,moderate_rain,0,36.03
residential,light_rain,0,23.15
residential,clear,1,20.05
primary,clear,1,32.16
primary,clear,0,43.06
primary,light_rain,0,44.13
secondary,light_rain,0,33.76
residential,clear,1,18.37
secondary,light_rain,0,34.1
secondary,moderate_rain,0,32.15
primary,clear,1,23.82
residential,clear,1,16.45
residential,moderate_rain,1,16.83
primary,clear,0,45.2
secondary,light_rain,0,34.41
primary,clear,0,44.7
secondary,flooded,1,11.11
secondary,clear,1,23.08
primary,clear,1,30.7
secondary,clear,0,31.3
primary,clear,1,29.14
secondary,clear,0,34.4
secondary,clear,0,37.04
primary,flooded,0,20.81
secondary,heavy_rain,0,24.17
secondary,clear,0,36.38
primary,light_rain,1,26.35
primary,clear,1,28.91
secondary,moderate_rain,0,33.44
residential,light_rain,0,25.96
primary,clear,0,44.21
primary,moderate_rain,0,41.72
primary,light_rain,0,40.84
secondary,clear,1,25.15
primary,heavy_rain,0,28.78
primary,heavy_rain,1,17.04
secondary,clear,1,21.29
secondary,light_rain,0,35.02
primary,flooded,0,19.69
secondary,clear,1,26.38
secondary,clear,0,33.59
primary,clear,1,29.12
primary,heavy_rain,1,19.7
residential,light_rain,0,23.45
primary,clear,1,25.76
secondary,flooded,0,17.79
residential,light_rain,1,15.41
primary,heavy_rain,0,29.05
primary,clear,1,28.93
secondary,clear,0,35.39
residential,light_rain,1,18.88
residential,clear,0,24.18
secondary,light_rain,0,33.66
primary,moderate_rain,0,39.57
secondary,clear,1,23.3
secondary,moderate_rain,0,34.7
secondary,clear,0,34.27
primary,clear,1,29.74
primary,clear,1,28.85
secondary,clear,0,33.05
secondary,clear,1,24.06
primary,moderate_rain,0,41.76
primary,light_rain,1,28.77
residential,clear,1,16.0
secondary,light_rain,0,33.38
primary,clear,0,43.44
primary,clear,0,42.85
primary,light_rain,0,45.0
residential,light_rain,1,17.74
secondary,moderate_rain,0,34.9
secondary,clear,1,23.32
secondary,light_rain,0,31.32
primary,light_rain,1,27.37
residential,flooded,1,7.45
secondary,clear,1,23.18
primary,clear,0,43.15
primary,light_rain,0,43.39
secondary,flooded,0,17.91
residential,clear,0,26.74
primary,clear,0,42.73
residential,clear,1,17.24
secondary,clear,0,35.52
primary,clear,0,43.57
primary,clear,0,45.12
primary,clear,0,44.41
secondary,clear,0,33.02
primary,clear,1,28.95
primary,clear,0,43.18
secondary,clear,1,26.82
secondary,flooded,0,17.01
primary,clear,1,27.64
secondary,moderate_rain,0,34.74
secondary,clear,1,24.34
secondary,heavy_rain,0,23.29
residential,clear,0,24.67
primary,clear,0,44.62
residential,clear,1,15.57
secondary,light_rain,1,22.65
secondary,clear,0,34.22
secondary,clear,0,36.64
secondary,clear,0,35.43
primary,light_rain,0,40.81
secondary,clear,0,33.55
secondary,clear,0,37.81
secondary,clear,1,25.21
primary,clear,1,30.38
residential,moderate_rain,0,24.36
secondary,clear,0,37.26
primary,clear,0,41.54
secondary,moderate_rain,0,35.21
secondary,light_rain,0,33.69
secondary,clear,0,34.63
secondary,moderate_rain,1,24.06
residential,clear,1,16.63
primary,clear,0,42.55
secondary,flooded,0,16.76
residential,heavy_rain,1,8.28
residential,clear,1,17.99
secondary,clear,0,33.49
residential,clear,1,19.64
primary,clear,0,42.77
residential,clear,0,26.96
primary,clear,0,40.49
primary,heavy_rain,1,20.56
primary,heavy_rain,0,30.36
secondary,clear,0,36.96
primary,clear,1,26.82
primary,clear,1,28.06
primary,clear,1,29.98
primary,clear,0,43.42
secondary,moderate_rain,1,23.41
secondary,clear,0,34.46
primary,heavy_rain,0,31.21
secondary,light_rain,0,38.27
residential,clear,0,25.16
secondary,clear,0,35.68
primary,light_rain,1,28.67
secondary,heavy_rain,0,25.32
primary,light_rain,0,43.65
primary,clear,0,41.6
primary,clear,0,42.28
residential,clear,0,23.49
primary,flooded,1,18.6
primary,light_rain,1,29.54
primary,light_rain,1,27.69
residential,clear,0,23.99
secondary,light_rain,0,35.57
primary,clear,0,44.56
secondary,clear,1,24.79
secondary,clear,0,34.36
secondary,heavy_rain,0,23.86
primary,light_rain,0,42.58
residential,clear,0,23.6
primary,heavy_rain,0,27.49
secondary,clear,0,35.62
primary,clear,1,29.41
primary,clear,1,29.95
primary,clear,0,44.39
secondary,clear,0,37.25
primary,clear,1,27.95
secondary,light_rain,0,35.3
primary,clear,0,44.32
secondary,moderate_rain,1,22.5
residential,clear,0,25.18
secondary,moderate_rain,0,33.65
secondary,light_rain,0,37.52
secondary,light_rain,0,34.52
primary,clear,0,43.88
residential,light_rain,0,24.15
primary,clear,0,42.48
secondary,heavy_rain,0,21.44
secondary,clear,0,36.65
primary,clear,0,44.35
primary,clear,0,42.75
secondary,light_rain,0,33.01
residential,clear,0,25.27
residential,heavy_rain,0,15.97
secondary,flooded,0,17.17
secondary,light_rain,0,32.46
residential,clear,0,25.33
primary,light_rain,0,42.76
primary,clear,1,30.76
secondary,clear,0,34.77
residential,heavy_rain,0,16.21
residential,flooded,0,10.16
secondary,heavy_rain,1,17.42
primary,clear,0,44.54
secondary,clear,0,35.04
primary,clear,0,41.21
primary,clear,0,41.38
secondary,clear,1,22.77
primary,clear,1,30.56
residential,light_rain,0,24.98
secondary,moderate_rain,0,31.84
secondary,light_rain,1,23.76
primary,moderate_rain,0,40.81
primary,clear,0,42.42
primary,clear,1,30.57
residential,moderate_rain,0,25.49
residential,clear,1,18.49
secondary,clear,0,34.97
primary,clear,0,44.52
residential,clear,0,24.12
primary,light_rain,1,28.2
primary,heavy_rain,0,28.39
secondary,heavy_rain,0,23.43
residential,clear,1,14.92
primary,clear,0,42.86
primary,moderate_rain,0,44.25
residential,clear,0,23.36
primary,clear,0,41.21
primary,heavy_rain,0,27.01
secondary,moderate_rain,0,38.08
residential,heavy_rain,1,11.96
secondary,clear,0,34.59
residential,clear,1,16.95
secondary,moderate_rain,0,34.42
primary,clear,1,28.16
residential,moderate_rain,0,23.57
secondary,clear,0,34.76
primary,moderate_rain,0,40.98
secondary,light_rain,0,33.76
primary,clear,0,43.73
primary,clear,0,41.7
primary,light_rain,0,46.32
secondary,light_rain,0,35.49
residential,clear,0,23.09
secondary,heavy_rain,1,12.05
residential,clear,1,15.82
primary,clear,0,44.23
primary,clear,0,43.94
primary,heavy_rain,0,28.71
primary,clear,1,28.21
primary,clear,1,27.76
secondary,moderate_rain,0,33.48
residential,clear,0,23.48
residential,clear,0,24.4
primary,clear,0,45.2
residential,moderate_rain,0,23.19
primary,clear,0,44.12
primary,heavy_rain,0,30.02
residential,heavy_rain,0,15.09
secondary,light_rain,1,21.89
primary,light_rain,0,44.01
secondary,clear,0,33.61
primary,clear,0,43.11
secondary,light_rain,0,37.42
secondary,heavy_rain,1,17.24
residential,clear,0,25.13
primary,clear,0,44.46
primary,clear,0,43.12
secondary,clear,0,36.53
secondary,clear,1,20.52
primary,clear,0,42.99
secondary,clear,0,31.87
residential,clear,0,25.24
residential,clear,0,24.65
residential,light_rain,0,26.58
residential,heavy_rain,0,17.78
secondary,flooded,0,16.71
residential,clear,1,16.24
primary,clear,0,43.77
primary,flooded,0,20.74
primary,light_rain,0,42.36
secondary,clear,0,36.98
primary,clear,0,41.96
residential,clear,0,24.33
primary,clear,0,42.74
primary,clear,1,33.85
secondary,heavy_rain,0,24.31
primary,clear,1,30.81
primary,light_rain,1,29.74
primary,moderate_rain,1,29.61
secondary,moderate_rain,0,34.79
secondary,heavy_rain,1,16.32
secondary,flooded,1,9.62
secondary,clear,0,35.54
secondary,flooded,0,17.34
primary,light_rain,0,43.23
primary,clear,0,43.09
secondary,light_rain,0,35.5
primary,light_rain,0,43.82
primary,heavy_rain,1,15.1
secondary,clear,0,34.35
secondary,clear,1,20.8
primary,clear,0,43.56
primary,clear,0,42.75
residential,clear,0,27.03
residential,clear,0,25.31
secondary,moderate_rain,1,22.24
secondary,clear,0,36.41
secondary,clear,0,34.52
residential,clear,1,16.1
residential,clear,0,25.59
primary,clear,1,31.54
residential,clear,0,26.28
primary,clear,0,44.05
primary,clear,0,47.33
secondary,clear,1,22.49
secondary,clear,0,33.87
residential,clear,1,17.07
primary,clear,1,31.39
secondary,clear,0,33.59
residential,moderate_rain,0,26.98
residential,light_rain,1,14.38
primary,clear,0,43.02
primary,clear,0,43.46
secondary,light_rain,0,33.04
primary,clear,1,28.18
residential,heavy_rain,1,12.46
residential,heavy_rain,0,18.87
primary,heavy_rain,0,25.71
primary,moderate_rain,1,28.62
primary,light_rain,0,42.24
residential,light_rain,1,16.7
primary,light_rain,0,41.93
secondary,moderate_rain,1,21.04
secondary,light_rain,1,25.47
secondary,clear,0,36.74
primary,clear,0,43.04
primary,heavy_rain,0,28.15
residential,clear,0,24.09
residential,light_rain,0,20.66
secondary,flooded,0,18.03
primary,light_rain,0,43.58
primary,flooded,0,21.81
secondary,light_rain,1,23.03
primary,clear,0,43.4
residential,moderate_rain,0,23.07
secondary,clear,0,34.25
primary,clear,1,28.87
residential,clear,0,26.05
residential,clear,0,27.07
primary,clear,0,42.86
secondary,clear,1,22.02
primary,light_rain,1,28.64
primary,moderate_rain,0,45.09
primary,clear,0,41.76
secondary,clear,0,36.33
residential,light_rain,1,18.55
secondary,light_rain,0,33.82
primary,heavy_rain,0,27.83
secondary,clear,0,35.86
primary,heavy_rain,1,19.99
residential,clear,0,26.04
secondary,light_rain,0,37.47
primary,clear,0,43.45
primary,clear,0,41.41
secondary,clear,0,35.1
primary,clear,0,43.56
secondary,clear,0,36.9
primary,moderate_rain,0,41.77
primary,light_rain,0,41.8
secondary,clear,0,32.94
residential,clear,0,25.82
residential,clear,0,30.02
primary,flooded,0,21.27
primary,clear,0,43.88
primary,clear,0,42.38
secondary,clear,0,33.08
secondary,light_rain,0,35.01
residential,clear,1,16.89
residential,clear,0,21.42
primary,moderate_rain,0,44.48
secondary,light_rain,0,34.98
residential,light_rain,0,24.65
residential,clear,0,24.37
primary,clear,1,29.72
primary,heavy_rain,0,29.56
secondary,heavy_rain,0,24.0
primary,clear,1,30.72
primary,clear,0,45.14
primary,clear,0,46.21
secondary,clear,0,33.74
primary,light_rain,0,41.55
primary,flooded,0,22.14
primary,clear,0,42.03
residential,clear,0,24.07
residential,heavy_rain,1,11.98
secondary,clear,1,24.94
secondary,flooded,1,13.71
residential,light_rain,1,16.25
primary,heavy_rain,0,29.57
primary,clear,0,43.56
primary,clear,0,43.23
primary,clear,1,27.89
primary,clear,0,41.79
residential,clear,0,26.0
secondary,flooded,1,10.55
secondary,moderate_rain,1,20.31
residential,light_rain,1,16.49
primary,clear,0,45.38
primary,light_rain,0,38.22
secondary,light_rain,0,33.93
secondary,clear,0,36.01
primary,heavy_rain,0,26.14
secondary,clear,0,34.68
secondary,clear,0,33.29
secondary,clear,0,33.49
secondary,moderate_rain,1,22.37
primary,light_rain,1,26.9
primary,clear,0,41.39
secondary,clear,0,34.91
primary,clear,0,46.54
residential,clear,0,26.14
secondary,clear,1,25.11
primary,clear,1,30.31
secondary,clear,1,22.54
secondary,heavy_rain,0,23.86
primary,clear,1,30.76
residential,light_rain,0,25.79
residential,clear,0,25.29
secondary,clear,0,35.78
primary,clear,1,32.81
secondary,clear,0,36.26
secondary,clear,0,34.53
primary,heavy_rain,0,28.77
primary,heavy_rain,0,27.3
residential,clear,0,28.52
primary,clear,0,45.61
secondary,flooded,0,17.62
secondary,clear,0,38.27
secondary,light_rain,0,35.31
primary,flooded,0,20.95
residential,flooded,0,13.86
primary,clear,1,29.71
secondary,clear,0,36.26
secondary,clear,0,32.95
secondary,heavy_rain,0,22.18
residential,heavy_rain,0,18.95
secondary,light_rain,1,25.7
primary,moderate_rain,0,44.19
residential,light_rain,0,27.87
secondary,light_rain,0,35.23
primary,moderate_rain,0,42.83
primary,light_rain,0,41.04
residential,clear,1,15.98
primary,clear,1,26.13
secondary,light_rain,0,33.88
secondary,clear,0,31.91
primary,clear,1,30.74
secondary,moderate_rain,0,34.67
primary,light_rain,0,39.37
secondary,heavy_rain,0,23.11
secondary,clear,0,37.95
secondary,light_rain,1,22.97
secondary,clear,1,22.09
residential,heavy_rain,1,8.59
secondary,clear,0,32.37
primary,light_rain,1,29.39
primary,moderate_rain,0,41.42
secondary,clear,0,34.47
residential,flooded,0,11.86
residential,heavy_rain,0,16.5
residential,clear,0,23.16
primary,clear,1,29.59
secondary,clear,0,32.87
secondary,clear,0,33.87
primary,heavy_rain,1,20.98
primary,flooded,1,15.12
residential,clear,0,26.03
primary,clear,0,46.43
primary,clear,1,29.03
primary,clear,1,29.15
residential,clear,0,24.6
secondary,clear,0,34.33
secondary,clear,0,33.48
residential,light_rain,1,16.67
primary,light_rain,0,42.94
secondary,clear,0,35.62
primary,moderate_rain,1,28.45
primary,light_rain,0,43.8
residential,heavy_rain,1,11.31
secondary,clear,0,34.39
primary,heavy_rain,0,27.49
primary,heavy_rain,0,26.56
secondary,clear,1,25.78
primary,clear,1,28.07
primary,heavy_rain,1,18.08
primary,light_rain,0,41.78
primary,heavy_rain,0,28.46
residential,moderate_rain,0,26.8
primary,light_rain,0,41.92
primary,clear,0,47.15
secondary,clear,1,23.69
residential,flooded,0,15.59
primary,clear,1,30.46
primary,clear,1,29.66
primary,light_rain,0,44.78
secondary,light_rain,1,24.84
secondary,clear,0,35.95
residential,clear,1,20.33
residential,clear,0,24.25
secondary,clear,0,33.51
secondary,moderate_rain,0,33.07
secondary,clear,1,26.22
primary,heavy_rain,1,21.64
residential,moderate_rain,0,23.56
primary,light_rain,1,25.05
primary,clear,0,42.89
secondary,clear,1,22.07
primary,clear,0,42.46
secondary,clear,0,33.42
secondary,moderate_rain,0,31.67
secondary,clear,0,37.82
residential,moderate_rain,0,23.32
primary,clear,0,45.32
secondary,clear,0,34.67
secondary,flooded,0,15.8
secondary,clear,1,24.35
secondary,clear,0,34.41
primary,clear,0,42.89
secondary,clear,0,35.22
primary,light_rain,0,41.19
residential,clear,1,14.42
primary,clear,1,29.04
secondary,clear,0,36.45
primary,heavy_rain,0,27.53
primary,clear,1,29.35
secondary,clear,1,25.85
residential,clear,0,24.87
secondary,clear,0,35.13
residential,clear,0,25.08
secondary,clear,0,33.98
secondary,clear,1,22.1
primary,clear,0,41.72
residential,clear,0,25.55
primary,heavy_rain,0,30.02
residential,light_rain,0,25.75
residential,clear,0,24.43
residential,clear,0,26.64
secondary,light_rain,1,23.62
secondary,heavy_rain,0,23.5
secondary,clear,0,29.99
primary,moderate_rain,0,40.84
secondary,clear,0,32.72
primary,clear,0,44.14
secondary,flooded,0,17.64
primary,light_rain,1,26.98
primary,heavy_rain,0,29.34
primary,clear,1,26.98
secondary,clear,0,33.43
secondary,light_rain,0,33.29
primary,clear,0,44.01
secondary,clear,0,37.1
primary,clear,0,42.32
secondary,clear,0,36.98
secondary,clear,0,35.07
secondary,light_rain,0,34.71
secondary,heavy_rain,0,23.3
primary,clear,1,28.82
secondary,light_rain,1,23.82
secondary,clear,0,36.11
secondary,heavy_rain,0,22.07
secondary,clear,0,34.72
primary,moderate_rain,0,44.57
secondary,moderate_rain,1,23.24
secondary,clear,0,35.43
primary,clear,0,44.95
primary,flooded,1,13.81
primary,clear,1,29.07
residential,light_rain,1,17.77
secondary,flooded,1,13.65
primary,clear,1,25.57
primary,heavy_rain,0,27.77
secondary,heavy_rain,0,21.9
residential,light_rain,0,24.36
primary,clear,0,41.82
primary,clear,1,30.11
residential,clear,0,25.26
primary,moderate_rain,0,43.4
primary,moderate_rain,0,43.5
residential,light_rain,0,25.56
secondary,clear,1,23.09
primary,clear,0,43.36
primary,moderate_rain,0,41.38
primary,light_rain,0,40.36
primary,heavy_rain,0,30.31
residential,light_rain,1,16.42
secondary,moderate_rain,0,31.83
secondary,light_rain,1,23.96
residential,light_rain,1,16.21
secondary,clear,1,20.5
primary,heavy_rain,0,26.82
secondary,light_rain,1,22.11
residential,clear,0,25.32
residential,clear,1,18.03
primary,clear,1,30.25
secondary,clear,1,24.49
secondary,clear,1,23.54
residential,clear,0,27.58
primary,clear,0,44.25
secondary,clear,0,35.33
residential,moderate_rain,1,17.26
secondary,clear,0,34.4
secondary,clear,0,34.91
primary,clear,0,40.08
primary,clear,0,42.62
primary,clear,1,31.76
residential,moderate_rain,0,24.57
primary,moderate_rain,1,28.51
secondary,clear,0,36.5
secondary,light_rain,1,23.7
primary,clear,0,42.02
secondary,flooded,0,17.54
secondary,flooded,1,10.09
residential,clear,0,25.28
secondary,light_rain,0,33.1
secondary,moderate_rain,0,35.48
primary,light_rain,0,41.64
residential,light_rain,0,23.31
primary,flooded,0,21.43
secondary,clear,0,35.55
primary,light_rain,0,40.6
residential,moderate_rain,0,23.56
secondary,light_rain,0,34.52
secondary,light_rain,1,25.17
primary,clear,0,39.41
secondary,clear,1,24.51
secondary,clear,0,34.42
secondary,clear,0,34.26
primary,clear,0,42.18
residential,flooded,0,11.95
residential,light_rain,0,25.47
primary,moderate_rain,0,41.26
residential,clear,1,19.34
secondary,moderate_rain,0,35.02
secondary,light_rain,1,23.46
primary,light_rain,1,28.33
secondary,clear,0,36.78
secondary,clear,0,37.0
secondary,light_rain,0,32.62
secondary,clear,0,33.95
secondary,heavy_rain,0,24.35
secondary,heavy_rain,1,17.17
primary,flooded,1,14.11
residential,light_rain,1,15.43
secondary,flooded,0,17.62
primary,moderate_rain,0,44.28
primary,clear,0,43.26
secondary,clear,0,33.1
residential,clear,0,25.16
primary,clear,0,44.37
secondary,clear,1,23.44
primary,clear,1,31.0
secondary,light_rain,0,35.66
residential,clear,1,16.76
secondary,clear,0,35.06
primary,moderate_rain,0,39.31
secondary,moderate_rain,1,24.79
primary,flooded,1,14.06
secondary,light_rain,0,33.76
secondary,clear,0,34.18
secondary,clear,1,24.28
primary,clear,0,41.51
residential,clear,0,23.52
secondary,clear,0,34.92
primary,flooded,1,13.62
secondary,clear,0,35.5
secondary,clear,1,22.71
secondary,clear,0,37.39
secondary,light_rain,0,35.4
secondary,clear,1,24.61
primary,clear,0,42.29
residential,clear,0,28.61
secondary,clear,0,34.34
primary,clear,1,28.05
secondary,clear,0,36.06
residential,clear,0,25.29
residential,moderate_rain,0,23.12
primary,clear,0,46.49
primary,light_rain,0,43.87
secondary,clear,1,23.6
primary,clear,0,46.8
residential,clear,0,26.22
primary,clear,0,43.18
primary,clear,1,32.54
secondary,clear,0,35.99
primary,light_rain,0,43.33
secondary,moderate_rain,1,22.39
secondary,moderate_rain,0,34.16
primary,clear,0,42.58
primary,light_rain,0,44.57
secondary,clear,1,21.18
primary,light_rain,0,44.46
secondary,clear,1,22.27
secondary,clear,0,34.91
secondary,heavy_rain,0,22.95
residential,light_rain,0,23.76
residential,clear,1,17.88
residential,clear,0,24.99
primary,clear,0,42.2
primary,heavy_rain,0,29.11
primary,clear,0,42.16
residential,flooded,0,11.69
residential,clear,0,22.75
residential,clear,0,24.32
primary,moderate_rain,0,42.81
residential,clear,1,16.91
secondary,clear,1,26.31
primary,clear,0,47.12
secondary,light_rain,0,33.66
primary,light_rain,0,41.16
secondary,moderate_rain,0,35.78
primary,moderate_rain,0,42.57
secondary,light_rain,0,36.06
secondary,clear,1,24.19
residential,clear,0,24.71
secondary,moderate_rain,0,33.8
secondary,flooded,0,18.15
residential,clear,0,24.68
residential,clear,1,18.68
primary,clear,0,41.25
secondary,clear,1,25.41
primary,clear,0,40.39
primary,light_rain,0,42.63
secondary,clear,1,23.09
residential,moderate_rain,0,22.07
primary,moderate_rain,0,38.98
residential,flooded,1,6.78
residential,clear,0,25.07
residential,clear,0,24.1
primary,clear,0,41.64
residential,clear,0,27.03
primary,clear,0,41.35
secondary,moderate_rain,1,23.99
primary,clear,0,41.87
primary,flooded,0,19.92
secondary,moderate_rain,0,33.18
secondary,moderate_rain,0,35.01
primary,moderate_rain,0,40.01
primary,clear,0,43.63
secondary,moderate_rain,1,21.53
primary,clear,0,42.03
residential,heavy_rain,0,17.31
primary,clear,0,46.46
primary,clear,0,41.83
primary,clear,1,30.2
secondary,clear,0,34.53
primary,clear,0,42.49
primary,clear,0,44.81
residential,heavy_rain,0,15.45
secondary,clear,1,21.86
primary,clear,0,43.89
secondary,clear,0,37.39
residential,clear,0,26.12
primary,clear,0,41.09
primary,light_rain,0,41.49
secondary,clear,1,25.06
secondary,clear,0,37.37
secondary,clear,1,23.93
primary,clear,0,42.33
primary,clear,1,31.59
secondary,moderate_rain,0,33.97
primary,clear,0,42.29
secondary,clear,1,22.43
secondary,light_rain,0,32.57
primary,clear,0,47.45
residential,light_rain,1,18.67
residential,clear,0,24.02
secondary,clear,0,37.6
primary,moderate_rain,1,29.15
primary,clear,1,29.83
secondary,heavy_rain,1,14.69
primary,clear,0,42.43
residential,light_rain,0,24.48
primary,heavy_rain,1,16.52
secondary,moderate_rain,0,33.35
primary,light_rain,1,28.59
secondary,moderate_rain,0,36.05
primary,clear,0,42.28
secondary,clear,0,36.22
primary,clear,1,26.03
residential,clear,0,26.75
primary,moderate_rain,1,27.0
residential,clear,1,17.05
residential,clear,1,17.46
primary,moderate_rain,1,28.67
secondary,clear,1,23.43
primary,clear,1,27.25
residential,clear,0,23.67
secondary,clear,0,36.49
primary,moderate_rain,0,41.17
primary,clear,0,43.05
primary,clear,0,40.96
residential,light_rain,0,25.83
primary,clear,1,27.14
secondary,light_rain,0,35.73
secondary,heavy_rain,0,21.8
residential,clear,1,18.37
primary,clear,0,43.22
secondary,clear,0,34.16
secondary,light_rain,1,25.56
secondary,clear,0,34.9
primary,clear,0,42.66
primary,moderate_rain,0,43.43
primary,clear,0,40.98
secondary,clear,1,19.8
primary,moderate_rain,0,43.81
secondary,clear,1,22.34
primary,light_rain,0,43.71
residential,light_rain,0,24.61
residential,clear,1,15.1
secondary,heavy_rain,1,16.68
primary,clear,0,42.58
primary,flooded,0,19.98
primary,clear,1,27.54
primary,clear,0,40.6
secondary,clear,0,35.6
secondary,clear,1,22.19
residential,light_rain,0,24.49
primary,light_rain,0,42.14
secondary,moderate_rain,0,32.67
secondary,clear,1,21.31
secondary,clear,0,38.8
primary,light_rain,1,28.51
secondary,clear,0,37.74
secondary,light_rain,0,36.11
secondary,light_rain,0,33.88
residential,clear,0,25.27
primary,moderate_rain,0,42.3
primary,light_rain,0,45.18
secondary,light_rain,1,24.4
secondary,clear,1,22.38
primary,clear,0,43.73
secondary,clear,1,24.8
residential,clear,0,23.24
residential,clear,0,25.74
primary,moderate_rain,0,44.09
residential,light_rain,0,23.26
secondary,clear,0,33.92
secondary,clear,0,36.74
secondary,heavy_rain,0,22.87
residential,clear,0,23.53
secondary,moderate_rain,1,24.3
primary,flooded,1,15.42
secondary,light_rain,0,34.5
secondary,flooded,1,13.48
primary,light_rain,0,44.2
residential,clear,1,16.73
secondary,clear,0,37.96
secondary,clear,0,37.38
primary,clear,0,40.22
secondary,light_rain,0,32.81
primary,clear,0,39.82
primary,moderate_rain,0,41.58
secondary,clear,0,33.18
secondary,clear,0,33.78
secondary,flooded,1,13.43
primary,clear,0,40.57
secondary,light_rain,1,23.35
primary,moderate_rain,0,42.25
residential,clear,0,24.88
secondary,clear,0,35.2
secondary,clear,1,20.24
primary,moderate_rain,0,40.85
primary,light_rain,0,44.72
residential,clear,0,23.2
primary,moderate_rain,0,44.57
secondary,clear,0,32.89
secondary,moderate_rain,0,31.79
primary,heavy_rain,1,18.04
residential,heavy_rain,1,12.96
secondary,moderate_rain,1,22.15
primary,clear,0,43.72
primary,flooded,0,21.71
primary,clear,0,43.12
residential,light_rain,1,18.45
secondary,clear,0,36.16
primary,flooded,0,19.89
primary,light_rain,1,28.17
secondary,moderate_rain,0,36.7
secondary,clear,0,35.48
secondary,moderate_rain,0,31.82
primary,moderate_rain,0,39.91
primary,light_rain,1,29.92
secondary,clear,0,36.05
residential,clear,0,23.62
primary,clear,0,44.32
secondary,clear,0,37.4
secondary,clear,0,37.19
secondary,clear,0,37.41
primary,clear,0,44.03
residential,clear,0,24.73
secondary,clear,1,22.99
secondary,heavy_rain,0,23.37
primary,clear,1,27.8
primary,clear,0,42.66
primary,clear,0,45.11
secondary,light_rain,1,20.74
primary,heavy_rain,0,26.57
secondary,clear,0,36.25
primary,clear,0,42.67
secondary,flooded,0,14.61
secondary,clear,0,34.91
primary,clear,0,42.89
primary,clear,0,42.55
primary,clear,0,44.23
secondary,flooded,1,9.8
secondary,clear,0,35.02
primary,heavy_rain,0,28.56
secondary,flooded,0,17.56
primary,clear,0,40.6
primary,clear,0,42.42
primary,clear,0,43.23
residential,clear,0,25.81
primary,clear,1,31.89
primary,light_rain,1,29.79
primary,clear,0,43.89
primary,heavy_rain,1,21.37
secondary,clear,1,23.13
primary,light_rain,0,44.74
primary,heavy_rain,1,21.14
secondary,clear,0,34.33
primary,clear,0,46.09
secondary,clear,0,35.67
secondary,clear,1,26.88
primary,clear,0,43.65
secondary,clear,0,34.16
primary,clear,0,42.05
secondary,flooded,0,16.97
secondary,clear,0,34.14
primary,clear,1,31.02
secondary,clear,0,34.96
residential,clear,0,22.58
residential,clear,1,17.17
secondary,heavy_rain,0,23.59
secondary,clear,0,34.3
primary,clear,0,43.6
primary,clear,1,29.05
secondary,clear,0,35.95
primary,clear,0,44.06
residential,light_rain,0,25.09
primary,clear,1,27.17
primary,clear,0,46.38
primary,light_rain,0,40.08
residential,clear,0,24.81
secondary,clear,0,33.36
secondary,flooded,0,18.09
primary,clear,0,43.41
residential,moderate_rain,1,16.16
primary,clear,1,31.39
residential,clear,0,26.66
secondary,clear,0,34.51
primary,clear,0,44.41
secondary,clear,1,25.94
secondary,clear,0,36.65
primary,heavy_rain,0,28.67
residential,light_rain,1,14.16
secondary,clear,1,24.08
primary,clear,0,44.2
primary,heavy_rain,0,27.72
secondary,light_rain,0,34.39
secondary,clear,0,34.88
secondary,heavy_rain,1,17.85
secondary,clear,0,37.78
secondary,clear,0,36.76
residential,clear,1,16.72
secondary,heavy_rain,0,25.12
residential,heavy_rain,0,17.69
primary,heavy_rain,0,28.77
primary,clear,1,32.26
primary,heavy_rain,0,27.77
secondary,clear,0,35.91
residential,clear,0,26.26
primary,clear,1,28.69
primary,clear,0,44.04
residential,light_rain,0,25.96
primary,clear,1,29.48
secondary,heavy_rain,1,16.48
secondary,clear,1,23.75
residential,clear,0,26.2
primary,heavy_rain,1,19.12
primary,clear,0,42.73
secondary,light_rain,0,34.39
residential,light_rain,0,26.32
secondary,clear,0,32.38
primary,light_rain,0,41.05
secondary,clear,0,38.41
residential,heavy_rain,1,11.68
residential,clear,0,24.39
residential,clear,0,26.19
primary,clear,0,42.02
primary,clear,1,25.96
secondary,light_rain,0,34.89
residential,heavy_rain,0,15.62
primary,light_rain,0,42.56
primary,clear,1,29.61
secondary,heavy_rain,0,23.61
primary,clear,0,40.64
primary,clear,0,43.24
secondary,clear,1,24.26
secondary,clear,0,32.9
secondary,moderate_rain,0,31.8
primary,clear,0,41.6
secondary,clear,1,24.71
secondary,light_rain,0,31.36
secondary,heavy_rain,0,24.64
secondary,heavy_rain,0,23.99
primary,clear,0,42.81
primary,light_rain,0,40.19
primary,clear,0,42.01
primary,clear,1,30.29
secondary,heavy_rain,0,25.28
residential,heavy_rain,1,9.72
secondary,heavy_rain,0,25.11
secondary,clear,1,24.62
primary,heavy_rain,0,28.87
secondary,heavy_rain,0,22.29
primary,clear,0,42.33
primary,clear,1,31.85
primary,moderate_rain,1,28.62
secondary,clear,0,36.99
residential,flooded,0,12.86
primary,clear,0,42.52
primary,light_rain,0,43.29
secondary,moderate_rain,0,37.32
primary,clear,0,42.23
residential,heavy_rain,0,18.08
secondary,clear,1,23.88
residential,clear,1,14.68
secondary,clear,0,32.79
secondary,clear,1,22.91
secondary,light_rain,0,34.88
secondary,heavy_rain,1,17.09
secondary,clear,0,32.64
primary,clear,1,30.1
secondary,clear,0,34.82
secondary,light_rain,0,34.36
residential,flooded,0,13.38
secondary,light_rain,0,36.98
secondary,light_rain,0,34.81
primary,clear,0,41.16
secondary,clear,1,23.31
secondary,light_rain,0,35.64
residential,light_rain,0,25.87
residential,light_rain,0,25.54
primary,heavy_rain,0,28.11
residential,moderate_rain,0,22.29
primary,moderate_rain,1,29.24
primary,heavy_rain,0,27.06
secondary,flooded,0,18.54
primary,clear,0,44.24
secondary,clear,0,34.3
primary,clear,0,43.03
primary,moderate_rain,0,42.37
secondary,clear,1,22.67
secondary,clear,0,32.93
residential,clear,0,24.94
secondary,light_rain,0,34.46
secondary,clear,1,25.63
primary,clear,1,27.94
primary,clear,0,44.8
primary,light_rain,1,26.86
secondary,clear,0,32.98
secondary,clear,0,34.55
secondary,light_rain,1,21.75
secondary,clear,1,21.55
secondary,clear,1,26.51
primary,light_rain,1,27.91
primary,clear,1,32.58
residential,moderate_rain,0,22.85
secondary,clear,0,32.44
residential,clear,0,26.94
primary,moderate_rain,1,27.26
residential,light_rain,0,24.75
primary,clear,0,41.17
primary,clear,1,29.06
residential,moderate_rain,1,14.35
primary,moderate_rain,0,41.96
secondary,clear,0,34.29
primary,light_rain,0,42.75
secondary,clear,0,35.94
residential,clear,0,25.36
primary,clear,1,29.79
secondary,clear,0,34.84
primary,clear,0,42.55
secondary,clear,0,35.71
primary,clear,0,43.03
primary,clear,0,43.09
primary,clear,1,29.71
primary,clear,1,27.57
residential,moderate_rain,0,26.49
primary,clear,1,28.74
primary,light_rain,0,42.6
secondary,clear,0,34.93
primary,clear,0,44.18
secondary,clear,0,35.51
residential,flooded,0,12.43
secondary,clear,0,37.17
residential,clear,0,20.19
secondary,light_rain,0,36.22
primary,heavy_rain,0,30.26
secondary,flooded,0,14.75
secondary,clear,0,36.39
secondary,clear,0,36.59
residential,light_rain,0,25.39
secondary,clear,1,21.25
residential,light_rain,0,25.57
secondary,heavy_rain,0,24.91
secondary,light_rain,0,33.5
secondary,clear,0,35.66
primary,clear,1,28.59
residential,light_rain,0,25.87
secondary,clear,0,34.53
primary,clear,1,28.25
primary,clear,0,43.14
secondary,clear,0,32.99
primary,clear,1,28.91
primary,moderate_rain,1,28.9
secondary,clear,0,36.3
primary,clear,0,43.57
secondary,clear,1,21.44
primary,clear,0,45.23
primary,flooded,0,23.75
secondary,heavy_rain,0,23.57
secondary,clear,0,33.87
primary,light_rain,0,41.61
primary,clear,0,42.89
secondary,flooded,1,12.21
primary,clear,0,42.74
primary,clear,0,41.91
primary,clear,0,44.73
residential,moderate_rain,1,16.79
secondary,clear,0,33.42
secondary,light_rain,0,34.8
secondary,clear,0,35.24
secondary,heavy_rain,0,22.32
secondary,clear,1,25.38
secondary,heavy_rain,0,23.6
primary,clear,0,42.88
secondary,clear,1,23.46
secondary,flooded,0,18.17
secondary,flooded,0,17.39
primary,light_rain,0,42.29
primary,clear,0,44.8
secondary,clear,0,32.87
secondary,clear,0,33.12
residential,clear,0,26.17
primary,clear,0,46.82
secondary,clear,0,36.31
secondary,light_rain,1,25.95
residential,light_rain,1,15.89
secondary,clear,0,34.04
secondary,clear,1,24.27
secondary,clear,0,36.43
secondary,light_rain,0,32.39
residential,clear,0,24.68
primary,light_rain,0,42.37
primary,clear,0,42.18
residential,clear,0,24.16
secondary,moderate_rain,0,35.35
secondary,light_rain,0,35.06
secondary,clear,1,24.79
primary,clear,0,43.71
secondary,flooded,0,16.19
secondary,clear,1,24.22
primary,heavy_rain,0,27.45
primary,light_rain,0,41.94
residential,moderate_rain,0,22.79
primary,clear,1,28.2
residential,clear,1,16.99
primary,heavy_rain,0,28.19
secondary,clear,0,33.68
residential,clear,0,26.71
secondary,light_rain,0,34.18
secondary,clear,1,22.8
secondary,moderate_rain,0,32.46
primary,light_rain,0,39.6
primary,heavy_rain,0,28.55
residential,moderate_rain,0,22.28
secondary,clear,1,24.66
secondary,clear,1,23.63
primary,moderate_rain,0,44.41
primary,clear,1,29.45
primary,flooded,0,20.51
secondary,light_rain,0,31.54
secondary,clear,0,36.21
secondary,heavy_rain,0,21.45
residential,clear,0,24.39
primary,clear,0,45.71
primary,light_rain,0,43.33
primary,heavy_rain,0,29.46
secondary,clear,0,36.42
primary,clear,0,44.56
residential,clear,0,27.37
primary,clear,1,28.21
residential,clear,0,24.43
secondary,clear,0,33.62
residential,light_rain,0,24.49
secondary,heavy_rain,0,23.2
residential,clear,0,22.37
primary,clear,0,42.22
secondary,moderate_rain,0,36.24
residential,light_rain,1,16.91
primary,heavy_rain,0,29.95
primary,clear,0,43.02
secondary,clear,0,32.17
residential,clear,0,24.81
secondary,light_rain,0,35.92
secondary,clear,0,33.22
primary,clear,0,44.32
primary,clear,1,26.56
residential,clear,0,25.03
primary,light_rain,1,29.4
secondary,clear,0,34.53
residential,light_rain,0,28.25
primary,clear,0,42.46
secondary,clear,0,34.13
primary,clear,0,43.51
secondary,clear,1,22.46
primary,clear,0,41.04
secondary,light_rain,1,21.51
primary,moderate_rain,1,29.49
secondary,clear,0,34.54
secondary,clear,0,37.55
primary,flooded,0,20.94
secondary,clear,1,24.66
primary,clear,1,29.88
secondary,clear,0,34.32
primary,light_rain,0,41.09
secondary,clear,0,32.4
primary,clear,1,29.95
secondary,clear,1,25.39
primary,clear,0,40.82
secondary,clear,0,34.44
primary,light_rain,0,41.41
residential,light_rain,0,25.37
residential,clear,1,16.36
primary,clear,0,45.18
secondary,light_rain,0,33.78
primary,moderate_rain,0,40.21
primary,clear,0,42.5
secondary,clear,0,34.46
secondary,clear,1,24.38
secondary,clear,0,34.44
primary,clear,0,43.86
primary,moderate_rain,0,40.88
primary,clear,0,42.76
secondary,moderate_rain,0,32.91
secondary,light_rain,0,33.09
secondary,moderate_rain,0,36.0
primary,clear,0,42.13
primary,clear,1,28.6
primary,flooded,0,23.17
primary,light_rain,0,43.53
primary,moderate_rain,0,44.53
residential,clear,1,17.57
residential,clear,0,24.1
secondary,light_rain,0,37.45
secondary,clear,0,35.87
primary,clear,0,42.97
residential,clear,1,16.94
primary,clear,1,29.39
residential,clear,0,24.64
secondary,clear,1,21.53
primary,clear,0,45.64
residential,light_rain,0,24.51
primary,clear,1,29.39
secondary,clear,0,38.12
secondary,heavy_rain,0,22.37
primary,clear,1,30.1
secondary,clear,0,33.81
secondary,light_rain,0,34.84
secondary,heavy_rain,0,23.7
primary,clear,1,30.3
residential,clear,1,18.66
primary,light_rain,0,41.54
primary,clear,1,31.24
primary,moderate_rain,1,30.59
primary,flooded,0,21.23
primary,heavy_rain,1,19.45
residential,clear,0,24.26
primary,clear,0,42.74
primary,flooded,0,19.79
primary,clear,0,44.37
secondary,clear,0,31.92
residential,light_rain,0,23.5
primary,clear,0,43.13
primary,clear,0,45.15
primary,heavy_rain,0,28.06
primary,clear,1,29.76
primary,clear,1,29.0
secondary,clear,1,25.01
primary,light_rain,0,42.97
secondary,clear,1,24.84
primary,clear,0,42.37
residential,light_rain,0,23.02
residential,moderate_rain,0,24.9
secondary,clear,0,34.27
primary,moderate_rain,1,28.4
primary,clear,0,43.68
secondary,light_rain,0,36.22
secondary,clear,1,24.77
secondary,clear,0,33.98
residential,light_rain,1,14.82
residential,clear,1,19.41
primary,clear,0,40.83
secondary,clear,0,34.32
primary,light_rain,0,43.38
primary,clear,0,45.66
secondary,clear,0,34.72
primary,clear,0,43.24
residential,clear,1,15.54
primary,clear,1,29.31
secondary,clear,1,21.86
secondary,clear,0,33.87
secondary,clear,0,36.15
primary,moderate_rain,0,41.42
residential,light_rain,0,25.92
secondary,heavy_rain,1,15.54
secondary,clear,1,21.54
primary,flooded,0,23.35
secondary,clear,1,21.62
residential,flooded,0,11.6
secondary,clear,0,34.7
residential,clear,0,26.51
secondary,clear,0,34.21
primary,clear,1,27.73
primary,moderate_rain,1,28.6
primary,light_rain,0,42.09
secondary,flooded,0,16.8
secondary,light_rain,0,34.68
primary,clear,1,27.31
secondary,clear,1,21.01
secondary,flooded,1,15.0
secondary,clear,1,23.75
primary,light_rain,0,42.67
primary,clear,0,42.03
primary,clear,0,44.55
primary,heavy_rain,0,28.08
primary,clear,1,24.94
primary,clear,1,28.27
secondary,clear,0,34.58
primary,moderate_rain,0,41.81
residential,clear,0,24.7
primary,clear,0,42.23
primary,clear,0,42.09
primary,clear,0,42.75
primary,clear,1,26.65
residential,clear,0,22.06
primary,flooded,0,21.75
residential,flooded,0,12.67
residential,clear,1,18.17
secondary,light_rain,1,22.77
secondary,clear,0,33.21
secondary,clear,1,20.68
primary,clear,0,41.86
secondary,clear,0,35.63
primary,clear,0,45.36
primary,clear,0,43.28
secondary,moderate_rain,0,32.26
secondary,clear,1,22.27
residential,light_rain,1,15.27
primary,clear,0,42.59
residential,clear,0,26.68
primary,clear,0,45.0
primary,clear,0,42.94
primary,moderate_rain,0,42.34
secondary,moderate_rain,0,32.89
primary,clear,1,26.55
secondary,light_rain,1,25.84
residential,heavy_rain,0,13.23
secondary,light_rain,0,31.61
secondary,clear,0,37.69
residential,light_rain,0,24.57
secondary,clear,0,33.31
secondary,heavy_rain,0,24.42
primary,clear,0,44.36
residential,clear,1,14.85
secondary,clear,0,34.2
primary,clear,1,30.43
primary,heavy_rain,0,27.65
residential,clear,1,17.27
primary,clear,0,45.34
residential,heavy_rain,0,13.12
primary,clear,0,42.69
secondary,clear,0,35.39
primary,clear,0,40.51
secondary,clear,1,22.8
residential,clear,1,18.42
secondary,clear,0,33.94
secondary,light_rain,0,32.13
primary,heavy_rain,0,30.58
primary,clear,1,29.78
primary,clear,1,29.01
secondary,clear,0,34.85
primary,moderate_rain,0,43.61
primary,clear,1,29.56
secondary,heavy_rain,0,24.37
secondary,clear,0,33.96
secondary,heavy_rain,0,20.52
primary,clear,1,30.05
primary,light_rain,0,44.06
residential,clear,1,16.51
primary,moderate_rain,0,43.4
residential,clear,0,24.5
residential,clear,0,24.86
secondary,clear,1,26.22
primary,heavy_rain,0,28.44
residential,moderate_rain,0,23.82
secondary,clear,0,32.2
secondary,clear,0,36.04
primary,clear,1,28.05
primary,moderate_rain,0,42.29
primary,moderate_rain,1,27.88
secondary,light_rain,1,22.49
secondary,clear,0,34.82
primary,flooded,1,14.5
secondary,heavy_rain,0,25.16
primary,light_rain,0,44.69
secondary,clear,0,35.98
residential,light_rain,1,18.45
primary,clear,0,44.48
primary,clear,0,43.94
primary,clear,1,31.3
secondary,clear,1,21.63
secondary,clear,0,33.97
residential,clear,0,23.77
primary,clear,0,42.75
residential,moderate_rain,0,25.37
primary,clear,0,41.53
secondary,clear,0,35.75
primary,clear,0,42.32
residential,heavy_rain,1,10.74
secondary,moderate_rain,0,34.38
secondary,clear,0,37.52
residential,heavy_rain,0,15.64
primary,clear,0,43.08
primary,flooded,0,19.98
residential,clear,0,23.92
primary,clear,0,41.57
primary,clear,0,43.57
secondary,clear,0,35.64
secondary,clear,0,36.03
primary,moderate_rain,0,40.94
primary,moderate_rain,0,42.83
primary,clear,0,43.37
secondary,clear,0,34.91
residential,clear,1,14.99
residential,clear,0,25.23
secondary,light_rain,1,23.44
primary,clear,1,29.27
residential,light_rain,1,17.14
secondary,clear,0,36.04
primary,clear,1,27.47
residential,clear,1,16.52
secondary,clear,0,35.77
secondary,clear,0,34.6
secondary,moderate_rain,1,24.41
primary,clear,0,43.34
primary,clear,0,40.27
secondary,light_rain,1,24.42
primary,clear,0,43.02
secondary,light_rain,0,31.7
secondary,clear,0,34.62
secondary,clear,0,33.1
secondary,heavy_rain,1,16.9
secondary,light_rain,0,34.31
residential,clear,1,15.46
secondary,clear,0,36.22
primary,heavy_rain,0,29.57
primary,clear,0,42.85
primary,clear,0,41.33
primary,light_rain,1,27.32
primary,light_rain,0,41.12
primary,moderate_rain,1,29.47
secondary,light_rain,0,31.84
residential,light_rain,0,24.47
primary,moderate_rain,0,41.69
secondary,light_rain,1,24.71
secondary,clear,0,35.35
primary,clear,0,44.0
residential,light_rain,0,23.75
secondary,heavy_rain,0,21.55
primary,clear,0,42.71
secondary,clear,0,36.17
primary,heavy_rain,1,20.63
secondary,clear,0,34.35
primary,clear,0,41.91
residential,light_rain,0,22.96
secondary,flooded,0,17.3
secondary,moderate_rain,0,34.29
primary,light_rain,1,30.79
secondary,clear,1,23.77
secondary,heavy_rain,0,24.32
secondary,clear,0,33.83
secondary,heavy_rain,1,15.83
secondary,clear,1,23.8
residential,clear,0,24.79
secondary,clear,0,34.97
residential,clear,1,17.04
residential,light_rain,0,25.26
secondary,flooded,0,19.25
primary,light_rain,1,25.19
secondary,heavy_rain,1,17.44
residential,clear,0,22.43
primary,moderate_rain,0,42.53
secondary,moderate_rain,0,37.62
residential,light_rain,1,16.48
primary,clear,1,29.39
secondary,light_rain,1,22.69
primary,light_rain,0,43.41
primary,clear,0,43.74
secondary,moderate_rain,0,33.07
primary,flooded,0,21.43
primary,clear,0,41.52
residential,light_rain,0,24.36
primary,light_rain,0,41.78
residential,light_rain,1,16.75
residential,clear,0,23.94
primary,heavy_rain,1,19.14
primary,clear,0,43.21
secondary,clear,1,23.71
secondary,moderate_rain,0,34.49
primary,light_rain,0,42.15
secondary,moderate_rain,0,32.9
primary,clear,0,43.32
residential,clear,0,24.73
primary,heavy_rain,1,21.0
primary,clear,0,44.93
primary,moderate_rain,0,40.01
residential,moderate_rain,0,25.27
secondary,light_rain,0,35.59
residential,clear,1,14.83
primary,light_rain,0,43.28
primary,heavy_rain,0,30.22
primary,clear,1,27.69
secondary,clear,0,34.65
secondary,clear,1,23.87
secondary,clear,0,35.86
primary,heavy_rain,0,27.4
residential,heavy_rain,0,18.45
primary,flooded,0,18.56
residential,clear,1,18.84
primary,moderate_rain,0,42.89
secondary,clear,0,34.07
primary,light_rain,0,43.71
secondary,light_rain,0,32.79
secondary,heavy_rain,1,15.94
secondary,moderate_rain,0,34.44
secondary,heavy_rain,1,16.12
secondary,heavy_rain,1,14.51
secondary,heavy_rain,0,22.65
residential,clear,1,17.04
primary,moderate_rain,0,40.98
secondary,light_rain,0,34.77
secondary,clear,0,34.08
primary,clear,0,44.7
secondary,light_rain,1,25.5
primary,clear,0,42.75
primary,clear,0,44.58
primary,light_rain,0,42.09
primary,heavy_rain,0,27.47
secondary,moderate_rain,0,33.44
secondary,clear,1,23.72
residential,clear,0,22.32
secondary,clear,1,24.53
primary,clear,1,29.25
residential,clear,0,26.5
residential,flooded,0,13.41
secondary,clear,0,35.18
secondary,clear,1,23.06
residential,clear,0,27.28
secondary,clear,0,38.25
residential,clear,0,24.49
primary,clear,0,44.76
primary,flooded,0,20.54
secondary,clear,0,34.12
secondary,clear,0,34.42
residential,clear,0,26.03
residential,clear,0,23.39
primary,clear,0,45.52
primary,clear,1,30.52
residential,clear,0,25.99
secondary,light_rain,0,33.92
primary,clear,0,44.44
secondary,clear,0,30.62
secondary,clear,0,35.66
secondary,clear,0,35.24
secondary,clear,1,20.76
primary,clear,0,43.81
residential,clear,0,25.89
secondary,clear,1,20.81
secondary,clear,0,33.22
primary,clear,0,46.3
secondary,clear,0,34.72
primary,heavy_rain,1,20.93
primary,light_rain,0,44.1
secondary,moderate_rain,0,34.67
primary,heavy_rain,0,30.41
secondary,flooded,1,8.63
primary,moderate_rain,1,28.01
secondary,light_rain,0,29.74
primary,clear,0,40.58
primary,clear,0,42.38
primary,light_rain,0,41.41
residential,flooded,1,8.49
residential,clear,0,24.97
primary,light_rain,0,42.61
secondary,clear,0,35.26
secondary,clear,0,35.5
residential,clear,0,23.56
primary,clear,1,28.03
secondary,clear,0,34.94
primary,light_rain,0,42.38
primary,heavy_rain,0,27.26
residential,heavy_rain,0,18.33
secondary,clear,0,36.09
primary,heavy_rain,0,27.59
primary,clear,0,42.89
secondary,clear,0,38.01
secondary,light_rain,0,34.6
primary,clear,0,43.79
residential,clear,1,15.94
primary,clear,0,42.73
primary,light_rain,1,30.85
residential,clear,0,25.17
primary,light_rain,0,42.3
primary,light_rain,1,28.6
secondary,light_rain,0,38.18
residential,heavy_rain,0,16.77
primary,clear,0,41.95
residential,clear,1,15.87
secondary,clear,0,36.17
primary,clear,0,41.06
secondary,light_rain,0,35.04
primary,clear,1,28.03
secondary,clear,0,32.21
secondary,moderate_rain,0,32.61
residential,light_rain,0,24.58
primary,light_rain,1,30.68
secondary,moderate_rain,0,35.45
secondary,moderate_rain,0,33.64
primary,light_rain,1,30.04
primary,clear,0,42.66
primary,flooded,0,19.4
secondary,clear,1,23.62
secondary,clear,1,21.33
primary,clear,0,44.39
residential,light_rain,0,25.75
residential,heavy_rain,0,15.39
secondary,clear,1,23.81
primary,clear,1,29.32
secondary,heavy_rain,0,24.71
primary,heavy_rain,0,27.01
primary,clear,1,30.02
secondary,clear,0,33.02
primary,light_rain,0,43.58
primary,clear,0,44.79
primary,heavy_rain,0,27.87
primary,clear,1,30.95
primary,clear,1,26.76
residential,clear,0,26.65
primary,clear,0,45.36
primary,clear,0,43.72
primary,clear,1,28.82
residential,moderate_rain,0,24.81
secondary,clear,0,34.09
primary,heavy_rain,0,32.82
residential,clear,0,24.12
primary,light_rain,0,44.39
primary,clear,1,28.0
primary,clear,0,45.6
primary,clear,0,46.22
primary,clear,0,43.78
secondary,moderate_rain,0,34.51
primary,moderate_rain,0,40.63
secondary,light_rain,0,32.75
primary,clear,1,29.56
primary,heavy_rain,0,31.07
secondary,light_rain,0,33.54
residential,flooded,0,15.81
primary,moderate_rain,1,27.44
secondary,clear,0,35.34
primary,clear,1,29.46
primary,clear,0,43.05
primary,light_rain,0,39.34
primary,clear,0,42.27
primary,moderate_rain,1,28.65
primary,clear,0,43.06
secondary,clear,0,35.95
primary,clear,0,44.34
secondary,clear,0,34.64
primary,light_rain,0,40.97
secondary,clear,0,37.32
secondary,light_rain,0,32.33
primary,clear,0,42.31
primary,clear,0,41.93
secondary,light_rain,0,35.48
residential,clear,0,26.98
primary,light_rain,0,42.15
primary,moderate_rain,0,42.41
residential,heavy_rain,0,17.36
primary,clear,0,45.91
secondary,clear,0,32.34
primary,light_rain,0,43.53
primary,moderate_rain,0,42.63
secondary,moderate_rain,0,33.53
secondary,clear,0,35.49
primary,clear,0,44.31
secondary,clear,0,35.87
secondary,light_rain,0,37.6
secondary,clear,0,35.19
primary,clear,1,29.16
secondary,light_rain,0,34.09
secondary,clear,1,24.42
secondary,clear,0,34.95
secondary,clear,1,23.61
primary,clear,0,43.23
secondary,clear,1,23.39
secondary,clear,0,34.09
primary,clear,0,43.83
secondary,clear,0,34.57
primary,clear,1,30.04
secondary,light_rain,1,23.32
primary,clear,0,42.62
secondary,clear,0,37.35
residential,clear,0,24.85
secondary,clear,0,35.93
residential,clear,0,23.95
residential,clear,1,13.81
primary,light_rain,0,41.56
secondary,clear,0,31.79
secondary,moderate_rain,0,33.73
residential,clear,0,27.2
primary,clear,0,41.84
residential,clear,0,21.84
secondary,moderate_rain,0,36.33
secondary,clear,0,34.29
primary,clear,0,43.18
primary,clear,0,44.38
secondary,clear,1,24.37
primary,heavy_rain,0,30.0
residential,clear,1,18.2
primary,moderate_rain,0,39.45
secondary,light_rain,0,32.24
primary,clear,0,44.96
secondary,clear,0,33.83
secondary,light_rain,1,22.15
primary,clear,0,41.31
primary,clear,0,42.59
primary,light_rain,0,41.89
secondary,moderate_rain,0,32.68
secondary,light_rain,0,32.78
secondary,light_rain,0,34.84
secondary,clear,0,33.79
secondary,clear,0,34.09
primary,clear,0,39.92
primary,light_rain,0,45.32
primary,flooded,0,23.01
residential,clear,0,24.26
residential,clear,0,23.65
primary,clear,0,43.22
secondary,heavy_rain,0,23.37
residential,clear,1,14.94
secondary,clear,0,31.17
primary,flooded,0,20.81
primary,moderate_rain,1,26.01
secondary,clear,0,35.26
residential,heavy_rain,0,16.98
secondary,clear,0,33.54
primary,clear,1,28.31
primary,clear,1,31.76
secondary,moderate_rain,0,35.25
residential,light_rain,0,23.86
secondary,clear,0,38.44
secondary,flooded,0,15.7
primary,clear,0,41.98
residential,light_rain,0,24.38
secondary,light_rain,0,32.06
primary,clear,1,31.8
secondary,clear,0,35.27
primary,heavy_rain,0,27.69
primary,clear,1,29.79
primary,light_rain,1,28.8
primary,clear,0,42.74
primary,light_rain,0,40.6
secondary,clear,0,32.85
secondary,clear,1,26.87
secondary,clear,0,32.97
primary,heavy_rain,0,31.43
primary,clear,0,41.93
secondary,clear,0,36.19
primary,heavy_rain,1,20.16
primary,moderate_rain,0,43.07
residential,clear,0,26.1
secondary,flooded,0,15.08
residential,light_rain,0,23.53
secondary,clear,0,32.95
primary,clear,1,29.4
secondary,light_rain,1,21.17
primary,moderate_rain,0,39.1
secondary,clear,0,34.64
primary,clear,1,25.8
residential,clear,0,25.39
primary,clear,1,27.23
residential,clear,0,23.74
residential,clear,0,21.58
secondary,light_rain,0,36.83
secondary,moderate_rain,1,20.78
secondary,clear,1,23.04
residential,clear,0,22.31
secondary,clear,0,33.75
secondary,clear,0,37.63
secondary,flooded,0,17.95
residential,moderate_rain,0,23.26
secondary,clear,0,34.95
secondary,clear,0,34.16
secondary,clear,0,34.86
residential,light_rain,0,25.66
secondary,clear,0,34.5
primary,moderate_rain,0,42.4
secondary,moderate_rain,1,23.33
residential,clear,0,24.51
secondary,heavy_rain,0,22.29
residential,moderate_rain,0,23.56
primary,moderate_rain,1,29.4
secondary,flooded,0,18.67
secondary,clear,0,33.29
residential,clear,1,16.46
primary,heavy_rain,0,27.75
residential,moderate_rain,0,25.54
secondary,heavy_rain,0,22.69
primary,clear,1,32.42
primary,light_rain,0,42.74
primary,clear,0,44.97
secondary,clear,0,33.48
primary,clear,0,43.22
primary,clear,1,30.04
residential,clear,0,23.45
primary,light_rain,0,42.44
primary,clear,1,30.69
secondary,clear,0,34.51
secondary,clear,0,33.72
secondary,clear,0,37.7
secondary,heavy_rain,0,21.64
secondary,clear,0,35.23
secondary,clear,0,33.94
primary,moderate_rain,0,40.66
primary,light_rain,0,43.52
secondary,light_rain,0,34.05
primary,light_rain,0,43.02
secondary,heavy_rain,0,20.01
secondary,clear,0,35.75
primary,flooded,0,20.52
primary,moderate_rain,1,25.54
primary,clear,1,31.94
secondary,light_rain,0,35.26
secondary,light_rain,1,23.5
secondary,clear,1,25.46
primary,clear,0,43.57
secondary,flooded,0,16.3
residential,clear,1,16.59
primary,clear,0,42.18
secondary,moderate_rain,0,33.33
residential,clear,0,23.11
primary,clear,0,41.74
secondary,light_rain,0,35.7
primary,light_rain,0,42.91
secondary,clear,0,34.25
primary,flooded,0,20.06
residential,clear,1,16.24
secondary,clear,0,32.47
secondary,clear,0,35.19
secondary,light_rain,0,35.78
secondary,clear,0,38.55
secondary,clear,1,21.94
residential,moderate_rain,0,25.7
residential,clear,0,23.94
secondary,moderate_rain,0,32.39
residential,clear,0,23.31
secondary,flooded,0,17.71
secondary,clear,0,33.6
secondary,clear,0,34.09
primary,clear,0,42.54
primary,heavy_rain,1,18.35
primary,moderate_rain,0,40.85
secondary,clear,0,31.36
primary,light_rain,1,28.71
secondary,clear,1,23.69
residential,flooded,0,11.3
primary,heavy_rain,1,20.01
secondary,flooded,0,19.6
primary,heavy_rain,0,28.91
primary,heavy_rain,0,30.87
secondary,clear,0,38.36
secondary,moderate_rain,0,37.88
secondary,light_rain,0,32.58
primary,flooded,0,19.83
secondary,clear,1,22.92
primary,clear,0,43.39
primary,clear,0,45.58
primary,light_rain,0,43.35
primary,clear,0,41.4
primary,clear,1,28.2
primary,clear,0,43.14
residential,clear,0,22.77
primary,clear,0,43.22
primary,clear,1,27.33
primary,heavy_rain,0,26.4
secondary,moderate_rain,0,32.66
primary,clear,0,43.82
residential,moderate_rain,1,17.01
residential,light_rain,0,24.69
primary,clear,1,30.6
secondary,clear,0,36.33
primary,light_rain,0,42.72
secondary,clear,0,35.1
secondary,moderate_rain,0,34.28
primary,clear,1,28.9
primary,clear,1,25.86
secondary,flooded,0,19.2
secondary,clear,0,35.6
primary,light_rain,1,26.76
secondary,clear,0,37.14
secondary,clear,1,22.71
residential,clear,1,16.69
primary,clear,0,44.74
secondary,clear,1,23.92
secondary,clear,0,37.0
primary,clear,0,42.67
secondary,light_rain,0,36.9
secondary,clear,0,33.83
residential,heavy_rain,0,18.69
primary,clear,1,25.72
secondary,clear,0,33.35
primary,light_rain,0,42.86
residential,clear,0,24.4
primary,clear,0,43.09
residential,clear,0,25.06
residential,moderate_rain,0,22.56
primary,light_rain,0,40.74
residential,clear,0,25.35
residential,clear,1,15.85
primary,moderate_rain,0,44.08
secondary,clear,0,34.71
secondary,clear,1,24.67
primary,clear,1,29.78
primary,clear,0,42.3
primary,clear,0,40.23
primary,moderate_rain,1,30.13
secondary,clear,0,33.53
primary,clear,1,28.51
residential,heavy_rain,0,16.49
secondary,clear,0,34.92
primary,clear,0,44.64
secondary,clear,0,35.01
secondary,light_rain,0,34.17
residential,clear,0,26.53
primary,clear,0,44.1
primary,flooded,1,13.46
residential,heavy_rain,0,14.99
residential,light_rain,0,23.31
secondary,clear,1,23.52
secondary,clear,0,33.13
primary,clear,0,43.34
secondary,clear,0,34.81
primary,moderate_rain,0,38.25
primary,clear,0,41.09
residential,heavy_rain,1,6.94
primary,clear,0,42.68
secondary,clear,0,36.61
residential,light_rain,0,21.71
primary,clear,0,41.22
residential,heavy_rain,1,11.02
residential,flooded,0,10.9
secondary,clear,0,33.4
primary,clear,0,44.01
primary,clear,0,42.46
secondary,light_rain,0,32.13
primary,clear,0,40.07
primary,light_rain,0,45.72
residential,clear,1,18.54
primary,light_rain,0,41.73
secondary,moderate_rain,0,34.21
primary,clear,0,42.47
secondary,clear,0,35.77
residential,clear,0,23.72
primary,clear,1,28.3
primary,clear,0,43.88
secondary,clear,0,37.18
secondary,heavy_rain,1,16.88
secondary,heavy_rain,0,25.25
primary,moderate_rain,0,41.6
primary,clear,0,42.27
residential,light_rain,0,21.63
residential,clear,0,25.11
secondary,clear,0,35.57
residential,clear,0,24.55
secondary,clear,0,33.83
secondary,clear,1,25.46
primary,clear,1,30.06
secondary,flooded,0,19.47
secondary,clear,0,33.57
primary,heavy_rain,0,27.82
secondary,clear,0,36.8
secondary,clear,0,34.93
secondary,clear,0,34.15
secondary,light_rain,0,33.61
residential,clear,1,16.83
primary,clear,0,44.7
secondary,clear,1,23.35
secondary,clear,1,24.78
secondary,light_rain,0,35.06
primary,clear,0,41.88
primary,clear,0,41.88
residential,heavy_rain,0,16.04
secondary,clear,0,32.99
residential,light_rain,0,23.77
secondary,moderate_rain,0,36.35
secondary,flooded,0,17.45
residential,clear,1,15.7
secondary,light_rain,0,37.23
primary,clear,0,41.8
secondary,light_rain,0,32.92
residential,clear,1,18.69
primary,clear,0,44.19
primary,heavy_rain,1,19.27
primary,clear,1,30.36
residential,heavy_rain,1,11.72
primary,heavy_rain,0,27.1
secondary,clear,0,31.4
secondary,clear,0,34.15
secondary,clear,0,36.63
secondary,flooded,0,16.86
primary,clear,0,43.89
secondary,clear,0,35.28
secondary,light_rain,0,31.82
residential,heavy_rain,0,16.1
primary,moderate_rain,0,42.61
residential,light_rain,1,15.36
secondary,clear,0,34.46
residential,clear,0,25.59
secondary,clear,0,35.11
secondary,heavy_rain,1,17.34
residential,light_rain,1,17.12
residential,moderate_rain,0,22.91
secondary,light_rain,0,33.64
primary,clear,0,43.23
primary,clear,0,45.21
primary,clear,1,28.41
primary,clear,0,40.6
primary,light_rain,0,43.07
residential,clear,0,23.87
primary,light_rain,1,26.66
secondary,light_rain,0,34.39
primary,clear,1,30.58
primary,clear,0,42.34
primary,clear,0,43.94
primary,clear,0,44.22
secondary,light_rain,0,35.55
residential,clear,1,15.75
primary,moderate_rain,1,26.67
secondary,moderate_rain,0,32.61
secondary,clear,0,36.19
residential,light_rain,0,25.54
secondary,light_rain,0,32.92
secondary,light_rain,0,37.56
secondary,clear,0,33.39
residential,clear,1,18.35
primary,clear,1,31.4
secondary,clear,0,35.16
residential,moderate_rain,1,15.25
secondary,light_rain,0,33.24
secondary,heavy_rain,0,23.0
secondary,clear,0,36.62
primary,clear,0,41.4
secondary,light_rain,1,20.4
secondary,clear,1,24.13
secondary,clear,0,35.87
secondary,clear,0,37.95
residential,clear,0,22.93
primary,light_rain,0,42.21
secondary,clear,1,25.33
secondary,light_rain,1,23.34
secondary,moderate_rain,0,33.79
primary,clear,1,30.3
secondary,heavy_rain,0,22.5
residential,clear,0,26.28
secondary,heavy_rain,0,21.52
residential,clear,1,14.57
residential,light_rain,0,24.13
primary,clear,1,25.27
primary,moderate_rain,0,42.2
residential,light_rain,0,21.94
residential,clear,0,25.42
primary,heavy_rain,1,19.74
primary,clear,0,43.1
primary,clear,1,29.77
residential,light_rain,0,24.85
primary,light_rain,0,41.97
secondary,clear,1,26.34
residential,clear,0,25.59
primary,flooded,1,15.72
secondary,light_rain,0,35.97
primary,clear,0,44.2
residential,clear,1,19.94
primary,flooded,1,14.81
secondary,light_rain,0,34.35
secondary,heavy_rain,0,22.42
primary,clear,0,42.82
primary,light_rain,0,41.31
secondary,light_rain,0,35.38
primary,clear,0,41.83
residential,clear,1,16.96
residential,light_rain,1,17.38
secondary,clear,0,35.23
secondary,moderate_rain,1,21.63
secondary,moderate_rain,0,35.13
residential,heavy_rain,0,16.58
secondary,moderate_rain,1,18.66
primary,clear,1,27.64
primary,clear,0,45.3
secondary,moderate_rain,1,25.2
secondary,clear,0,35.79
secondary,clear,1,24.77
primary,clear,0,42.03
secondary,clear,1,23.2
primary,light_rain,0,44.26
primary,clear,0,43.84
secondary,clear,0,35.1
primary,flooded,0,21.32
secondary,moderate_rain,0,35.84
primary,moderate_rain,1,30.04
secondary,light_rain,1,24.13
secondary,moderate_rain,0,34.18
primary,moderate_rain,1,27.82
primary,clear,0,44.24
residential,flooded,0,10.85
secondary,clear,1,22.25
secondary,heavy_rain,0,21.22
primary,clear,1,30.97
secondary,clear,1,22.51
secondary,clear,0,35.61
secondary,clear,0,34.81
secondary,light_rain,0,38.71
primary,flooded,1,15.22
primary,flooded,0,18.81
residential,flooded,0,14.26
residential,clear,0,24.42
primary,flooded,0,21.3
secondary,clear,1,22.58
primary,heavy_rain,0,29.17
primary,clear,1,29.39
primary,clear,0,42.23
primary,flooded,0,20.84
secondary,heavy_rain,0,23.55
secondary,light_rain,1,19.64
primary,moderate_rain,0,39.91
primary,clear,0,45.7
residential,light_rain,0,25.03
primary,light_rain,0,41.62
secondary,clear,0,32.46
primary,clear,0,43.12
secondary,clear,0,36.48
primary,light_rain,0,46.37
primary,clear,1,31.95
primary,clear,0,41.87
primary,clear,0,42.46
secondary,clear,0,32.79
secondary,light_rain,0,33.1
primary,light_rain,0,42.09
primary,clear,0,42.65
secondary,clear,0,38.08
secondary,clear,0,33.03
residential,heavy_rain,0,16.64
secondary,clear,1,20.49
secondary,clear,1,24.09
secondary,light_rain,1,21.15
residential,clear,0,26.65
residential,moderate_rain,0,23.91
primary,clear,1,27.01
primary,light_rain,0,39.26
primary,clear,0,41.73
secondary,clear,0,35.36
secondary,clear,0,35.63
secondary,moderate_rain,1,22.22
primary,flooded,1,15.95
secondary,clear,1,21.89
residential,moderate_rain,1,12.02
primary,light_rain,0,42.83
secondary,flooded,1,13.73
secondary,moderate_rain,0,36.03
residential,clear,0,23.05
residential,light_rain,0,23.73
secondary,clear,1,24.68
secondary,clear,1,22.65
residential,clear,0,25.16
secondary,heavy_rain,0,22.32
primary,heavy_rain,0,27.25
secondary,moderate_rain,0,32.74
primary,flooded,0,23.03
primary,moderate_rain,1,28.37
residential,clear,0,26.91
secondary,clear,0,35.78
secondary,clear,1,26.0
primary,clear,0,44.43
primary,clear,0,44.34
primary,clear,1,28.94
primary,moderate_rain,1,32.87
secondary,heavy_rain,0,23.57
primary,light_rain,0,39.45
secondary,heavy_rain,0,23.8
primary,clear,0,41.73
residential,heavy_rain,0,18.24
primary,clear,0,44.29
primary,clear,1,28.83
primary,heavy_rain,0,27.55
secondary,clear,0,35.22
secondary,clear,0,34.04
secondary,clear,0,36.18
secondary,light_rain,0,35.19
primary,flooded,1,18.96
secondary,clear,0,34.33
secondary,heavy_rain,0,22.94
primary,clear,0,42.97
primary,clear,0,43.03
primary,clear,0,44.74
primary,moderate_rain,0,41.65
secondary,clear,0,37.96
primary,clear,0,44.07
primary,clear,1,28.39
primary,clear,0,42.09
residential,moderate_rain,0,25.91
residential,clear,0,25.04
primary,clear,0,43.21
primary,clear,0,42.3
primary,clear,0,43.11
secondary,light_rain,0,33.4
primary,clear,1,31.16
secondary,clear,0,36.08
secondary,clear,1,23.33
residential,clear,1,16.57
primary,heavy_rain,0,29.02
residential,moderate_rain,0,24.34
secondary,light_rain,0,32.92
primary,clear,0,40.35
primary,light_rain,0,41.21
primary,moderate_rain,0,41.88
primary,clear,1,28.01
primary,moderate_rain,0,43.3
secondary,light_rain,0,34.02
secondary,clear,0,37.81
residential,clear,0,24.16
primary,light_rain,1,28.8
residential,clear,0,24.57
primary,moderate_rain,0,42.73
secondary,moderate_rain,1,24.57
primary,moderate_rain,1,29.27
primary,clear,1,26.07
residential,clear,1,17.6
primary,clear,0,41.68
secondary,light_rain,0,33.89
secondary,heavy_rain,0,24.43
secondary,light_rain,0,32.68
secondary,clear,0,36.73
secondary,heavy_rain,1,15.24
primary,flooded,0,24.86
secondary,clear,1,23.69
residential,clear,0,27.56
primary,moderate_rain,0,43.86
primary,light_rain,0,41.49
secondary,flooded,0,15.55
secondary,clear,0,35.17
secondary,clear,0,34.13
primary,light_rain,0,44.78
secondary,heavy_rain,1,15.4
primary,heavy_rain,0,28.43
secondary,flooded,0,15.41
secondary,clear,0,35.63
primary,moderate_rain,0,40.31
secondary,clear,1,24.25
residential,clear,1,17.72
secondary,clear,1,22.47
residential,moderate_rain,0,25.78
secondary,flooded,0,17.09
secondary,clear,1,21.38
primary,clear,1,31.43
primary,moderate_rain,1,26.97
primary,light_rain,1,29.34
secondary,flooded,0,18.14
residential,clear,0,25.58
primary,clear,1,29.67
secondary,clear,1,22.13
secondary,clear,1,26.13
secondary,clear,0,36.43
primary,clear,0,43.91
secondary,clear,0,33.0
primary,clear,0,41.73
primary,flooded,0,22.59
residential,clear,1,13.84
primary,clear,0,43.71
primary,heavy_rain,0,26.88
residential,light_rain,0,23.24
primary,light_rain,0,40.29
secondary,light_rain,0,34.73
primary,moderate_rain,1,30.03
primary,heavy_rain,0,29.4
primary,light_rain,0,43.1
primary,heavy_rain,1,19.72
secondary,clear,0,36.02
secondary,clear,0,35.7
secondary,heavy_rain,0,19.32
residential,clear,0,26.36
primary,heavy_rain,0,30.08
secondary,clear,0,34.46
secondary,clear,1,20.63
residential,heavy_rain,0,17.08
primary,clear,0,43.69
secondary,heavy_rain,0,22.74
residential,flooded,0,12.78
primary,heavy_rain,0,30.49
residential,clear,1,20.45
primary,light_rain,0,42.63
secondary,heavy_rain,0,23.9
residential,moderate_rain,1,15.17
secondary,light_rain,0,33.61
secondary,flooded,0,17.3
primary,light_rain,0,44.18
residential,flooded,0,13.73
secondary,clear,0,37.89
primary,clear,0,40.96
secondary,clear,0,33.01
secondary,clear,0,36.65
primary,moderate_rain,1,30.53
primary,clear,0,43.25
primary,flooded,0,14.9
secondary,clear,0,33.88
secondary,clear,0,35.5
secondary,clear,0,33.65
residential,clear,0,25.28
residential,clear,0,27.85
secondary,clear,0,37.14
primary,light_rain,0,43.62
secondary,clear,1,23.49
secondary,clear,0,34.26
secondary,moderate_rain,1,24.11
secondary,clear,1,23.63
primary,clear,1,29.21
residential,clear,1,14.52
primary,clear,0,42.13
secondary,light_rain,0,35.49
primary,clear,0,41.55
residential,heavy_rain,1,11.66
primary,heavy_rain,0,29.5
primary,clear,0,43.91
primary,flooded,0,22.44
primary,clear,0,44.14
primary,clear,0,42.26
secondary,clear,0,32.8
secondary,clear,1,22.28
primary,light_rain,1,29.68
primary,clear,1,27.32
residential,moderate_rain,1,14.85
secondary,light_rain,0,32.79
secondary,clear,1,20.82
secondary,light_rain,0,32.64
primary,heavy_rain,1,20.97
primary,clear,0,42.12
primary,clear,0,40.58
residential,clear,1,16.08
residential,clear,0,25.77
secondary,clear,0,32.25
primary,clear,0,44.63
primary,light_rain,0,40.25
primary,light_rain,0,41.82
secondary,clear,0,34.39
primary,clear,0,42.36
residential,clear,0,24.9
primary,clear,0,44.37
residential,clear,0,24.94
secondary,heavy_rain,0,22.49
secondary,clear,0,35.69
secondary,clear,0,35.31
secondary,clear,0,34.0
secondary,moderate_rain,1,23.04
secondary,moderate_rain,1,21.84
secondary,clear,1,22.29
residential,clear,0,26.21
secondary,clear,0,35.67
secondary,clear,0,36.16
residential,flooded,0,13.45
primary,light_rain,1,27.25
primary,light_rain,0,43.91
secondary,clear,0,34.55
secondary,clear,0,36.39
residential,moderate_rain,0,24.16
secondary,clear,0,35.47
secondary,flooded,0,18.01
secondary,clear,0,36.22
primary,clear,0,40.75
secondary,light_rain,0,31.99
residential,clear,1,17.86
primary,clear,1,29.65
secondary,clear,1,22.43
secondary,light_rain,0,34.91
primary,clear,0,41.09
primary,clear,1,34.01
residential,light_rain,0,26.51
primary,clear,0,44.13
primary,heavy_rain,0,28.99
primary,clear,0,42.27
secondary,light_rain,0,32.39
secondary,clear,1,23.42
secondary,moderate_rain,0,32.79
primary,light_rain,0,41.21
residential,heavy_rain,0,14.59
primary,clear,0,43.57
primary,clear,0,42.63
secondary,light_rain,0,35.16
primary,clear,0,43.89
residential,clear,1,17.19
residential,heavy_rain,0,20.7
primary,clear,0,44.44
residential,flooded,0,10.61
secondary,clear,0,35.69
residential,light_rain,0,24.46
primary,clear,0,41.19
secondary,clear,1,21.46
primary,flooded,0,22.28
residential,clear,0,26.05
primary,heavy_rain,0,27.31
secondary,light_rain,1,24.61
primary,clear,0,43.63
primary,heavy_rain,0,30.67
secondary,clear,1,25.22
residential,moderate_rain,0,24.11
secondary,clear,0,37.45
residential,heavy_rain,0,15.03
primary,light_rain,1,32.17
secondary,clear,1,22.27
secondary,light_rain,1,23.09
primary,clear,1,28.27
secondary,clear,0,34.43
secondary,clear,0,39.39
secondary,clear,0,34.31
secondary,clear,1,24.87
secondary,clear,0,34.65
primary,clear,1,30.52
primary,clear,0,42.38
secondary,clear,1,23.97
primary,light_rain,0,43.35
primary,light_rain,1,27.5
secondary,clear,0,39.14
secondary,heavy_rain,0,24.42
primary,light_rain,0,42.07
secondary,light_rain,0,33.31
secondary,clear,0,35.14
primary,clear,1,27.29
secondary,heavy_rain,0,26.07
secondary,moderate_rain,0,34.73
secondary,clear,0,34.87
secondary,clear,0,36.57
primary,light_rain,1,27.5
secondary,light_rain,1,21.42
primary,heavy_rain,1,19.27
residential,clear,0,25.19
residential,clear,0,25.8
secondary,clear,0,32.79
primary,clear,0,42.52
primary,clear,1,24.49
primary,heavy_rain,0,27.11
secondary,clear,0,36.07
primary,moderate_rain,1,29.8
secondary,clear,0,33.29
primary,clear,0,42.71
residential,clear,1,16.89
primary,clear,0,44.82
residential,moderate_rain,1,18.7
residential,clear,0,25.23
secondary,clear,0,34.61
secondary,clear,0,32.83
secondary,clear,0,35.16
secondary,moderate_rain,0,37.2
primary,clear,0,45.14
primary,light_rain,0,42.67
secondary,light_rain,0,34.81
secondary,clear,0,33.97
secondary,clear,0,34.46
primary,moderate_rain,1,28.58
primary,light_rain,1,28.81
primary,clear,0,44.72
primary,clear,0,44.64
primary,clear,0,43.98
primary,clear,0,41.7
primary,clear,0,41.76
residential,clear,0,23.67
primary,clear,0,43.55
secondary,clear,0,31.96
primary,clear,1,29.11
residential,heavy_rain,0,18.83
secondary,clear,0,36.0
primary,heavy_rain,1,18.94
secondary,clear,1,22.54
primary,light_rain,0,43.62
secondary,clear,1,24.05
primary,light_rain,0,42.04
residential,clear,0,24.12
secondary,clear,0,35.11
primary,heavy_rain,1,19.01
secondary,clear,0,36.18
primary,heavy_rain,0,30.74
residential,clear,0,22.95
secondary,clear,0,33.16
secondary,clear,0,37.02
primary,light_rain,0,42.66
residential,clear,0,23.3
secondary,heavy_rain,0,24.87
primary,clear,0,43.71
primary,light_rain,1,31.89
primary,clear,0,42.85
residential,clear,0,26.66
primary,clear,1,26.94
secondary,clear,0,37.09
primary,clear,0,44.62
primary,clear,0,45.61
secondary,clear,0,36.67
residential,clear,0,24.85
secondary,clear,0,33.24
residential,clear,0,24.1
secondary,clear,0,32.36
primary,flooded,0,20.22
primary,heavy_rain,1,20.1
secondary,clear,1,23.52
residential,flooded,0,12.16
residential,light_rain,0,23.35
primary,clear,0,40.54
primary,clear,0,43.47
primary,heavy_rain,1,20.03
residential,light_rain,0,23.06
residential,moderate_rain,0,23.54
secondary,heavy_rain,0,25.71
primary,clear,0,44.94
secondary,clear,0,32.77
secondary,clear,0,34.87
primary,clear,0,45.38
secondary,clear,1,23.27
primary,clear,0,42.8
primary,clear,1,30.76
residential,clear,1,18.33
secondary,clear,0,36.4
secondary,clear,0,34.61
secondary,clear,0,35.99
primary,clear,0,45.44
secondary,light_rain,0,34.28
secondary,heavy_rain,0,22.79
secondary,clear,0,36.85
secondary,clear,1,26.66
primary,heavy_rain,1,22.64
primary,clear,0,42.64
secondary,moderate_rain,0,33.67
primary,clear,1,27.57
secondary,moderate_rain,0,34.26
primary,heavy_rain,0,27.27
primary,light_rain,0,41.62
primary,clear,1,30.17
residential,heavy_rain,0,17.3
primary,moderate_rain,0,39.35
secondary,moderate_rain,0,36.44
secondary,clear,1,21.96
primary,moderate_rain,1,26.91
secondary,clear,0,33.14
secondary,clear,1,22.6
secondary,clear,0,33.65
residential,clear,0,23.69
primary,light_rain,1,24.89
primary,light_rain,0,42.6
residential,clear,0,25.35
primary,light_rain,0,45.78
secondary,heavy_rain,1,16.5
secondary,clear,1,22.85
primary,clear,1,27.32
secondary,clear,0,34.86
primary,clear,1,29.79
primary,clear,0,42.44
primary,clear,0,43.29
residential,clear,1,19.7
primary,flooded,0,21.02
secondary,light_rain,0,31.53
residential,clear,0,26.31
secondary,clear,0,35.47
secondary,clear,0,32.44
secondary,clear,0,35.64
primary,clear,0,41.7
secondary,clear,0,35.66
secondary,clear,1,26.45
residential,clear,0,24.73
residential,clear,0,26.62
residential,moderate_rain,0,22.5
residential,clear,1,14.57
secondary,clear,0,38.03
secondary,clear,0,35.46
residential,flooded,1,9.38
primary,moderate_rain,0,43.8
residential,clear,1,16.06
secondary,heavy_rain,0,24.64
secondary,clear,0,36.01
secondary,flooded,0,15.56
residential,clear,0,27.27
primary,clear,1,31.08
secondary,light_rain,1,21.23
secondary,clear,1,23.89
primary,light_rain,1,28.24
secondary,clear,1,25.72
secondary,light_rain,0,32.24
secondary,clear,1,28.99
primary,clear,0,42.94
secondary,heavy_rain,0,24.51
secondary,heavy_rain,0,25.48
secondary,flooded,1,11.5
primary,light_rain,0,42.24
residential,light_rain,1,15.79
secondary,clear,0,33.67
secondary,clear,1,24.0
secondary,clear,1,23.39
primary,clear,0,42.44
secondary,heavy_rain,1,15.09
secondary,clear,0,35.86
secondary,heavy_rain,0,22.2
secondary,clear,1,23.22
secondary,light_rain,0,35.71
primary,clear,0,43.57
secondary,clear,0,33.43
primary,flooded,0,21.56
primary,clear,0,43.86
residential,clear,0,26.48
secondary,clear,1,22.46
secondary,clear,0,34.16
secondary,clear,0,33.96
residential,light_rain,1,15.57
secondary,clear,1,24.2
secondary,clear,1,24.48
primary,clear,0,44.78
residential,moderate_rain,0,24.21
residential,moderate_rain,0,22.24
residential,clear,0,26.0
primary,clear,1,29.36
primary,clear,0,43.29
primary,moderate_rain,0,40.14
primary,light_rain,0,42.12
residential,heavy_rain,0,14.92
primary,clear,0,43.92
primary,clear,1,28.47
primary,clear,0,42.42
primary,clear,0,40.89
primary,clear,0,44.74
secondary,clear,0,34.61
secondary,light_rain,0,34.49
primary,clear,0,42.1
secondary,moderate_rain,0,31.61
secondary,clear,1,22.79
primary,heavy_rain,0,28.32
secondary,flooded,0,17.94
secondary,heavy_rain,0,22.86
secondary,moderate_rain,0,33.01
secondary,moderate_rain,0,31.83
primary,clear,0,43.27
residential,clear,0,23.81
residential,light_rain,0,26.52
residential,light_rain,0,24.77
primary,flooded,0,22.44
residential,clear,0,24.63
residential,clear,1,17.15
residential,light_rain,0,23.21
primary,flooded,0,19.83
secondary,clear,1,23.61
residential,clear,0,25.86
secondary,clear,0,32.08
secondary,clear,1,22.84
residential,clear,0,27.76
secondary,clear,1,24.31
secondary,heavy_rain,0,25.7
secondary,clear,0,34.05
residential,clear,0,24.31
primary,moderate_rain,0,43.52
secondary,flooded,0,18.44
secondary,flooded,0,17.36
secondary,clear,0,33.11
secondary,flooded,0,19.24
residential,clear,0,28.77
residential,light_rain,1,14.18
primary,light_rain,1,30.69
secondary,clear,1,22.89
primary,clear,0,42.7
primary,clear,0,43.6
secondary,heavy_rain,0,21.59
residential,clear,0,24.94
residential,light_rain,0,22.13
primary,clear,0,43.91
primary,clear,0,46.55
secondary,flooded,0,16.54
secondary,moderate_rain,0,33.83
primary,flooded,0,21.42
residential,clear,0,26.48
residential,clear,0,25.61
secondary,clear,0,36.38
residential,clear,1,16.09
primary,clear,0,43.85
secondary,light_rain,1,18.11
secondary,clear,0,36.0
primary,clear,0,41.37
residential,clear,0,24.51
secondary,clear,1,24.71
secondary,light_rain,0,32.06
primary,clear,0,44.83
primary,clear,0,43.01
primary,clear,0,45.38
secondary,heavy_rain,0,22.04
secondary,heavy_rain,0,20.68
primary,light_rain,0,42.37
secondary,clear,0,35.88
secondary,clear,1,24.6
secondary,light_rain,0,32.66
secondary,flooded,0,15.06
residential,flooded,1,7.96
secondary,heavy_rain,0,24.17
secondary,clear,0,35.7
primary,flooded,0,23.96
primary,light_rain,0,41.85
primary,moderate_rain,0,39.3
secondary,clear,1,25.38
primary,clear,0,43.49
primary,clear,0,43.62
secondary,clear,1,24.74
primary,clear,1,31.01
primary,heavy_rain,0,28.84
primary,clear,1,30.88
secondary,clear,0,35.83
primary,clear,1,28.13
secondary,clear,1,23.24
secondary,flooded,0,18.43
secondary,clear,0,33.94
secondary,clear,0,36.33
residential,heavy_rain,0,16.95
primary,heavy_rain,0,29.45
primary,clear,1,31.28
primary,moderate_rain,0,42.6
primary,light_rain,0,42.52
primary,moderate_rain,1,28.23
primary,clear,0,43.0
secondary,flooded,0,17.97
secondary,clear,0,37.04
primary,clear,0,42.28
secondary,clear,0,33.97
primary,clear,1,31.04
primary,heavy_rain,0,28.03
secondary,clear,0,35.32
primary,clear,0,42.31
primary,clear,0,40.68
secondary,clear,0,35.3
residential,flooded,0,14.17
secondary,clear,1,23.5
primary,light_rain,0,40.19
residential,light_rain,0,24.71
secondary,moderate_rain,0,32.95
secondary,light_rain,1,19.23
residential,clear,0,24.88
secondary,heavy_rain,0,24.17
primary,light_rain,0,44.18
secondary,light_rain,0,36.99
secondary,flooded,0,18.48
secondary,moderate_rain,1,24.37
secondary,moderate_rain,1,21.05
residential,flooded,0,14.93
residential,clear,0,26.9
residential,clear,0,24.45
residential,clear,0,26.02
residential,clear,0,25.87
primary,moderate_rain,0,44.27
primary,moderate_rain,0,41.84
secondary,light_rain,0,33.24
residential,flooded,0,11.77
secondary,clear,0,36.35
secondary,light_rain,0,31.48
primary,clear,0,38.7
primary,clear,0,44.54
secondary,clear,0,35.41
primary,heavy_rain,1,19.49
primary,clear,0,41.24
primary,moderate_rain,0,39.5
primary,clear,0,42.25
secondary,clear,0,35.54
primary,clear,0,42.32
secondary,clear,0,36.35
primary,flooded,0,20.17
residential,clear,0,24.22
primary,flooded,0,22.65
secondary,flooded,0,16.93
secondary,flooded,0,17.01
primary,clear,0,42.23
residential,flooded,1,7.18
secondary,clear,0,35.53
secondary,clear,1,24.32
primary,clear,0,43.54
residential,heavy_rain,0,15.79
secondary,clear,0,34.7
primary,clear,0,45.59
primary,clear,1,26.99
residential,clear,0,27.83
secondary,clear,0,35.15
secondary,heavy_rain,0,23.13
secondary,clear,0,36.43
secondary,heavy_rain,0,20.3
primary,light_rain,1,30.65
primary,flooded,0,24.39
secondary,clear,0,36.63
residential,light_rain,0,21.39
primary,clear,1,30.26
secondary,clear,1,26.06
secondary,moderate_rain,0,36.4
secondary,light_rain,1,21.05
residential,moderate_rain,0,25.87
secondary,moderate_rain,0,36.78
primary,clear,0,43.24
residential,light_rain,0,22.36
secondary,clear,0,36.24
residential,clear,0,26.58
secondary,light_rain,0,34.15
residential,flooded,0,10.71
primary,clear,0,44.67
primary,clear,1,27.96
residential,clear,0,25.6
primary,clear,0,45.54
primary,moderate_rain,0,39.58
secondary,moderate_rain,1,24.33
residential,light_rain,0,24.23
primary,heavy_rain,0,28.61
residential,clear,0,25.77
secondary,clear,1,22.43
secondary,clear,0,33.24
residential,heavy_rain,0,14.04
secondary,light_rain,0,36.21
primary,light_rain,1,28.03
primary,clear,0,44.05
secondary,clear,0,34.27
secondary,flooded,0,15.76
residential,clear,0,25.98
secondary,moderate_rain,0,34.57
secondary,clear,1,23.23
secondary,clear,1,24.04
primary,light_rain,0,40.97
primary,clear,0,44.79
residential,light_rain,0,26.48
primary,light_rain,0,43.55
primary,clear,0,42.64
secondary,moderate_rain,0,34.17
secondary,clear,0,37.35
residential,clear,0,26.92
primary,light_rain,1,31.57
primary,clear,0,42.03
primary,clear,1,27.81
secondary,heavy_rain,1,15.97
primary,clear,1,29.73
secondary,heavy_rain,0,23.18
residential,heavy_rain,0,16.13
residential,clear,0,26.9
primary,clear,1,28.98
secondary,clear,0,33.18
secondary,clear,1,21.94
residential,heavy_rain,0,17.08
residential,moderate_rain,0,28.85
primary,clear,0,41.74
secondary,light_rain,1,22.69
primary,flooded,0,25.21
primary,clear,0,42.47
primary,moderate_rain,0,42.75
secondary,moderate_rain,0,36.9
secondary,clear,0,33.57
primary,clear,0,42.74
secondary,light_rain,0,33.63
primary,clear,0,40.92
secondary,clear,1,25.94
primary,light_rain,1,27.71
primary,moderate_rain,0,40.75
secondary,clear,0,34.33
primary,clear,0,44.59
secondary,clear,1,23.76
primary,clear,0,42.01
secondary,clear,0,35.61
primary,clear,0,44.42
secondary,clear,0,34.96
secondary,clear,0,34.65
primary,clear,1,30.64
secondary,clear,0,34.73
primary,clear,0,45.61
secondary,clear,0,33.86
primary,heavy_rain,1,18.29
secondary,clear,0,33.64
secondary,light_rain,0,34.0
residential,heavy_rain,0,16.72
secondary,clear,1,21.6
secondary,heavy_rain,0,23.54
secondary,clear,0,35.85
residential,clear,0,22.8
secondary,clear,1,22.81
primary,clear,0,44.05
residential,clear,0,23.37
secondary,clear,0,34.53
residential,light_rain,0,26.17
residential,heavy_rain,0,19.41
primary,clear,1,29.78
secondary,clear,0,34.75
primary,clear,1,28.36
primary,clear,0,44.57
primary,moderate_rain,1,30.05
secondary,clear,0,33.27
primary,clear,0,44.57
primary,light_rain,0,41.5
secondary,heavy_rain,0,22.11
primary,clear,0,42.97
primary,clear,0,44.69
primary,clear,0,43.66
primary,clear,0,43.62
secondary,clear,1,24.12
primary,clear,0,43.9
residential,heavy_rain,1,11.09
secondary,clear,1,24.54
primary,clear,0,42.21
primary,clear,0,44.18
secondary,clear,0,36.29
secondary,light_rain,0,35.41
primary,clear,0,44.33
primary,clear,0,43.9
residential,clear,0,26.76
primary,clear,0,39.79
primary,clear,0,44.48
residential,clear,1,19.81
secondary,clear,0,34.07
primary,clear,0,42.1
secondary,clear,0,36.93
primary,moderate_rain,0,40.68
secondary,light_rain,0,33.36
secondary,light_rain,0,34.61
residential,heavy_rain,0,15.51
residential,clear,0,26.31
residential,heavy_rain,0,15.53
residential,clear,0,25.54
secondary,clear,0,35.43
primary,clear,0,45.7
secondary,clear,0,36.75
secondary,flooded,1,11.0
residential,clear,0,23.1
primary,clear,0,44.46
residential,clear,0,24.02
residential,clear,1,16.35
residential,clear,1,15.26
residential,clear,1,17.87
primary,clear,0,42.23
primary,heavy_rain,1,19.41
primary,clear,0,43.17
primary,clear,0,43.48
secondary,light_rain,0,35.35
residential,flooded,0,12.14
residential,clear,0,23.89
secondary,clear,0,32.21
primary,flooded,1,14.71
primary,clear,1,28.88
primary,clear,0,42.13
primary,clear,0,43.29
secondary,heavy_rain,1,17.05
primary,flooded,1,16.23
primary,moderate_rain,0,39.77
primary,clear,0,42.66
secondary,clear,0,36.44
secondary,clear,0,37.39
secondary,heavy_rain,0,22.17
secondary,heavy_rain,0,25.46
residential,clear,0,22.97
primary,light_rain,0,44.13
secondary,clear,1,23.17
secondary,clear,0,37.34
secondary,light_rain,0,33.66
residential,clear,1,16.39
primary,clear,0,43.0
secondary,clear,0,32.69
primary,moderate_rain,0,39.42
secondary,heavy_rain,1,16.54
primary,flooded,1,16.04
primary,light_rain,0,43.32
secondary,clear,1,21.71
secondary,clear,0,35.72
primary,flooded,1,13.07
secondary,clear,1,24.2
secondary,light_rain,0,36.06
primary,light_rain,1,29.14
secondary,moderate_rain,0,36.29
secondary,clear,0,34.78
secondary,clear,1,23.27
primary,light_rain,0,42.51
primary,heavy_rain,0,26.87
secondary,light_rain,0,33.76
residential,clear,1,16.38
secondary,clear,1,23.16
primary,light_rain,0,42.81
secondary,light_rain,0,32.14
residential,light_rain,1,14.82
primary,clear,0,44.9
residential,heavy_rain,1,8.25
residential,clear,1,17.77
primary,moderate_rain,0,41.51
residential,clear,0,25.24
primary,clear,0,45.54
residential,heavy_rain,0,16.52
secondary,clear,0,35.94
secondary,clear,1,23.68
secondary,clear,1,23.43
secondary,moderate_rain,0,33.73
primary,clear,1,30.17
secondary,clear,0,33.9
primary,heavy_rain,0,27.18
primary,clear,0,43.31
primary,clear,1,29.41
secondary,clear,0,32.26
primary,flooded,0,21.58
primary,clear,0,41.36
primary,light_rain,0,43.35
primary,clear,0,40.49
secondary,heavy_rain,0,26.29
residential,moderate_rain,1,15.9
primary,clear,0,41.9
residential,clear,0,24.58
secondary,heavy_rain,0,24.23
secondary,clear,1,24.93
secondary,heavy_rain,0,22.99
residential,clear,1,14.69
primary,light_rain,1,26.77
secondary,clear,1,24.02
secondary,light_rain,1,24.64
secondary,clear,0,36.68
residential,clear,0,25.25
primary,clear,0,44.65
secondary,clear,1,26.46
secondary,clear,1,25.38
primary,clear,1,30.5
primary,heavy_rain,0,27.67
secondary,clear,0,36.44
residential,light_rain,0,25.23
secondary,clear,0,35.98
residential,clear,0,26.89
secondary,clear,0,35.54
primary,flooded,1,14.4
primary,moderate_rain,0,40.46
primary,clear,0,42.76
primary,moderate_rain,0,42.39
primary,clear,0,43.62
secondary,clear,1,23.96
secondary,clear,0,36.44
primary,clear,0,44.5
primary,clear,0,43.11
primary,light_rain,1,27.31
secondary,clear,0,35.58
primary,moderate_rain,0,45.44
primary,clear,0,43.68
residential,clear,0,24.56
residential,light_rain,1,17.35
primary,moderate_rain,0,42.96
secondary,heavy_rain,0,24.27
primary,clear,0,45.26
secondary,moderate_rain,1,23.55
secondary,moderate_rain,0,36.07
primary,clear,1,29.46
secondary,clear,0,37.27
primary,clear,1,30.93
primary,clear,1,30.5
primary,clear,0,44.38
secondary,flooded,0,20.95
primary,clear,0,44.81
primary,light_rain,1,27.31
primary,light_rain,0,42.78
primary,clear,0,42.8
secondary,clear,0,38.1
primary,clear,0,45.08
primary,light_rain,0,45.46
secondary,flooded,1,10.66
secondary,clear,1,25.24
residential,heavy_rain,0,14.67
secondary,clear,0,32.61
primary,light_rain,0,41.81
secondary,clear,1,25.86
secondary,clear,0,33.51
primary,clear,0,43.17
residential,clear,0,26.78
primary,clear,1,30.39
residential,light_rain,0,27.87
residential,clear,0,25.01
secondary,light_rain,0,33.7
residential,clear,0,23.36
secondary,moderate_rain,0,33.53
primary,moderate_rain,0,40.41
secondary,moderate_rain,0,31.39
primary,clear,1,32.06
primary,clear,0,43.27
secondary,moderate_rain,0,37.97
primary,clear,0,41.94
primary,clear,0,42.56
secondary,clear,0,33.84
residential,light_rain,1,15.58
primary,light_rain,0,43.72
primary,light_rain,1,29.43
primary,clear,1,30.43
secondary,clear,0,37.01
primary,heavy_rain,1,21.13
secondary,clear,0,33.49
primary,clear,0,42.41
primary,clear,1,29.3
residential,clear,0,30.59
primary,clear,0,44.36
secondary,clear,0,35.16
primary,clear,0,44.21
secondary,clear,0,34.1
secondary,heavy_rain,1,16.16
primary,clear,0,44.63
primary,clear,1,29.07
primary,light_rain,0,41.27
secondary,flooded,0,17.38
secondary,clear,0,34.52
secondary,moderate_rain,0,32.05
secondary,clear,0,34.14
primary,clear,1,27.03
primary,clear,0,41.34
primary,clear,0,41.49
primary,light_rain,0,43.84
primary,clear,0,45.43
secondary,clear,0,32.7
secondary,light_rain,0,36.73
residential,clear,1,15.16
primary,heavy_rain,1,20.58
secondary,heavy_rain,0,23.79
residential,clear,0,25.95
secondary,flooded,0,15.75
primary,clear,1,26.4
primary,clear,1,27.91
primary,clear,1,29.76
primary,light_rain,0,45.34
secondary,light_rain,0,32.81
primary,clear,0,43.05
primary,clear,1,27.99
secondary,clear,1,23.56
secondary,heavy_rain,0,20.5
secondary,heavy_rain,1,18.02
secondary,light_rain,1,23.19
primary,light_rain,0,43.79
primary,clear,1,28.77
primary,clear,0,43.49
secondary,clear,0,36.69
residential,light_rain,0,24.74
primary,clear,0,43.45
secondary,clear,1,22.4
primary,flooded,0,20.8
secondary,moderate_rain,0,32.56
primary,clear,0,42.09
primary,light_rain,0,44.29
residential,heavy_rain,0,19.43
secondary,clear,0,33.13
secondary,clear,0,35.59
primary,clear,1,28.64
primary,clear,1,31.21
primary,moderate_rain,0,42.27
residential,clear,1,16.84
residential,clear,1,15.73
secondary,clear,0,32.7
primary,clear,0,44.34
residential,clear,1,17.38
secondary,light_rain,0,34.93
secondary,clear,0,34.1
primary,light_rain,1,28.37
secondary,light_rain,0,35.55
secondary,clear,1,25.06
residential,light_rain,0,22.77
secondary,light_rain,0,33.41
primary,clear,0,41.12
secondary,clear,0,35.3
residential,light_rain,1,17.87
primary,flooded,0,21.18
primary,clear,1,28.12
primary,clear,0,42.7
secondary,clear,0,38.46
primary,clear,1,30.9
secondary,clear,0,36.1
primary,clear,1,29.6
residential,clear,0,24.98
primary,clear,1,27.76
primary,clear,0,41.61
secondary,clear,1,22.74
secondary,clear,1,22.16
primary,clear,0,42.29
primary,moderate_rain,0,41.92
primary,heavy_rain,0,28.84
secondary,clear,0,34.07
secondary,clear,0,35.74
secondary,clear,0,34.72
secondary,clear,0,35.32
secondary,clear,0,33.88
primary,clear,1,30.16
residential,light_rain,1,15.74
residential,clear,1,19.26
primary,clear,0,42.86
primary,moderate_rain,0,41.93
primary,light_rain,0,43.3
primary,clear,1,30.33
secondary,clear,0,36.38
secondary,clear,0,37.66
secondary,clear,0,35.99
secondary,clear,0,34.9
secondary,clear,0,34.21
secondary,clear,0,34.8
primary,light_rain,0,44.64
primary,light_rain,0,40.33
secondary,clear,0,33.77
primary,clear,0,42.87
primary,clear,1,27.87
residential,clear,0,24.39
secondary,clear,0,37.71
primary,heavy_rain,1,19.02
secondary,light_rain,1,23.78
secondary,heavy_rain,0,20.91
primary,light_rain,0,40.76
primary,flooded,1,15.96
residential,light_rain,0,27.04
primary,flooded,1,14.89
primary,clear,0,42.74
secondary,clear,1,24.33
secondary,clear,0,31.1
primary,flooded,1,14.9
primary,clear,0,41.63
primary,clear,1,30.31
residential,clear,0,21.71
primary,light_rain,0,41.47
secondary,clear,0,34.94
residential,light_rain,1,15.4
primary,flooded,0,21.04
residential,heavy_rain,0,18.07
residential,clear,0,24.96
residential,clear,1,15.45
primary,clear,0,44.61
secondary,clear,0,35.38
secondary,clear,1,24.03
residential,moderate_rain,1,15.07
primary,clear,0,39.38
secondary,heavy_rain,0,22.04
primary,heavy_rain,0,27.37
primary,clear,0,42.28
secondary,flooded,0,16.24
secondary,light_rain,0,34.53
secondary,clear,1,24.91
secondary,clear,0,36.61
residential,clear,1,18.11
primary,clear,0,41.85
secondary,light_rain,0,34.45
primary,clear,0,45.55
primary,light_rain,1,26.21
secondary,clear,0,37.02
residential,clear,0,23.51
secondary,clear,0,35.44
secondary,clear,0,35.62
primary,clear,0,43.48
primary,clear,1,32.46
secondary,heavy_rain,1,15.32
primary,light_rain,0,39.95
primary,clear,1,29.65
secondary,clear,0,34.74
primary,clear,1,29.95
primary,clear,0,44.52
secondary,light_rain,1,23.11
secondary,moderate_rain,1,23.63
residential,light_rain,1,16.76
secondary,clear,0,37.69
secondary,heavy_rain,0,22.84
residential,clear,1,15.82
secondary,heavy_rain,1,17.09
primary,clear,0,41.81
primary,clear,0,43.79
secondary,clear,0,34.75
secondary,clear,0,34.85
secondary,moderate_rain,1,26.63
secondary,light_rain,1,25.01
secondary,clear,0,36.53
residential,light_rain,1,17.34
secondary,clear,0,33.96
primary,clear,0,43.59
residential,flooded,0,13.37
primary,heavy_rain,1,19.76
secondary,clear,1,23.73
residential,clear,0,24.4
secondary,clear,0,35.41
secondary,moderate_rain,0,33.29
secondary,heavy_rain,0,24.45
primary,clear,0,40.18
primary,moderate_rain,0,44.11
secondary,clear,1,21.62
secondary,clear,0,33.4
secondary,heavy_rain,0,24.01
primary,clear,0,44.01
secondary,clear,0,38.12
secondary,light_rain,0,34.8
secondary,clear,0,34.94
secondary,clear,0,35.29
secondary,heavy_rain,1,18.16
secondary,light_rain,0,38.0
secondary,moderate_rain,0,33.81
residential,clear,1,17.66
primary,clear,0,43.09
residential,flooded,0,12.36
primary,clear,0,46.02
primary,clear,0,41.81
residential,clear,0,21.5
primary,clear,0,43.68
secondary,clear,1,25.39
residential,heavy_rain,1,11.59
residential,flooded,0,13.25
residential,clear,0,26.13
primary,moderate_rain,0,42.23
secondary,heavy_rain,0,24.23
primary,light_rain,0,43.22
secondary,clear,0,32.06
residential,clear,0,25.17
primary,clear,0,40.84
secondary,clear,0,34.94
secondary,clear,0,34.26
secondary,clear,0,36.55
residential,clear,0,25.37
primary,clear,0,43.91
secondary,clear,0,34.71
residential,clear,0,26.58
secondary,moderate_rain,0,31.69
primary,clear,0,41.86
secondary,moderate_rain,0,36.01
primary,flooded,1,13.9
primary,light_rain,0,39.19
residential,light_rain,0,26.72
secondary,heavy_rain,0,25.01
residential,clear,0,26.07
residential,flooded,0,12.64
secondary,moderate_rain,1,25.46
primary,light_rain,1,30.47
secondary,clear,0,37.32
primary,clear,0,44.24
residential,light_rain,0,24.73
primary,light_rain,0,41.81
primary,light_rain,1,26.68
secondary,clear,0,35.75
primary,clear,0,44.08
primary,clear,0,42.68
secondary,clear,0,35.92
primary,clear,1,28.62
primary,clear,1,30.42
primary,clear,1,27.79
secondary,clear,0,33.42
secondary,clear,0,34.64
secondary,heavy_rain,1,17.01
secondary,moderate_rain,1,21.23
primary,light_rain,0,43.98
residential,clear,1,14.39
primary,light_rain,0,42.04
secondary,clear,0,32.88
residential,flooded,0,8.59
residential,light_rain,0,25.09
primary,clear,1,28.85
primary,heavy_rain,0,26.78
secondary,clear,1,22.82
primary,clear,0,43.86
residential,light_rain,0,23.99
secondary,clear,1,23.29
secondary,clear,0,34.4
primary,light_rain,1,27.71
secondary,clear,0,34.11
secondary,light_rain,0,33.42
residential,heavy_rain,0,15.58
primary,clear,1,27.59
primary,clear,0,42.63
primary,clear,0,42.24
primary,clear,1,27.51
secondary,clear,0,36.15
residential,clear,1,18.7
primary,clear,0,43.2
residential,clear,0,25.1
primary,light_rain,0,41.37
primary,heavy_rain,0,30.48
primary,moderate_rain,0,44.68
primary,clear,0,42.95
residential,clear,0,24.22
primary,light_rain,0,42.92
secondary,clear,0,35.19
secondary,clear,0,34.25
residential,moderate_rain,0,25.05
primary,clear,1,30.52
primary,clear,0,42.02
primary,heavy_rain,0,32.69
secondary,heavy_rain,0,21.1
primary,clear,0,41.92
residential,clear,0,25.35
secondary,clear,1,26.96
secondary,light_rain,1,22.31
secondary,clear,1,21.99
primary,clear,0,44.02
secondary,flooded,0,17.13
residential,clear,1,17.85
residential,heavy_rain,0,16.61
residential,flooded,1,7.14
residential,clear,0,28.52
primary,moderate_rain,1,23.92
primary,clear,1,31.85
primary,light_rain,0,43.81
primary,moderate_rain,0,40.95
primary,clear,0,46.01
secondary,light_rain,1,21.1
secondary,moderate_rain,1,24.48
residential,clear,0,21.88
secondary,clear,0,33.28
residential,clear,1,15.13
primary,clear,0,42.07
primary,flooded,1,14.58
secondary,moderate_rain,1,21.73
primary,clear,1,26.06
primary,clear,0,43.9
primary,clear,0,43.27
primary,clear,0,43.81
secondary,clear,1,23.85
secondary,clear,0,36.43
secondary,clear,0,34.89
secondary,flooded,0,19.02
primary,light_rain,0,41.25
primary,light_rain,1,27.51
primary,clear,1,31.18
primary,flooded,0,23.63
secondary,moderate_rain,0,34.94
secondary,heavy_rain,1,14.44
secondary,clear,0,33.55
primary,clear,0,45.19
secondary,clear,0,36.91
secondary,clear,0,34.9
secondary,light_rain,0,37.87
secondary,heavy_rain,0,24.09
secondary,clear,0,33.34
secondary,clear,0,34.59
secondary,light_rain,0,34.37
primary,clear,1,29.25
secondary,light_rain,0,36.23
primary,light_rain,0,40.98
primary,clear,0,41.2
residential,moderate_rain,1,17.31
residential,clear,0,24.24
primary,heavy_rain,1,23.1
secondary,moderate_rain,0,35.5
primary,heavy_rain,0,28.09
secondary,clear,0,36.82
residential,clear,0,26.1
residential,clear,0,25.95
secondary,clear,0,34.82
primary,heavy_rain,0,29.51
secondary,clear,0,31.85
primary,moderate_rain,1,30.33
residential,clear,1,11.7
residential,clear,0,24.34
secondary,heavy_rain,0,21.0
primary,clear,0,42.45
primary,moderate_rain,0,41.96
primary,clear,0,41.4
residential,heavy_rain,0,12.55
secondary,clear,0,35.31
primary,moderate_rain,1,31.48
secondary,clear,0,34.47
residential,clear,0,26.44
primary,heavy_rain,0,31.14
residential,heavy_rain,1,8.41
residential,clear,1,16.16
residential,clear,0,23.09
primary,clear,0,41.99
primary,clear,0,45.75
