order_id,hub_id,hub_strategy,traffic_condition,scenario,time,distance,cost,co2,modes_used
1,2,nearest,Off-Peak,Road Only,4.0132,2.0066,6019.85,0.2408,road
1,2,nearest,Off-Peak,Road + Metro,4.0132,2.0066,6019.85,0.2408,road
1,2,nearest,Off-Peak,Road + Waterbus,4.0132,2.0066,6019.85,0.2408,road
1,2,nearest,Off-Peak,Full Multimodal,4.0132,2.0066,6019.85,0.2408,road
1,2,nearest,Peak,Road Only,10.0331,2.0066,6019.85,0.2408,road
1,2,nearest,Peak,Road + Metro,10.0331,2.0066,6019.85,0.2408,road
1,2,nearest,Peak,Road + Waterbus,10.0331,2.0066,6019.85,0.2408,road
1,2,nearest,Peak,Full Multimodal,10.0331,2.0066,6019.85,0.2408,road
2,2,nearest,Off-Peak,Road Only,6.8751,3.4376,10312.68,0.4125,road
2,2,nearest,Off-Peak,Road + Metro,6.8751,3.4376,10312.68,0.4125,road
2,2,nearest,Off-Peak,Road + Waterbus,6.8751,3.4376,10312.68,0.4125,road
2,2,nearest,Off-Peak,Full Multimodal,6.8751,3.4376,10312.68,0.4125,road
2,2,nearest,Peak,Road Only,17.1878,3.4376,10312.68,0.4125,road
2,2,nearest,Peak,Road + Metro,17.1878,3.4376,10312.68,0.4125,road
2,2,nearest,Peak,Road + Waterbus,17.1878,3.4376,10312.68,0.4125,road
2,2,nearest,Peak,Full Multimodal,17.1878,3.4376,10312.68,0.4125,road
3,2,nearest,Off-Peak,Road Only,3.5256,1.7628,5288.47,0.2115,road
3,2,nearest,Off-Peak,Road + Metro,3.5256,1.7628,5288.47,0.2115,road
3,2,nearest,Off-Peak,Road + Waterbus,3.5256,1.7628,5288.47,0.2115,road
3,2,nearest,Off-Peak,Full Multimodal,3.5256,1.7628,5288.47,0.2115,road
3,2,nearest,Peak,Road Only,8.8141,1.7628,5288.47,0.2115,road
3,2,nearest,Peak,Road + Metro,8.8141,1.7628,5288.47,0.2115,road
3,2,nearest,Peak,Road + Waterbus,8.8141,1.7628,5288.47,0.2115,road
3,2,nearest,Peak,Full Multimodal,8.8141,1.7628,5288.47,0.2115,road
5,2,nearest,Off-Peak,Road Only,5.3357,2.6679,8003.62,0.3201,road
5,2,nearest,Off-Peak,Road + Metro,5.3357,2.6679,8003.62,0.3201,road
5,2,nearest,Off-Peak,Road + Waterbus,5.3357,2.6679,8003.62,0.3201,road
5,2,nearest,Off-Peak,Full Multimodal,5.3357,2.6679,8003.62,0.3201,road
5,2,nearest,Peak,Road Only,13.3394,2.6679,8003.62,0.3201,road
5,2,nearest,Peak,Road + Metro,13.3394,2.6679,8003.62,0.3201,road
5,2,nearest,Peak,Road + Waterbus,13.3394,2.6679,8003.62,0.3201,road
5,2,nearest,Peak,Full Multimodal,13.3394,2.6679,8003.62,0.3201,road
6,2,nearest,Off-Peak,Road Only,4.5264,2.2632,6789.67,0.2716,road
6,2,nearest,Off-Peak,Road + Metro,4.5264,2.2632,6789.67,0.2716,road
6,2,nearest,Off-Peak,Road + Waterbus,4.5264,2.2632,6789.67,0.2716,road
6,2,nearest,Off-Peak,Full Multimodal,4.5264,2.2632,6789.67,0.2716,road
6,2,nearest,Peak,Road Only,11.3161,2.2632,6789.67,0.2716,road
6,2,nearest,Peak,Road + Metro,11.3161,2.2632,6789.67,0.2716,road
6,2,nearest,Peak,Road + Waterbus,11.3161,2.2632,6789.67,0.2716,road
6,2,nearest,Peak,Full Multimodal,11.3161,2.2632,6789.67,0.2716,road
8,2,nearest,Off-Peak,Road Only,5.148,2.574,7722.02,0.3089,road
8,2,nearest,Off-Peak,Road + Metro,5.148,2.574,7722.02,0.3089,road
8,2,nearest,Off-Peak,Road + Waterbus,5.148,2.574,7722.02,0.3089,road
8,2,nearest,Off-Peak,Full Multimodal,5.148,2.574,7722.02,0.3089,road
8,2,nearest,Peak,Road Only,12.87,2.574,7722.02,0.3089,road
8,2,nearest,Peak,Road + Metro,12.87,2.574,7722.02,0.3089,road
8,2,nearest,Peak,Road + Waterbus,12.87,2.574,7722.02,0.3089,road
8,2,nearest,Peak,Full Multimodal,12.87,2.574,7722.02,0.3089,road
9,2,nearest,Off-Peak,Road Only,5.4647,2.7324,8197.06,0.3279,road
9,2,nearest,Off-Peak,Road + Metro,5.4647,2.7324,8197.06,0.3279,road
9,2,nearest,Off-Peak,Road + Waterbus,5.4647,2.7324,8197.06,0.3279,road
9,2,nearest,Off-Peak,Full Multimodal,5.4647,2.7324,8197.06,0.3279,road
9,2,nearest,Peak,Road Only,13.6618,2.7324,8197.06,0.3279,road
9,2,nearest,Peak,Road + Metro,13.6618,2.7324,8197.06,0.3279,road
9,2,nearest,Peak,Road + Waterbus,13.6618,2.7324,8197.06,0.3279,road
9,2,nearest,Peak,Full Multimodal,13.6618,2.7324,8197.06,0.3279,road
10,2,nearest,Off-Peak,Road Only,5.5698,2.7849,8354.73,0.3342,road
10,2,nearest,Off-Peak,Road + Metro,5.5698,2.7849,8354.73,0.3342,road
10,2,nearest,Off-Peak,Road + Waterbus,5.5698,2.7849,8354.73,0.3342,road
10,2,nearest,Off-Peak,Full Multimodal,5.5698,2.7849,8354.73,0.3342,road
10,2,nearest,Peak,Road Only,13.9246,2.7849,8354.73,0.3342,road
10,2,nearest,Peak,Road + Metro,13.9246,2.7849,8354.73,0.3342,road
10,2,nearest,Peak,Road + Waterbus,13.9246,2.7849,8354.73,0.3342,road
10,2,nearest,Peak,Full Multimodal,13.9246,2.7849,8354.73,0.3342,road
11,2,nearest,Off-Peak,Road Only,6.9427,3.4713,10414.04,0.4166,road
11,2,nearest,Off-Peak,Road + Metro,6.9427,3.4713,10414.04,0.4166,road
11,2,nearest,Off-Peak,Road + Waterbus,6.9427,3.4713,10414.04,0.4166,road
11,2,nearest,Off-Peak,Full Multimodal,6.9427,3.4713,10414.04,0.4166,road
11,2,nearest,Peak,Road Only,17.3567,3.4713,10414.04,0.4166,road
11,2,nearest,Peak,Road + Metro,17.3567,3.4713,10414.04,0.4166,road
11,2,nearest,Peak,Road + Waterbus,17.3567,3.4713,10414.04,0.4166,road
11,2,nearest,Peak,Full Multimodal,17.3567,3.4713,10414.04,0.4166,road
12,2,nearest,Off-Peak,Road Only,5.4647,2.7324,8197.06,0.3279,road
12,2,nearest,Off-Peak,Road + Metro,5.4647,2.7324,8197.06,0.3279,road
12,2,nearest,Off-Peak,Road + Waterbus,5.4647,2.7324,8197.06,0.3279,road
12,2,nearest,Off-Peak,Full Multimodal,5.4647,2.7324,8197.06,0.3279,road
12,2,nearest,Peak,Road Only,13.6618,2.7324,8197.06,0.3279,road
12,2,nearest,Peak,Road + Metro,13.6618,2.7324,8197.06,0.3279,road
12,2,nearest,Peak,Road + Waterbus,13.6618,2.7324,8197.06,0.3279,road
12,2,nearest,Peak,Full Multimodal,13.6618,2.7324,8197.06,0.3279,road
13,2,nearest,Off-Peak,Road Only,5.9089,2.9544,8863.28,0.3545,road
13,2,nearest,Off-Peak,Road + Metro,5.9089,2.9544,8863.28,0.3545,road
13,2,nearest,Off-Peak,Road + Waterbus,5.9089,2.9544,8863.28,0.3545,road
13,2,nearest,Off-Peak,Full Multimodal,5.9089,2.9544,8863.28,0.3545,road
13,2,nearest,Peak,Road Only,14.7721,2.9544,8863.28,0.3545,road
13,2,nearest,Peak,Road + Metro,14.7721,2.9544,8863.28,0.3545,road
13,2,nearest,Peak,Road + Waterbus,14.7721,2.9544,8863.28,0.3545,road
13,2,nearest,Peak,Full Multimodal,14.7721,2.9544,8863.28,0.3545,road
15,2,nearest,Off-Peak,Road Only,7.5645,3.7822,11346.73,0.4539,road
15,2,nearest,Off-Peak,Road + Metro,7.5645,3.7822,11346.73,0.4539,road
15,2,nearest,Off-Peak,Road + Waterbus,7.5645,3.7822,11346.73,0.4539,road
15,2,nearest,Off-Peak,Full Multimodal,7.5645,3.7822,11346.73,0.4539,road
15,2,nearest,Peak,Road Only,18.9112,3.7822,11346.73,0.4539,road
15,2,nearest,Peak,Road + Metro,17.1857,4.0655,21476.98,0.2943,metro+road+transfer
15,2,nearest,Peak,Road + Waterbus,18.9112,3.7822,11346.73,0.4539,road
15,2,nearest,Peak,Full Multimodal,17.1857,4.0655,21476.98,0.2943,metro+road+transfer
16,2,nearest,Off-Peak,Road Only,5.1213,2.5606,7681.88,0.3073,road
16,2,nearest,Off-Peak,Road + Metro,5.1213,2.5606,7681.88,0.3073,road
16,2,nearest,Off-Peak,Road + Waterbus,5.1213,2.5606,7681.88,0.3073,road
16,2,nearest,Off-Peak,Full Multimodal,5.1213,2.5606,7681.88,0.3073,road
16,2,nearest,Peak,Road Only,12.8031,2.5606,7681.88,0.3073,road
16,2,nearest,Peak,Road + Metro,12.8031,2.5606,7681.88,0.3073,road
16,2,nearest,Peak,Road + Waterbus,12.8031,2.5606,7681.88,0.3073,road
16,2,nearest,Peak,Full Multimodal,12.8031,2.5606,7681.88,0.3073,road
17,2,nearest,Off-Peak,Road Only,6.5482,3.2741,9822.26,0.3929,road
17,2,nearest,Off-Peak,Road + Metro,6.5482,3.2741,9822.26,0.3929,road
17,2,nearest,Off-Peak,Road + Waterbus,6.5482,3.2741,9822.26,0.3929,road
17,2,nearest,Off-Peak,Full Multimodal,6.5482,3.2741,9822.26,0.3929,road
17,2,nearest,Peak,Road Only,16.3704,3.2741,9822.26,0.3929,road
17,2,nearest,Peak,Road + Metro,14.5751,3.5434,19910.64,0.2316,metro+road+transfer
17,2,nearest,Peak,Road + Waterbus,16.3704,3.2741,9822.26,0.3929,road
17,2,nearest,Peak,Full Multimodal,14.5751,3.5434,19910.64,0.2316,metro+road+transfer
18,2,nearest,Off-Peak,Road Only,5.3136,2.6568,7970.36,0.3188,road
18,2,nearest,Off-Peak,Road + Metro,5.3136,2.6568,7970.36,0.3188,road
18,2,nearest,Off-Peak,Road + Waterbus,5.3136,2.6568,7970.36,0.3188,road
18,2,nearest,Off-Peak,Full Multimodal,5.3136,2.6568,7970.36,0.3188,road
18,2,nearest,Peak,Road Only,13.2839,2.6568,7970.36,0.3188,road
18,2,nearest,Peak,Road + Metro,13.2839,2.6568,7970.36,0.3188,road
18,2,nearest,Peak,Road + Waterbus,13.2839,2.6568,7970.36,0.3188,road
18,2,nearest,Peak,Full Multimodal,13.2839,2.6568,7970.36,0.3188,road
19,2,nearest,Off-Peak,Road Only,5.8015,2.9007,8702.23,0.3481,road
19,2,nearest,Off-Peak,Road + Metro,5.8015,2.9007,8702.23,0.3481,road
19,2,nearest,Off-Peak,Road + Waterbus,5.8015,2.9007,8702.23,0.3481,road
19,2,nearest,Off-Peak,Full Multimodal,5.8015,2.9007,8702.23,0.3481,road
19,2,nearest,Peak,Road Only,14.5037,2.9007,8702.23,0.3481,road
19,2,nearest,Peak,Road + Metro,14.5037,2.9007,8702.23,0.3481,road
19,2,nearest,Peak,Road + Waterbus,14.5037,2.9007,8702.23,0.3481,road
19,2,nearest,Peak,Full Multimodal,14.5037,2.9007,8702.23,0.3481,road
20,2,nearest,Off-Peak,Road Only,7.4218,3.7109,11132.72,0.4453,road
20,2,nearest,Off-Peak,Road + Metro,7.4218,3.7109,11132.72,0.4453,road
20,2,nearest,Off-Peak,Road + Waterbus,7.4218,3.7109,11132.72,0.4453,road
20,2,nearest,Off-Peak,Full Multimodal,7.4218,3.7109,11132.72,0.4453,road
20,2,nearest,Peak,Road Only,18.5545,3.7109,11132.72,0.4453,road
20,2,nearest,Peak,Road + Metro,16.829,3.9942,21262.97,0.2857,metro+road+transfer
20,2,nearest,Peak,Road + Waterbus,18.5545,3.7109,11132.72,0.4453,road
20,2,nearest,Peak,Full Multimodal,16.829,3.9942,21262.97,0.2857,metro+road+transfer
21,2,nearest,Off-Peak,Road Only,4.056,2.028,6083.94,0.2434,road
21,2,nearest,Off-Peak,Road + Metro,4.056,2.028,6083.94,0.2434,road
21,2,nearest,Off-Peak,Road + Waterbus,4.056,2.028,6083.94,0.2434,road
21,2,nearest,Off-Peak,Full Multimodal,4.056,2.028,6083.94,0.2434,road
21,2,nearest,Peak,Road Only,10.1399,2.028,6083.94,0.2434,road
21,2,nearest,Peak,Road + Metro,10.1399,2.028,6083.94,0.2434,road
21,2,nearest,Peak,Road + Waterbus,10.1399,2.028,6083.94,0.2434,road
21,2,nearest,Peak,Full Multimodal,10.1399,2.028,6083.94,0.2434,road
22,2,nearest,Off-Peak,Road Only,4.5025,2.2513,6753.75,0.2702,road
22,2,nearest,Off-Peak,Road + Metro,4.5025,2.2513,6753.75,0.2702,road
22,2,nearest,Off-Peak,Road + Waterbus,4.5025,2.2513,6753.75,0.2702,road
22,2,nearest,Off-Peak,Full Multimodal,4.5025,2.2513,6753.75,0.2702,road
22,2,nearest,Peak,Road Only,11.2563,2.2513,6753.75,0.2702,road
22,2,nearest,Peak,Road + Metro,11.2563,2.2513,6753.75,0.2702,road
22,2,nearest,Peak,Road + Waterbus,11.2563,2.2513,6753.75,0.2702,road
22,2,nearest,Peak,Full Multimodal,11.2563,2.2513,6753.75,0.2702,road
23,2,nearest,Off-Peak,Road Only,7.213,3.6065,10819.5,0.4328,road
23,2,nearest,Off-Peak,Road + Metro,7.213,3.6065,10819.5,0.4328,road
23,2,nearest,Off-Peak,Road + Waterbus,7.213,3.6065,10819.5,0.4328,road
23,2,nearest,Off-Peak,Full Multimodal,7.213,3.6065,10819.5,0.4328,road
23,2,nearest,Peak,Road Only,18.0325,3.6065,10819.5,0.4328,road
23,2,nearest,Peak,Road + Metro,18.0325,3.6065,10819.5,0.4328,road
23,2,nearest,Peak,Road + Waterbus,18.0325,3.6065,10819.5,0.4328,road
23,2,nearest,Peak,Full Multimodal,18.0325,3.6065,10819.5,0.4328,road
24,2,nearest,Off-Peak,Road Only,6.73,3.365,10094.99,0.4038,road
24,2,nearest,Off-Peak,Road + Metro,6.73,3.365,10094.99,0.4038,road
24,2,nearest,Off-Peak,Road + Waterbus,6.73,3.365,10094.99,0.4038,road
24,2,nearest,Off-Peak,Full Multimodal,6.73,3.365,10094.99,0.4038,road
24,2,nearest,Peak,Road Only,16.825,3.365,10094.99,0.4038,road
24,2,nearest,Peak,Road + Metro,16.825,3.365,10094.99,0.4038,road
24,2,nearest,Peak,Road + Waterbus,16.825,3.365,10094.99,0.4038,road
24,2,nearest,Peak,Full Multimodal,16.825,3.365,10094.99,0.4038,road
25,2,nearest,Off-Peak,Road Only,5.999,2.9995,8998.48,0.3599,road
25,2,nearest,Off-Peak,Road + Metro,5.999,2.9995,8998.48,0.3599,road
25,2,nearest,Off-Peak,Road + Waterbus,5.999,2.9995,8998.48,0.3599,road
25,2,nearest,Off-Peak,Full Multimodal,5.999,2.9995,8998.48,0.3599,road
25,2,nearest,Peak,Road Only,14.9975,2.9995,8998.48,0.3599,road
25,2,nearest,Peak,Road + Metro,14.9975,2.9995,8998.48,0.3599,road
25,2,nearest,Peak,Road + Waterbus,14.9975,2.9995,8998.48,0.3599,road
25,2,nearest,Peak,Full Multimodal,14.9975,2.9995,8998.48,0.3599,road
26,2,nearest,Off-Peak,Road Only,4.7392,2.3696,7108.79,0.2844,road
26,2,nearest,Off-Peak,Road + Metro,4.7392,2.3696,7108.79,0.2844,road
26,2,nearest,Off-Peak,Road + Waterbus,4.7392,2.3696,7108.79,0.2844,road
26,2,nearest,Off-Peak,Full Multimodal,4.7392,2.3696,7108.79,0.2844,road
26,2,nearest,Peak,Road Only,11.848,2.3696,7108.79,0.2844,road
26,2,nearest,Peak,Road + Metro,11.848,2.3696,7108.79,0.2844,road
26,2,nearest,Peak,Road + Waterbus,11.848,2.3696,7108.79,0.2844,road
26,2,nearest,Peak,Full Multimodal,11.848,2.3696,7108.79,0.2844,road
27,2,nearest,Off-Peak,Road Only,7.7389,3.8695,11608.37,0.4643,road
27,2,nearest,Off-Peak,Road + Metro,7.7389,3.8695,11608.37,0.4643,road
27,2,nearest,Off-Peak,Road + Waterbus,7.7389,3.8695,11608.37,0.4643,road
27,2,nearest,Off-Peak,Full Multimodal,7.7389,3.8695,11608.37,0.4643,road
27,2,nearest,Peak,Road Only,19.3473,3.8695,11608.37,0.4643,road
27,2,nearest,Peak,Road + Metro,17.6218,4.1527,21738.62,0.3048,metro+road+transfer
27,2,nearest,Peak,Road + Waterbus,19.3473,3.8695,11608.37,0.4643,road
27,2,nearest,Peak,Full Multimodal,17.6218,4.1527,21738.62,0.3048,metro+road+transfer
28,2,nearest,Off-Peak,Road Only,7.6219,3.811,11432.91,0.4573,road
28,2,nearest,Off-Peak,Road + Metro,7.6219,3.811,11432.91,0.4573,road
28,2,nearest,Off-Peak,Road + Waterbus,7.6219,3.811,11432.91,0.4573,road
28,2,nearest,Off-Peak,Full Multimodal,7.6219,3.811,11432.91,0.4573,road
28,2,nearest,Peak,Road Only,19.0548,3.811,11432.91,0.4573,road
28,2,nearest,Peak,Road + Metro,19.0548,3.811,11432.91,0.4573,road
28,2,nearest,Peak,Road + Waterbus,19.0548,3.811,11432.91,0.4573,road
28,2,nearest,Peak,Full Multimodal,19.0548,3.811,11432.91,0.4573,road
29,2,nearest,Off-Peak,Road Only,5.999,2.9995,8998.48,0.3599,road
29,2,nearest,Off-Peak,Road + Metro,5.999,2.9995,8998.48,0.3599,road
29,2,nearest,Off-Peak,Road + Waterbus,5.999,2.9995,8998.48,0.3599,road
29,2,nearest,Off-Peak,Full Multimodal,5.999,2.9995,8998.48,0.3599,road
29,2,nearest,Peak,Road Only,14.9975,2.9995,8998.48,0.3599,road
29,2,nearest,Peak,Road + Metro,14.9975,2.9995,8998.48,0.3599,road
29,2,nearest,Peak,Road + Waterbus,14.9975,2.9995,8998.48,0.3599,road
29,2,nearest,Peak,Full Multimodal,14.9975,2.9995,8998.48,0.3599,road
30,2,nearest,Off-Peak,Road Only,5.64,2.82,8459.98,0.3384,road
30,2,nearest,Off-Peak,Road + Metro,5.64,2.82,8459.98,0.3384,road
30,2,nearest,Off-Peak,Road + Waterbus,5.64,2.82,8459.98,0.3384,road
30,2,nearest,Off-Peak,Full Multimodal,5.64,2.82,8459.98,0.3384,road
30,2,nearest,Peak,Road Only,14.1,2.82,8459.98,0.3384,road
30,2,nearest,Peak,Road + Metro,14.1,2.82,8459.98,0.3384,road
30,2,nearest,Peak,Road + Waterbus,14.1,2.82,8459.98,0.3384,road
30,2,nearest,Peak,Full Multimodal,14.1,2.82,8459.98,0.3384,road
31,2,nearest,Off-Peak,Road Only,5.7338,2.8669,8600.69,0.344,road
31,2,nearest,Off-Peak,Road + Metro,5.7338,2.8669,8600.69,0.344,road
31,2,nearest,Off-Peak,Road + Waterbus,5.7338,2.8669,8600.69,0.344,road
31,2,nearest,Off-Peak,Full Multimodal,5.7338,2.8669,8600.69,0.344,road
31,2,nearest,Peak,Road Only,14.3345,2.8669,8600.69,0.344,road
31,2,nearest,Peak,Road + Metro,14.3345,2.8669,8600.69,0.344,road
31,2,nearest,Peak,Road + Waterbus,14.3345,2.8669,8600.69,0.344,road
31,2,nearest,Peak,Full Multimodal,14.3345,2.8669,8600.69,0.344,road
32,2,nearest,Off-Peak,Road Only,3.448,1.724,5172.02,0.2069,road
32,2,nearest,Off-Peak,Road + Metro,3.448,1.724,5172.02,0.2069,road
32,2,nearest,Off-Peak,Road + Waterbus,3.448,1.724,5172.02,0.2069,road
32,2,nearest,Off-Peak,Full Multimodal,3.448,1.724,5172.02,0.2069,road
32,2,nearest,Peak,Road Only,8.62,1.724,5172.02,0.2069,road
32,2,nearest,Peak,Road + Metro,8.62,1.724,5172.02,0.2069,road
32,2,nearest,Peak,Road + Waterbus,8.62,1.724,5172.02,0.2069,road
32,2,nearest,Peak,Full Multimodal,8.62,1.724,5172.02,0.2069,road
33,2,nearest,Off-Peak,Road Only,5.9089,2.9544,8863.28,0.3545,road
33,2,nearest,Off-Peak,Road + Metro,5.9089,2.9544,8863.28,0.3545,road
33,2,nearest,Off-Peak,Road + Waterbus,5.9089,2.9544,8863.28,0.3545,road
33,2,nearest,Off-Peak,Full Multimodal,5.9089,2.9544,8863.28,0.3545,road
33,2,nearest,Peak,Road Only,14.7721,2.9544,8863.28,0.3545,road
33,2,nearest,Peak,Road + Metro,14.7721,2.9544,8863.28,0.3545,road
33,2,nearest,Peak,Road + Waterbus,14.7721,2.9544,8863.28,0.3545,road
33,2,nearest,Peak,Full Multimodal,14.7721,2.9544,8863.28,0.3545,road
34,2,nearest,Off-Peak,Road Only,6.0943,3.0472,9141.46,0.3657,road
34,2,nearest,Off-Peak,Road + Metro,6.0943,3.0472,9141.46,0.3657,road
34,2,nearest,Off-Peak,Road + Waterbus,6.0943,3.0472,9141.46,0.3657,road
34,2,nearest,Off-Peak,Full Multimodal,6.0943,3.0472,9141.46,0.3657,road
34,2,nearest,Peak,Road Only,15.2358,3.0472,9141.46,0.3657,road
34,2,nearest,Peak,Road + Metro,15.2358,3.0472,9141.46,0.3657,road
34,2,nearest,Peak,Road + Waterbus,15.2358,3.0472,9141.46,0.3657,road
34,2,nearest,Peak,Full Multimodal,15.2358,3.0472,9141.46,0.3657,road
35,2,nearest,Off-Peak,Road Only,4.5261,2.263,6789.13,0.2716,road
35,2,nearest,Off-Peak,Road + Metro,4.5261,2.263,6789.13,0.2716,road
35,2,nearest,Off-Peak,Road + Waterbus,4.5261,2.263,6789.13,0.2716,road
35,2,nearest,Off-Peak,Full Multimodal,4.5261,2.263,6789.13,0.2716,road
35,2,nearest,Peak,Road Only,11.3152,2.263,6789.13,0.2716,road
35,2,nearest,Peak,Road + Metro,11.3152,2.263,6789.13,0.2716,road
35,2,nearest,Peak,Road + Waterbus,11.3152,2.263,6789.13,0.2716,road
35,2,nearest,Peak,Full Multimodal,11.3152,2.263,6789.13,0.2716,road
36,2,nearest,Off-Peak,Road Only,7.254,3.627,10880.96,0.4352,road
36,2,nearest,Off-Peak,Road + Metro,7.254,3.627,10880.96,0.4352,road
36,2,nearest,Off-Peak,Road + Waterbus,7.254,3.627,10880.96,0.4352,road
36,2,nearest,Off-Peak,Full Multimodal,7.254,3.627,10880.96,0.4352,road
36,2,nearest,Peak,Road Only,18.1349,3.627,10880.96,0.4352,road
36,2,nearest,Peak,Road + Metro,16.4094,3.9103,21011.21,0.2757,metro+road+transfer
36,2,nearest,Peak,Road + Waterbus,18.1349,3.627,10880.96,0.4352,road
36,2,nearest,Peak,Full Multimodal,16.4094,3.9103,21011.21,0.2757,metro+road+transfer
37,2,nearest,Off-Peak,Road Only,4.6668,2.3334,7000.19,0.28,road
37,2,nearest,Off-Peak,Road + Metro,4.6668,2.3334,7000.19,0.28,road
37,2,nearest,Off-Peak,Road + Waterbus,4.6668,2.3334,7000.19,0.28,road
37,2,nearest,Off-Peak,Full Multimodal,4.6668,2.3334,7000.19,0.28,road
37,2,nearest,Peak,Road Only,11.667,2.3334,7000.19,0.28,road
37,2,nearest,Peak,Road + Metro,11.667,2.3334,7000.19,0.28,road
37,2,nearest,Peak,Road + Waterbus,11.667,2.3334,7000.19,0.28,road
37,2,nearest,Peak,Full Multimodal,11.667,2.3334,7000.19,0.28,road
39,2,nearest,Off-Peak,Road Only,7.7389,3.8695,11608.37,0.4643,road
39,2,nearest,Off-Peak,Road + Metro,7.7389,3.8695,11608.37,0.4643,road
39,2,nearest,Off-Peak,Road + Waterbus,7.7389,3.8695,11608.37,0.4643,road
39,2,nearest,Off-Peak,Full Multimodal,7.7389,3.8695,11608.37,0.4643,road
39,2,nearest,Peak,Road Only,19.3473,3.8695,11608.37,0.4643,road
39,2,nearest,Peak,Road + Metro,17.6218,4.1527,21738.62,0.3048,metro+road+transfer
39,2,nearest,Peak,Road + Waterbus,19.3473,3.8695,11608.37,0.4643,road
39,2,nearest,Peak,Full Multimodal,17.6218,4.1527,21738.62,0.3048,metro+road+transfer
40,2,nearest,Off-Peak,Road Only,4.5763,2.2882,6864.52,0.2746,road
40,2,nearest,Off-Peak,Road + Metro,4.5763,2.2882,6864.52,0.2746,road
40,2,nearest,Off-Peak,Road + Waterbus,4.5763,2.2882,6864.52,0.2746,road
40,2,nearest,Off-Peak,Full Multimodal,4.5763,2.2882,6864.52,0.2746,road
40,2,nearest,Peak,Road Only,11.4409,2.2882,6864.52,0.2746,road
40,2,nearest,Peak,Road + Metro,11.4409,2.2882,6864.52,0.2746,road
40,2,nearest,Peak,Road + Waterbus,11.4409,2.2882,6864.52,0.2746,road
40,2,nearest,Peak,Full Multimodal,11.4409,2.2882,6864.52,0.2746,road
41,2,nearest,Off-Peak,Road Only,5.5882,2.7941,8382.29,0.3353,road
41,2,nearest,Off-Peak,Road + Metro,5.5882,2.7941,8382.29,0.3353,road
41,2,nearest,Off-Peak,Road + Waterbus,5.5882,2.7941,8382.29,0.3353,road
41,2,nearest,Off-Peak,Full Multimodal,5.5882,2.7941,8382.29,0.3353,road
41,2,nearest,Peak,Road Only,13.9705,2.7941,8382.29,0.3353,road
41,2,nearest,Peak,Road + Metro,13.9705,2.7941,8382.29,0.3353,road
41,2,nearest,Peak,Road + Waterbus,13.9705,2.7941,8382.29,0.3353,road
41,2,nearest,Peak,Full Multimodal,13.9705,2.7941,8382.29,0.3353,road
42,2,nearest,Off-Peak,Road Only,4.7177,2.3588,7076.52,0.2831,road
42,2,nearest,Off-Peak,Road + Metro,4.7177,2.3588,7076.52,0.2831,road
42,2,nearest,Off-Peak,Road + Waterbus,4.7177,2.3588,7076.52,0.2831,road
42,2,nearest,Off-Peak,Full Multimodal,4.7177,2.3588,7076.52,0.2831,road
42,2,nearest,Peak,Road Only,11.7942,2.3588,7076.52,0.2831,road
42,2,nearest,Peak,Road + Metro,11.7942,2.3588,7076.52,0.2831,road
42,2,nearest,Peak,Road + Waterbus,11.7942,2.3588,7076.52,0.2831,road
42,2,nearest,Peak,Full Multimodal,11.7942,2.3588,7076.52,0.2831,road
43,2,nearest,Off-Peak,Road Only,4.4436,2.2218,6665.34,0.2666,road
43,2,nearest,Off-Peak,Road + Metro,4.4436,2.2218,6665.34,0.2666,road
43,2,nearest,Off-Peak,Road + Waterbus,4.4436,2.2218,6665.34,0.2666,road
43,2,nearest,Off-Peak,Full Multimodal,4.4436,2.2218,6665.34,0.2666,road
43,2,nearest,Peak,Road Only,11.1089,2.2218,6665.34,0.2666,road
43,2,nearest,Peak,Road + Metro,11.1089,2.2218,6665.34,0.2666,road
43,2,nearest,Peak,Road + Waterbus,11.1089,2.2218,6665.34,0.2666,road
43,2,nearest,Peak,Full Multimodal,11.1089,2.2218,6665.34,0.2666,road
44,2,nearest,Off-Peak,Road Only,6.7266,3.3633,10089.9,0.4036,road
44,2,nearest,Off-Peak,Road + Metro,6.7266,3.3633,10089.9,0.4036,road
44,2,nearest,Off-Peak,Road + Waterbus,6.7266,3.3633,10089.9,0.4036,road
44,2,nearest,Off-Peak,Full Multimodal,6.7266,3.3633,10089.9,0.4036,road
44,2,nearest,Peak,Road Only,16.8165,3.3633,10089.9,0.4036,road
44,2,nearest,Peak,Road + Metro,16.8165,3.3633,10089.9,0.4036,road
44,2,nearest,Peak,Road + Waterbus,16.8165,3.3633,10089.9,0.4036,road
44,2,nearest,Peak,Full Multimodal,16.8165,3.3633,10089.9,0.4036,road
45,2,nearest,Off-Peak,Road Only,5.9981,2.9991,8997.19,0.3599,road
45,2,nearest,Off-Peak,Road + Metro,5.9981,2.9991,8997.19,0.3599,road
45,2,nearest,Off-Peak,Road + Waterbus,5.9981,2.9991,8997.19,0.3599,road
45,2,nearest,Off-Peak,Full Multimodal,5.9981,2.9991,8997.19,0.3599,road
45,2,nearest,Peak,Road Only,14.9953,2.9991,8997.19,0.3599,road
45,2,nearest,Peak,Road + Metro,14.9953,2.9991,8997.19,0.3599,road
45,2,nearest,Peak,Road + Waterbus,14.9953,2.9991,8997.19,0.3599,road
45,2,nearest,Peak,Full Multimodal,14.9953,2.9991,8997.19,0.3599,road
46,2,nearest,Off-Peak,Road Only,6.1694,3.0847,9254.16,0.3702,road
46,2,nearest,Off-Peak,Road + Metro,6.1694,3.0847,9254.16,0.3702,road
46,2,nearest,Off-Peak,Road + Waterbus,6.1694,3.0847,9254.16,0.3702,road
46,2,nearest,Off-Peak,Full Multimodal,6.1694,3.0847,9254.16,0.3702,road
46,2,nearest,Peak,Road Only,15.4236,3.0847,9254.16,0.3702,road
46,2,nearest,Peak,Road + Metro,15.4236,3.0847,9254.16,0.3702,road
46,2,nearest,Peak,Road + Waterbus,15.4236,3.0847,9254.16,0.3702,road
46,2,nearest,Peak,Full Multimodal,15.4236,3.0847,9254.16,0.3702,road
47,2,nearest,Off-Peak,Road Only,5.6162,2.8081,8424.31,0.337,road
47,2,nearest,Off-Peak,Road + Metro,5.6162,2.8081,8424.31,0.337,road
47,2,nearest,Off-Peak,Road + Waterbus,5.6162,2.8081,8424.31,0.337,road
47,2,nearest,Off-Peak,Full Multimodal,5.6162,2.8081,8424.31,0.337,road
47,2,nearest,Peak,Road Only,14.0405,2.8081,8424.31,0.337,road
47,2,nearest,Peak,Road + Metro,14.0405,2.8081,8424.31,0.337,road
47,2,nearest,Peak,Road + Waterbus,14.0405,2.8081,8424.31,0.337,road
47,2,nearest,Peak,Full Multimodal,14.0405,2.8081,8424.31,0.337,road
49,2,nearest,Off-Peak,Road Only,5.3136,2.6568,7970.36,0.3188,road
49,2,nearest,Off-Peak,Road + Metro,5.3136,2.6568,7970.36,0.3188,road
49,2,nearest,Off-Peak,Road + Waterbus,5.3136,2.6568,7970.36,0.3188,road
49,2,nearest,Off-Peak,Full Multimodal,5.3136,2.6568,7970.36,0.3188,road
49,2,nearest,Peak,Road Only,13.2839,2.6568,7970.36,0.3188,road
49,2,nearest,Peak,Road + Metro,13.2839,2.6568,7970.36,0.3188,road
49,2,nearest,Peak,Road + Waterbus,13.2839,2.6568,7970.36,0.3188,road
49,2,nearest,Peak,Full Multimodal,13.2839,2.6568,7970.36,0.3188,road
50,2,nearest,Off-Peak,Road Only,7.4025,3.7012,11103.68,0.4441,road
50,2,nearest,Off-Peak,Road + Metro,7.4025,3.7012,11103.68,0.4441,road
50,2,nearest,Off-Peak,Road + Waterbus,7.4025,3.7012,11103.68,0.4441,road
50,2,nearest,Off-Peak,Full Multimodal,7.4025,3.7012,11103.68,0.4441,road
50,2,nearest,Peak,Road Only,18.5061,3.7012,11103.68,0.4441,road
50,2,nearest,Peak,Road + Metro,16.7806,3.9845,21233.93,0.2846,metro+road+transfer
50,2,nearest,Peak,Road + Waterbus,18.5061,3.7012,11103.68,0.4441,road
50,2,nearest,Peak,Full Multimodal,16.7806,3.9845,21233.93,0.2846,metro+road+transfer
51,2,nearest,Off-Peak,Road Only,5.6085,2.8042,8412.7,0.3365,road
51,2,nearest,Off-Peak,Road + Metro,5.6085,2.8042,8412.7,0.3365,road
51,2,nearest,Off-Peak,Road + Waterbus,5.6085,2.8042,8412.7,0.3365,road
51,2,nearest,Off-Peak,Full Multimodal,5.6085,2.8042,8412.7,0.3365,road
51,2,nearest,Peak,Road Only,14.0212,2.8042,8412.7,0.3365,road
51,2,nearest,Peak,Road + Metro,14.0212,2.8042,8412.7,0.3365,road
51,2,nearest,Peak,Road + Waterbus,14.0212,2.8042,8412.7,0.3365,road
51,2,nearest,Peak,Full Multimodal,14.0212,2.8042,8412.7,0.3365,road
52,2,nearest,Off-Peak,Road Only,6.7266,3.3633,10089.9,0.4036,road
52,2,nearest,Off-Peak,Road + Metro,6.7266,3.3633,10089.9,0.4036,road
52,2,nearest,Off-Peak,Road + Waterbus,6.7266,3.3633,10089.9,0.4036,road
52,2,nearest,Off-Peak,Full Multimodal,6.7266,3.3633,10089.9,0.4036,road
52,2,nearest,Peak,Road Only,16.8165,3.3633,10089.9,0.4036,road
52,2,nearest,Peak,Road + Metro,16.8165,3.3633,10089.9,0.4036,road
52,2,nearest,Peak,Road + Waterbus,16.8165,3.3633,10089.9,0.4036,road
52,2,nearest,Peak,Full Multimodal,16.8165,3.3633,10089.9,0.4036,road
53,2,nearest,Off-Peak,Road Only,6.1382,3.0691,9207.36,0.3683,road
53,2,nearest,Off-Peak,Road + Metro,6.1382,3.0691,9207.36,0.3683,road
53,2,nearest,Off-Peak,Road + Waterbus,6.1382,3.0691,9207.36,0.3683,road
53,2,nearest,Off-Peak,Full Multimodal,6.1382,3.0691,9207.36,0.3683,road
53,2,nearest,Peak,Road Only,15.3456,3.0691,9207.36,0.3683,road
53,2,nearest,Peak,Road + Metro,15.3456,3.0691,9207.36,0.3683,road
53,2,nearest,Peak,Road + Waterbus,15.3456,3.0691,9207.36,0.3683,road
53,2,nearest,Peak,Full Multimodal,15.3456,3.0691,9207.36,0.3683,road
54,2,nearest,Off-Peak,Road Only,4.9964,2.4982,7494.55,0.2998,road
54,2,nearest,Off-Peak,Road + Metro,4.9964,2.4982,7494.55,0.2998,road
54,2,nearest,Off-Peak,Road + Waterbus,4.9964,2.4982,7494.55,0.2998,road
54,2,nearest,Off-Peak,Full Multimodal,4.9964,2.4982,7494.55,0.2998,road
54,2,nearest,Peak,Road Only,12.4909,2.4982,7494.55,0.2998,road
54,2,nearest,Peak,Road + Metro,12.4909,2.4982,7494.55,0.2998,road
54,2,nearest,Peak,Road + Waterbus,12.4909,2.4982,7494.55,0.2998,road
54,2,nearest,Peak,Full Multimodal,12.4909,2.4982,7494.55,0.2998,road
55,2,nearest,Off-Peak,Road Only,4.3038,2.1519,6455.66,0.2582,road
55,2,nearest,Off-Peak,Road + Metro,4.3038,2.1519,6455.66,0.2582,road
55,2,nearest,Off-Peak,Road + Waterbus,4.3038,2.1519,6455.66,0.2582,road
55,2,nearest,Off-Peak,Full Multimodal,4.3038,2.1519,6455.66,0.2582,road
55,2,nearest,Peak,Road Only,10.7594,2.1519,6455.66,0.2582,road
55,2,nearest,Peak,Road + Metro,10.7594,2.1519,6455.66,0.2582,road
55,2,nearest,Peak,Road + Waterbus,10.7594,2.1519,6455.66,0.2582,road
55,2,nearest,Peak,Full Multimodal,10.7594,2.1519,6455.66,0.2582,road
56,2,nearest,Off-Peak,Road Only,3.9403,1.9701,5910.41,0.2364,road
56,2,nearest,Off-Peak,Road + Metro,3.9403,1.9701,5910.41,0.2364,road
56,2,nearest,Off-Peak,Road + Waterbus,3.9403,1.9701,5910.41,0.2364,road
56,2,nearest,Off-Peak,Full Multimodal,3.9403,1.9701,5910.41,0.2364,road
56,2,nearest,Peak,Road Only,9.8507,1.9701,5910.41,0.2364,road
56,2,nearest,Peak,Road + Metro,9.8507,1.9701,5910.41,0.2364,road
56,2,nearest,Peak,Road + Waterbus,9.8507,1.9701,5910.41,0.2364,road
56,2,nearest,Peak,Full Multimodal,9.8507,1.9701,5910.41,0.2364,road
57,2,nearest,Off-Peak,Road Only,6.2368,3.1184,9355.27,0.3742,road
57,2,nearest,Off-Peak,Road + Metro,6.2368,3.1184,9355.27,0.3742,road
57,2,nearest,Off-Peak,Road + Waterbus,6.2368,3.1184,9355.27,0.3742,road
57,2,nearest,Off-Peak,Full Multimodal,6.2368,3.1184,9355.27,0.3742,road
57,2,nearest,Peak,Road Only,15.5921,3.1184,9355.27,0.3742,road
57,2,nearest,Peak,Road + Metro,15.5921,3.1184,9355.27,0.3742,road
57,2,nearest,Peak,Road + Waterbus,15.5921,3.1184,9355.27,0.3742,road
57,2,nearest,Peak,Full Multimodal,15.5921,3.1184,9355.27,0.3742,road
58,2,nearest,Off-Peak,Road Only,4.8701,2.435,7305.14,0.2922,road
58,2,nearest,Off-Peak,Road + Metro,4.8701,2.435,7305.14,0.2922,road
58,2,nearest,Off-Peak,Road + Waterbus,4.8701,2.435,7305.14,0.2922,road
58,2,nearest,Off-Peak,Full Multimodal,4.8701,2.435,7305.14,0.2922,road
58,2,nearest,Peak,Road Only,12.1752,2.435,7305.14,0.2922,road
58,2,nearest,Peak,Road + Metro,12.1752,2.435,7305.14,0.2922,road
58,2,nearest,Peak,Road + Waterbus,12.1752,2.435,7305.14,0.2922,road
58,2,nearest,Peak,Full Multimodal,12.1752,2.435,7305.14,0.2922,road
59,2,nearest,Off-Peak,Road Only,5.3136,2.6568,7970.36,0.3188,road
59,2,nearest,Off-Peak,Road + Metro,5.3136,2.6568,7970.36,0.3188,road
59,2,nearest,Off-Peak,Road + Waterbus,5.3136,2.6568,7970.36,0.3188,road
59,2,nearest,Off-Peak,Full Multimodal,5.3136,2.6568,7970.36,0.3188,road
59,2,nearest,Peak,Road Only,13.2839,2.6568,7970.36,0.3188,road
59,2,nearest,Peak,Road + Metro,13.2839,2.6568,7970.36,0.3188,road
59,2,nearest,Peak,Road + Waterbus,13.2839,2.6568,7970.36,0.3188,road
59,2,nearest,Peak,Full Multimodal,13.2839,2.6568,7970.36,0.3188,road
61,2,nearest,Off-Peak,Road Only,5.5962,2.7981,8394.26,0.3358,road
61,2,nearest,Off-Peak,Road + Metro,5.5962,2.7981,8394.26,0.3358,road
61,2,nearest,Off-Peak,Road + Waterbus,5.5962,2.7981,8394.26,0.3358,road
61,2,nearest,Off-Peak,Full Multimodal,5.5962,2.7981,8394.26,0.3358,road
61,2,nearest,Peak,Road Only,13.9904,2.7981,8394.26,0.3358,road
61,2,nearest,Peak,Road + Metro,13.9904,2.7981,8394.26,0.3358,road
61,2,nearest,Peak,Road + Waterbus,13.9904,2.7981,8394.26,0.3358,road
61,2,nearest,Peak,Full Multimodal,13.9904,2.7981,8394.26,0.3358,road
62,2,nearest,Off-Peak,Road Only,6.8751,3.4376,10312.68,0.4125,road
62,2,nearest,Off-Peak,Road + Metro,6.8751,3.4376,10312.68,0.4125,road
62,2,nearest,Off-Peak,Road + Waterbus,6.8751,3.4376,10312.68,0.4125,road
62,2,nearest,Off-Peak,Full Multimodal,6.8751,3.4376,10312.68,0.4125,road
62,2,nearest,Peak,Road Only,17.1878,3.4376,10312.68,0.4125,road
62,2,nearest,Peak,Road + Metro,17.1878,3.4376,10312.68,0.4125,road
62,2,nearest,Peak,Road + Waterbus,17.1878,3.4376,10312.68,0.4125,road
62,2,nearest,Peak,Full Multimodal,17.1878,3.4376,10312.68,0.4125,road
63,2,nearest,Off-Peak,Road Only,6.8855,3.4428,10328.26,0.4131,road
63,2,nearest,Off-Peak,Road + Metro,6.8855,3.4428,10328.26,0.4131,road
63,2,nearest,Off-Peak,Road + Waterbus,6.8855,3.4428,10328.26,0.4131,road
63,2,nearest,Off-Peak,Full Multimodal,6.8855,3.4428,10328.26,0.4131,road
63,2,nearest,Peak,Road Only,17.2138,3.4428,10328.26,0.4131,road
63,2,nearest,Peak,Road + Metro,15.4185,3.7121,20416.64,0.2519,metro+road+transfer
63,2,nearest,Peak,Road + Waterbus,17.2138,3.4428,10328.26,0.4131,road
63,2,nearest,Peak,Full Multimodal,15.4185,3.7121,20416.64,0.2519,metro+road+transfer
64,2,nearest,Off-Peak,Road Only,6.3791,3.1895,9568.62,0.3827,road
64,2,nearest,Off-Peak,Road + Metro,6.3791,3.1895,9568.62,0.3827,road
64,2,nearest,Off-Peak,Road + Waterbus,6.3791,3.1895,9568.62,0.3827,road
64,2,nearest,Off-Peak,Full Multimodal,6.3791,3.1895,9568.62,0.3827,road
64,2,nearest,Peak,Road Only,15.9477,3.1895,9568.62,0.3827,road
64,2,nearest,Peak,Road + Metro,15.9477,3.1895,9568.62,0.3827,road
64,2,nearest,Peak,Road + Waterbus,15.9477,3.1895,9568.62,0.3827,road
64,2,nearest,Peak,Full Multimodal,15.9477,3.1895,9568.62,0.3827,road
65,2,nearest,Off-Peak,Road Only,4.9908,2.4954,7486.13,0.2994,road
65,2,nearest,Off-Peak,Road + Metro,4.9908,2.4954,7486.13,0.2994,road
65,2,nearest,Off-Peak,Road + Waterbus,4.9908,2.4954,7486.13,0.2994,road
65,2,nearest,Off-Peak,Full Multimodal,4.9908,2.4954,7486.13,0.2994,road
65,2,nearest,Peak,Road Only,12.4769,2.4954,7486.13,0.2994,road
65,2,nearest,Peak,Road + Metro,12.4769,2.4954,7486.13,0.2994,road
65,2,nearest,Peak,Road + Waterbus,12.4769,2.4954,7486.13,0.2994,road
65,2,nearest,Peak,Full Multimodal,12.4769,2.4954,7486.13,0.2994,road
66,2,nearest,Off-Peak,Road Only,3.7066,1.8533,5559.87,0.2224,road
66,2,nearest,Off-Peak,Road + Metro,3.7066,1.8533,5559.87,0.2224,road
66,2,nearest,Off-Peak,Road + Waterbus,3.7066,1.8533,5559.87,0.2224,road
66,2,nearest,Off-Peak,Full Multimodal,3.7066,1.8533,5559.87,0.2224,road
66,2,nearest,Peak,Road Only,9.2664,1.8533,5559.87,0.2224,road
66,2,nearest,Peak,Road + Metro,9.2664,1.8533,5559.87,0.2224,road
66,2,nearest,Peak,Road + Waterbus,9.2664,1.8533,5559.87,0.2224,road
66,2,nearest,Peak,Full Multimodal,9.2664,1.8533,5559.87,0.2224,road
67,2,nearest,Off-Peak,Road Only,4.9163,2.4581,7374.42,0.295,road
67,2,nearest,Off-Peak,Road + Metro,4.9163,2.4581,7374.42,0.295,road
67,2,nearest,Off-Peak,Road + Waterbus,4.9163,2.4581,7374.42,0.295,road
67,2,nearest,Off-Peak,Full Multimodal,4.9163,2.4581,7374.42,0.295,road
67,2,nearest,Peak,Road Only,12.2907,2.4581,7374.42,0.295,road
67,2,nearest,Peak,Road + Metro,12.2907,2.4581,7374.42,0.295,road
67,2,nearest,Peak,Road + Waterbus,12.2907,2.4581,7374.42,0.295,road
67,2,nearest,Peak,Full Multimodal,12.2907,2.4581,7374.42,0.295,road
68,2,nearest,Off-Peak,Road Only,4.9818,2.4909,7472.7,0.2989,road
68,2,nearest,Off-Peak,Road + Metro,4.9818,2.4909,7472.7,0.2989,road
68,2,nearest,Off-Peak,Road + Waterbus,4.9818,2.4909,7472.7,0.2989,road
68,2,nearest,Off-Peak,Full Multimodal,4.9818,2.4909,7472.7,0.2989,road
68,2,nearest,Peak,Road Only,12.4545,2.4909,7472.7,0.2989,road
68,2,nearest,Peak,Road + Metro,12.4545,2.4909,7472.7,0.2989,road
68,2,nearest,Peak,Road + Waterbus,12.4545,2.4909,7472.7,0.2989,road
68,2,nearest,Peak,Full Multimodal,12.4545,2.4909,7472.7,0.2989,road
69,2,nearest,Off-Peak,Road Only,5.5698,2.7849,8354.73,0.3342,road
69,2,nearest,Off-Peak,Road + Metro,5.5698,2.7849,8354.73,0.3342,road
69,2,nearest,Off-Peak,Road + Waterbus,5.5698,2.7849,8354.73,0.3342,road
69,2,nearest,Off-Peak,Full Multimodal,5.5698,2.7849,8354.73,0.3342,road
69,2,nearest,Peak,Road Only,13.9246,2.7849,8354.73,0.3342,road
69,2,nearest,Peak,Road + Metro,13.9246,2.7849,8354.73,0.3342,road
69,2,nearest,Peak,Road + Waterbus,13.9246,2.7849,8354.73,0.3342,road
69,2,nearest,Peak,Full Multimodal,13.9246,2.7849,8354.73,0.3342,road
70,2,nearest,Off-Peak,Road Only,6.9427,3.4713,10414.04,0.4166,road
70,2,nearest,Off-Peak,Road + Metro,6.9427,3.4713,10414.04,0.4166,road
70,2,nearest,Off-Peak,Road + Waterbus,6.9427,3.4713,10414.04,0.4166,road
70,2,nearest,Off-Peak,Full Multimodal,6.9427,3.4713,10414.04,0.4166,road
70,2,nearest,Peak,Road Only,17.3567,3.4713,10414.04,0.4166,road
70,2,nearest,Peak,Road + Metro,17.3567,3.4713,10414.04,0.4166,road
70,2,nearest,Peak,Road + Waterbus,17.3567,3.4713,10414.04,0.4166,road
70,2,nearest,Peak,Full Multimodal,17.3567,3.4713,10414.04,0.4166,road
71,2,nearest,Off-Peak,Road Only,5.3136,2.6568,7970.36,0.3188,road
71,2,nearest,Off-Peak,Road + Metro,5.3136,2.6568,7970.36,0.3188,road
71,2,nearest,Off-Peak,Road + Waterbus,5.3136,2.6568,7970.36,0.3188,road
71,2,nearest,Off-Peak,Full Multimodal,5.3136,2.6568,7970.36,0.3188,road
71,2,nearest,Peak,Road Only,13.2839,2.6568,7970.36,0.3188,road
71,2,nearest,Peak,Road + Metro,13.2839,2.6568,7970.36,0.3188,road
71,2,nearest,Peak,Road + Waterbus,13.2839,2.6568,7970.36,0.3188,road
71,2,nearest,Peak,Full Multimodal,13.2839,2.6568,7970.36,0.3188,road
72,2,nearest,Off-Peak,Road Only,3.7066,1.8533,5559.87,0.2224,road
72,2,nearest,Off-Peak,Road + Metro,3.7066,1.8533,5559.87,0.2224,road
72,2,nearest,Off-Peak,Road + Waterbus,3.7066,1.8533,5559.87,0.2224,road
72,2,nearest,Off-Peak,Full Multimodal,3.7066,1.8533,5559.87,0.2224,road
72,2,nearest,Peak,Road Only,9.2664,1.8533,5559.87,0.2224,road
72,2,nearest,Peak,Road + Metro,9.2664,1.8533,5559.87,0.2224,road
72,2,nearest,Peak,Road + Waterbus,9.2664,1.8533,5559.87,0.2224,road
72,2,nearest,Peak,Full Multimodal,9.2664,1.8533,5559.87,0.2224,road
73,2,nearest,Off-Peak,Road Only,5.0358,2.5179,7553.65,0.3021,road
73,2,nearest,Off-Peak,Road + Metro,5.0358,2.5179,7553.65,0.3021,road
73,2,nearest,Off-Peak,Road + Waterbus,5.0358,2.5179,7553.65,0.3021,road
73,2,nearest,Off-Peak,Full Multimodal,5.0358,2.5179,7553.65,0.3021,road
73,2,nearest,Peak,Road Only,12.5894,2.5179,7553.65,0.3021,road
73,2,nearest,Peak,Road + Metro,12.5894,2.5179,7553.65,0.3021,road
73,2,nearest,Peak,Road + Waterbus,12.5894,2.5179,7553.65,0.3021,road
73,2,nearest,Peak,Full Multimodal,12.5894,2.5179,7553.65,0.3021,road
75,2,nearest,Off-Peak,Road Only,8.069,4.0345,12103.57,0.4841,road
75,2,nearest,Off-Peak,Road + Metro,8.069,4.0345,12103.57,0.4841,road
75,2,nearest,Off-Peak,Road + Waterbus,8.069,4.0345,12103.57,0.4841,road
75,2,nearest,Off-Peak,Full Multimodal,8.069,4.0345,12103.57,0.4841,road
75,2,nearest,Peak,Road Only,20.1726,4.0345,12103.57,0.4841,road
75,2,nearest,Peak,Road + Metro,19.1406,4.4565,22649.91,0.3412,metro+road+transfer
75,2,nearest,Peak,Road + Waterbus,20.1726,4.0345,12103.57,0.4841,road
75,2,nearest,Peak,Full Multimodal,19.1406,4.4565,22649.91,0.3412,metro+road+transfer
76,2,nearest,Off-Peak,Road Only,4.5261,2.263,6789.13,0.2716,road
76,2,nearest,Off-Peak,Road + Metro,4.5261,2.263,6789.13,0.2716,road
76,2,nearest,Off-Peak,Road + Waterbus,4.5261,2.263,6789.13,0.2716,road
76,2,nearest,Off-Peak,Full Multimodal,4.5261,2.263,6789.13,0.2716,road
76,2,nearest,Peak,Road Only,11.3152,2.263,6789.13,0.2716,road
76,2,nearest,Peak,Road + Metro,11.3152,2.263,6789.13,0.2716,road
76,2,nearest,Peak,Road + Waterbus,11.3152,2.263,6789.13,0.2716,road
76,2,nearest,Peak,Full Multimodal,11.3152,2.263,6789.13,0.2716,road
77,2,nearest,Off-Peak,Road Only,5.9089,2.9544,8863.28,0.3545,road
77,2,nearest,Off-Peak,Road + Metro,5.9089,2.9544,8863.28,0.3545,road
77,2,nearest,Off-Peak,Road + Waterbus,5.9089,2.9544,8863.28,0.3545,road
77,2,nearest,Off-Peak,Full Multimodal,5.9089,2.9544,8863.28,0.3545,road
77,2,nearest,Peak,Road Only,14.7721,2.9544,8863.28,0.3545,road
77,2,nearest,Peak,Road + Metro,14.7721,2.9544,8863.28,0.3545,road
77,2,nearest,Peak,Road + Waterbus,14.7721,2.9544,8863.28,0.3545,road
77,2,nearest,Peak,Full Multimodal,14.7721,2.9544,8863.28,0.3545,road
78,2,nearest,Off-Peak,Road Only,5.3964,2.6982,8094.53,0.3238,road
78,2,nearest,Off-Peak,Road + Metro,5.3964,2.6982,8094.53,0.3238,road
78,2,nearest,Off-Peak,Road + Waterbus,5.3964,2.6982,8094.53,0.3238,road
78,2,nearest,Off-Peak,Full Multimodal,5.3964,2.6982,8094.53,0.3238,road
78,2,nearest,Peak,Road Only,13.4909,2.6982,8094.53,0.3238,road
78,2,nearest,Peak,Road + Metro,13.4909,2.6982,8094.53,0.3238,road
78,2,nearest,Peak,Road + Waterbus,13.4909,2.6982,8094.53,0.3238,road
78,2,nearest,Peak,Full Multimodal,13.4909,2.6982,8094.53,0.3238,road
79,2,nearest,Off-Peak,Road Only,5.1424,2.5712,7713.64,0.3085,road
79,2,nearest,Off-Peak,Road + Metro,5.1424,2.5712,7713.64,0.3085,road
79,2,nearest,Off-Peak,Road + Waterbus,5.1424,2.5712,7713.64,0.3085,road
79,2,nearest,Off-Peak,Full Multimodal,5.1424,2.5712,7713.64,0.3085,road
79,2,nearest,Peak,Road Only,12.8561,2.5712,7713.64,0.3085,road
79,2,nearest,Peak,Road + Metro,12.8561,2.5712,7713.64,0.3085,road
79,2,nearest,Peak,Road + Waterbus,12.8561,2.5712,7713.64,0.3085,road
79,2,nearest,Peak,Full Multimodal,12.8561,2.5712,7713.64,0.3085,road
80,2,nearest,Off-Peak,Road Only,7.7393,3.8697,11608.98,0.4644,road
80,2,nearest,Off-Peak,Road + Metro,7.7393,3.8697,11608.98,0.4644,road
80,2,nearest,Off-Peak,Road + Waterbus,7.7393,3.8697,11608.98,0.4644,road
80,2,nearest,Off-Peak,Full Multimodal,7.7393,3.8697,11608.98,0.4644,road
80,2,nearest,Peak,Road Only,19.3483,3.8697,11608.98,0.4644,road
80,2,nearest,Peak,Road + Metro,17.6228,4.1529,21739.23,0.3048,metro+road+transfer
80,2,nearest,Peak,Road + Waterbus,19.3483,3.8697,11608.98,0.4644,road
80,2,nearest,Peak,Full Multimodal,17.6228,4.1529,21739.23,0.3048,metro+road+transfer
81,2,nearest,Off-Peak,Road Only,5.4414,2.7207,8162.13,0.3265,road
81,2,nearest,Off-Peak,Road + Metro,5.4414,2.7207,8162.13,0.3265,road
81,2,nearest,Off-Peak,Road + Waterbus,5.4414,2.7207,8162.13,0.3265,road
81,2,nearest,Off-Peak,Full Multimodal,5.4414,2.7207,8162.13,0.3265,road
81,2,nearest,Peak,Road Only,13.6035,2.7207,8162.13,0.3265,road
81,2,nearest,Peak,Road + Metro,13.6035,2.7207,8162.13,0.3265,road
81,2,nearest,Peak,Road + Waterbus,13.6035,2.7207,8162.13,0.3265,road
81,2,nearest,Peak,Full Multimodal,13.6035,2.7207,8162.13,0.3265,road
82,2,nearest,Off-Peak,Road Only,4.4101,2.2051,6615.21,0.2646,road
82,2,nearest,Off-Peak,Road + Metro,4.4101,2.2051,6615.21,0.2646,road
82,2,nearest,Off-Peak,Road + Waterbus,4.4101,2.2051,6615.21,0.2646,road
82,2,nearest,Off-Peak,Full Multimodal,4.4101,2.2051,6615.21,0.2646,road
82,2,nearest,Peak,Road Only,11.0253,2.2051,6615.21,0.2646,road
82,2,nearest,Peak,Road + Metro,11.0253,2.2051,6615.21,0.2646,road
82,2,nearest,Peak,Road + Waterbus,11.0253,2.2051,6615.21,0.2646,road
82,2,nearest,Peak,Full Multimodal,11.0253,2.2051,6615.21,0.2646,road
83,2,nearest,Off-Peak,Road Only,4.075,2.0375,6112.5,0.2445,road
83,2,nearest,Off-Peak,Road + Metro,4.075,2.0375,6112.5,0.2445,road
83,2,nearest,Off-Peak,Road + Waterbus,4.075,2.0375,6112.5,0.2445,road
83,2,nearest,Off-Peak,Full Multimodal,4.075,2.0375,6112.5,0.2445,road
83,2,nearest,Peak,Road Only,10.1875,2.0375,6112.5,0.2445,road
83,2,nearest,Peak,Road + Metro,10.1875,2.0375,6112.5,0.2445,road
83,2,nearest,Peak,Road + Waterbus,10.1875,2.0375,6112.5,0.2445,road
83,2,nearest,Peak,Full Multimodal,10.1875,2.0375,6112.5,0.2445,road
84,2,nearest,Off-Peak,Road Only,5.7919,2.8959,8687.82,0.3475,road
84,2,nearest,Off-Peak,Road + Metro,5.7919,2.8959,8687.82,0.3475,road
84,2,nearest,Off-Peak,Road + Waterbus,5.7919,2.8959,8687.82,0.3475,road
84,2,nearest,Off-Peak,Full Multimodal,5.7919,2.8959,8687.82,0.3475,road
84,2,nearest,Peak,Road Only,14.4797,2.8959,8687.82,0.3475,road
84,2,nearest,Peak,Road + Metro,14.4797,2.8959,8687.82,0.3475,road
84,2,nearest,Peak,Road + Waterbus,14.4797,2.8959,8687.82,0.3475,road
84,2,nearest,Peak,Full Multimodal,14.4797,2.8959,8687.82,0.3475,road
85,2,nearest,Off-Peak,Road Only,7.0967,3.5483,10644.99,0.4258,road
85,2,nearest,Off-Peak,Road + Metro,7.0967,3.5483,10644.99,0.4258,road
85,2,nearest,Off-Peak,Road + Waterbus,7.0967,3.5483,10644.99,0.4258,road
85,2,nearest,Off-Peak,Full Multimodal,7.0967,3.5483,10644.99,0.4258,road
85,2,nearest,Peak,Road Only,17.7417,3.5483,10644.99,0.4258,road
85,2,nearest,Peak,Road + Metro,17.1698,4.0623,21467.43,0.2939,metro+road+transfer
85,2,nearest,Peak,Road + Waterbus,17.7417,3.5483,10644.99,0.4258,road
85,2,nearest,Peak,Full Multimodal,17.1698,4.0623,21467.43,0.2939,metro+road+transfer
86,2,nearest,Off-Peak,Road Only,6.6017,3.3009,9902.56,0.3961,road
86,2,nearest,Off-Peak,Road + Metro,6.6017,3.3009,9902.56,0.3961,road
86,2,nearest,Off-Peak,Road + Waterbus,6.6017,3.3009,9902.56,0.3961,road
86,2,nearest,Off-Peak,Full Multimodal,6.6017,3.3009,9902.56,0.3961,road
86,2,nearest,Peak,Road Only,16.5043,3.3009,9902.56,0.3961,road
86,2,nearest,Peak,Road + Metro,16.5043,3.3009,9902.56,0.3961,road
86,2,nearest,Peak,Road + Waterbus,16.5043,3.3009,9902.56,0.3961,road
86,2,nearest,Peak,Full Multimodal,16.5043,3.3009,9902.56,0.3961,road
87,2,nearest,Off-Peak,Road Only,4.5261,2.263,6789.13,0.2716,road
87,2,nearest,Off-Peak,Road + Metro,4.5261,2.263,6789.13,0.2716,road
87,2,nearest,Off-Peak,Road + Waterbus,4.5261,2.263,6789.13,0.2716,road
87,2,nearest,Off-Peak,Full Multimodal,4.5261,2.263,6789.13,0.2716,road
87,2,nearest,Peak,Road Only,11.3152,2.263,6789.13,0.2716,road
87,2,nearest,Peak,Road + Metro,11.3152,2.263,6789.13,0.2716,road
87,2,nearest,Peak,Road + Waterbus,11.3152,2.263,6789.13,0.2716,road
87,2,nearest,Peak,Full Multimodal,11.3152,2.263,6789.13,0.2716,road
88,2,nearest,Off-Peak,Road Only,4.4101,2.2051,6615.21,0.2646,road
88,2,nearest,Off-Peak,Road + Metro,4.4101,2.2051,6615.21,0.2646,road
88,2,nearest,Off-Peak,Road + Waterbus,4.4101,2.2051,6615.21,0.2646,road
88,2,nearest,Off-Peak,Full Multimodal,4.4101,2.2051,6615.21,0.2646,road
88,2,nearest,Peak,Road Only,11.0253,2.2051,6615.21,0.2646,road
88,2,nearest,Peak,Road + Metro,11.0253,2.2051,6615.21,0.2646,road
88,2,nearest,Peak,Road + Waterbus,11.0253,2.2051,6615.21,0.2646,road
88,2,nearest,Peak,Full Multimodal,11.0253,2.2051,6615.21,0.2646,road
89,2,nearest,Off-Peak,Road Only,5.5962,2.7981,8394.26,0.3358,road
89,2,nearest,Off-Peak,Road + Metro,5.5962,2.7981,8394.26,0.3358,road
89,2,nearest,Off-Peak,Road + Waterbus,5.5962,2.7981,8394.26,0.3358,road
89,2,nearest,Off-Peak,Full Multimodal,5.5962,2.7981,8394.26,0.3358,road
89,2,nearest,Peak,Road Only,13.9904,2.7981,8394.26,0.3358,road
89,2,nearest,Peak,Road + Metro,13.9904,2.7981,8394.26,0.3358,road
89,2,nearest,Peak,Road + Waterbus,13.9904,2.7981,8394.26,0.3358,road
89,2,nearest,Peak,Full Multimodal,13.9904,2.7981,8394.26,0.3358,road
91,2,nearest,Off-Peak,Road Only,4.8832,2.4416,7324.83,0.293,road
91,2,nearest,Off-Peak,Road + Metro,4.8832,2.4416,7324.83,0.293,road
91,2,nearest,Off-Peak,Road + Waterbus,4.8832,2.4416,7324.83,0.293,road
91,2,nearest,Off-Peak,Full Multimodal,4.8832,2.4416,7324.83,0.293,road
91,2,nearest,Peak,Road Only,12.208,2.4416,7324.83,0.293,road
91,2,nearest,Peak,Road + Metro,12.208,2.4416,7324.83,0.293,road
91,2,nearest,Peak,Road + Waterbus,12.208,2.4416,7324.83,0.293,road
91,2,nearest,Peak,Full Multimodal,12.208,2.4416,7324.83,0.293,road
92,2,nearest,Off-Peak,Road Only,3.8993,1.9496,5848.93,0.234,road
92,2,nearest,Off-Peak,Road + Metro,3.8993,1.9496,5848.93,0.234,road
92,2,nearest,Off-Peak,Road + Waterbus,3.8993,1.9496,5848.93,0.234,road
92,2,nearest,Off-Peak,Full Multimodal,3.8993,1.9496,5848.93,0.234,road
92,2,nearest,Peak,Road Only,9.7482,1.9496,5848.93,0.234,road
92,2,nearest,Peak,Road + Metro,9.7482,1.9496,5848.93,0.234,road
92,2,nearest,Peak,Road + Waterbus,9.7482,1.9496,5848.93,0.234,road
92,2,nearest,Peak,Full Multimodal,9.7482,1.9496,5848.93,0.234,road
93,2,nearest,Off-Peak,Road Only,5.7859,2.8929,8678.83,0.3472,road
93,2,nearest,Off-Peak,Road + Metro,5.7859,2.8929,8678.83,0.3472,road
93,2,nearest,Off-Peak,Road + Waterbus,5.7859,2.8929,8678.83,0.3472,road
93,2,nearest,Off-Peak,Full Multimodal,5.7859,2.8929,8678.83,0.3472,road
93,2,nearest,Peak,Road Only,14.4647,2.8929,8678.83,0.3472,road
93,2,nearest,Peak,Road + Metro,14.4647,2.8929,8678.83,0.3472,road
93,2,nearest,Peak,Road + Waterbus,14.4647,2.8929,8678.83,0.3472,road
93,2,nearest,Peak,Full Multimodal,14.4647,2.8929,8678.83,0.3472,road
94,2,nearest,Off-Peak,Road Only,5.437,2.7185,8155.57,0.3262,road
94,2,nearest,Off-Peak,Road + Metro,5.437,2.7185,8155.57,0.3262,road
94,2,nearest,Off-Peak,Road + Waterbus,5.437,2.7185,8155.57,0.3262,road
94,2,nearest,Off-Peak,Full Multimodal,5.437,2.7185,8155.57,0.3262,road
94,2,nearest,Peak,Road Only,13.5926,2.7185,8155.57,0.3262,road
94,2,nearest,Peak,Road + Metro,13.5926,2.7185,8155.57,0.3262,road
94,2,nearest,Peak,Road + Waterbus,13.5926,2.7185,8155.57,0.3262,road
94,2,nearest,Peak,Full Multimodal,13.5926,2.7185,8155.57,0.3262,road
95,2,nearest,Off-Peak,Road Only,5.7966,2.8983,8694.88,0.3478,road
95,2,nearest,Off-Peak,Road + Metro,5.7966,2.8983,8694.88,0.3478,road
95,2,nearest,Off-Peak,Road + Waterbus,5.7966,2.8983,8694.88,0.3478,road
95,2,nearest,Off-Peak,Full Multimodal,5.7966,2.8983,8694.88,0.3478,road
95,2,nearest,Peak,Road Only,14.4915,2.8983,8694.88,0.3478,road
95,2,nearest,Peak,Road + Metro,14.4915,2.8983,8694.88,0.3478,road
95,2,nearest,Peak,Road + Waterbus,14.4915,2.8983,8694.88,0.3478,road
95,2,nearest,Peak,Full Multimodal,14.4915,2.8983,8694.88,0.3478,road
96,2,nearest,Off-Peak,Road Only,6.2639,3.1319,9395.78,0.3758,road
96,2,nearest,Off-Peak,Road + Metro,6.2639,3.1319,9395.78,0.3758,road
96,2,nearest,Off-Peak,Road + Waterbus,6.2639,3.1319,9395.78,0.3758,road
96,2,nearest,Off-Peak,Full Multimodal,6.2639,3.1319,9395.78,0.3758,road
96,2,nearest,Peak,Road Only,15.6596,3.1319,9395.78,0.3758,road
96,2,nearest,Peak,Road + Metro,15.6596,3.1319,9395.78,0.3758,road
96,2,nearest,Peak,Road + Waterbus,15.6596,3.1319,9395.78,0.3758,road
96,2,nearest,Peak,Full Multimodal,15.6596,3.1319,9395.78,0.3758,road
97,2,nearest,Off-Peak,Road Only,5.6085,2.8042,8412.7,0.3365,road
97,2,nearest,Off-Peak,Road + Metro,5.6085,2.8042,8412.7,0.3365,road
97,2,nearest,Off-Peak,Road + Waterbus,5.6085,2.8042,8412.7,0.3365,road
97,2,nearest,Off-Peak,Full Multimodal,5.6085,2.8042,8412.7,0.3365,road
97,2,nearest,Peak,Road Only,14.0212,2.8042,8412.7,0.3365,road
97,2,nearest,Peak,Road + Metro,14.0212,2.8042,8412.7,0.3365,road
97,2,nearest,Peak,Road + Waterbus,14.0212,2.8042,8412.7,0.3365,road
97,2,nearest,Peak,Full Multimodal,14.0212,2.8042,8412.7,0.3365,road
98,2,nearest,Off-Peak,Road Only,5.6318,2.8159,8447.7,0.3379,road
98,2,nearest,Off-Peak,Road + Metro,5.6318,2.8159,8447.7,0.3379,road
98,2,nearest,Off-Peak,Road + Waterbus,5.6318,2.8159,8447.7,0.3379,road
98,2,nearest,Off-Peak,Full Multimodal,5.6318,2.8159,8447.7,0.3379,road
98,2,nearest,Peak,Road Only,14.0795,2.8159,8447.7,0.3379,road
98,2,nearest,Peak,Road + Metro,14.0795,2.8159,8447.7,0.3379,road
98,2,nearest,Peak,Road + Waterbus,14.0795,2.8159,8447.7,0.3379,road
98,2,nearest,Peak,Full Multimodal,14.0795,2.8159,8447.7,0.3379,road
99,2,nearest,Off-Peak,Road Only,5.825,2.9125,8737.51,0.3495,road
99,2,nearest,Off-Peak,Road + Metro,5.825,2.9125,8737.51,0.3495,road
99,2,nearest,Off-Peak,Road + Waterbus,5.825,2.9125,8737.51,0.3495,road
99,2,nearest,Off-Peak,Full Multimodal,5.825,2.9125,8737.51,0.3495,road
99,2,nearest,Peak,Road Only,14.5625,2.9125,8737.51,0.3495,road
99,2,nearest,Peak,Road + Metro,14.5625,2.9125,8737.51,0.3495,road
99,2,nearest,Peak,Road + Waterbus,14.5625,2.9125,8737.51,0.3495,road
99,2,nearest,Peak,Full Multimodal,14.5625,2.9125,8737.51,0.3495,road
100,2,nearest,Off-Peak,Road Only,5.3257,2.6629,7988.58,0.3195,road
100,2,nearest,Off-Peak,Road + Metro,5.3257,2.6629,7988.58,0.3195,road
100,2,nearest,Off-Peak,Road + Waterbus,5.3257,2.6629,7988.58,0.3195,road
100,2,nearest,Off-Peak,Full Multimodal,5.3257,2.6629,7988.58,0.3195,road
100,2,nearest,Peak,Road Only,13.3143,2.6629,7988.58,0.3195,road
100,2,nearest,Peak,Road + Metro,13.3143,2.6629,7988.58,0.3195,road
100,2,nearest,Peak,Road + Waterbus,13.3143,2.6629,7988.58,0.3195,road
100,2,nearest,Peak,Full Multimodal,13.3143,2.6629,7988.58,0.3195,road
101,2,nearest,Off-Peak,Road Only,6.2523,3.1262,9378.46,0.3751,road
101,2,nearest,Off-Peak,Road + Metro,6.2523,3.1262,9378.46,0.3751,road
101,2,nearest,Off-Peak,Road + Waterbus,6.2523,3.1262,9378.46,0.3751,road
101,2,nearest,Off-Peak,Full Multimodal,6.2523,3.1262,9378.46,0.3751,road
101,2,nearest,Peak,Road Only,15.6308,3.1262,9378.46,0.3751,road
101,2,nearest,Peak,Road + Metro,15.6308,3.1262,9378.46,0.3751,road
101,2,nearest,Peak,Road + Waterbus,15.6308,3.1262,9378.46,0.3751,road
101,2,nearest,Peak,Full Multimodal,15.6308,3.1262,9378.46,0.3751,road
102,2,nearest,Off-Peak,Road Only,7.2523,3.6261,10878.45,0.4351,road
102,2,nearest,Off-Peak,Road + Metro,7.2523,3.6261,10878.45,0.4351,road
102,2,nearest,Off-Peak,Road + Waterbus,7.2523,3.6261,10878.45,0.4351,road
102,2,nearest,Off-Peak,Full Multimodal,7.2523,3.6261,10878.45,0.4351,road
102,2,nearest,Peak,Road Only,18.1307,3.6261,10878.45,0.4351,road
102,2,nearest,Peak,Road + Metro,18.1307,3.6261,10878.45,0.4351,road
102,2,nearest,Peak,Road + Waterbus,18.1307,3.6261,10878.45,0.4351,road
102,2,nearest,Peak,Full Multimodal,18.1307,3.6261,10878.45,0.4351,road
103,2,nearest,Off-Peak,Road Only,5.437,2.7185,8155.57,0.3262,road
103,2,nearest,Off-Peak,Road + Metro,5.437,2.7185,8155.57,0.3262,road
103,2,nearest,Off-Peak,Road + Waterbus,5.437,2.7185,8155.57,0.3262,road
103,2,nearest,Off-Peak,Full Multimodal,5.437,2.7185,8155.57,0.3262,road
103,2,nearest,Peak,Road Only,13.5926,2.7185,8155.57,0.3262,road
103,2,nearest,Peak,Road + Metro,13.5926,2.7185,8155.57,0.3262,road
103,2,nearest,Peak,Road + Waterbus,13.5926,2.7185,8155.57,0.3262,road
103,2,nearest,Peak,Full Multimodal,13.5926,2.7185,8155.57,0.3262,road
104,2,nearest,Off-Peak,Road Only,7.4772,3.7386,11215.76,0.4486,road
104,2,nearest,Off-Peak,Road + Metro,7.4772,3.7386,11215.76,0.4486,road
104,2,nearest,Off-Peak,Road + Waterbus,7.4772,3.7386,11215.76,0.4486,road
104,2,nearest,Off-Peak,Full Multimodal,7.4772,3.7386,11215.76,0.4486,road
104,2,nearest,Peak,Road Only,18.6929,3.7386,11215.76,0.4486,road
104,2,nearest,Peak,Road + Metro,17.8666,4.2017,21885.55,0.3106,metro+road+transfer
104,2,nearest,Peak,Road + Waterbus,18.6929,3.7386,11215.76,0.4486,road
104,2,nearest,Peak,Full Multimodal,17.8666,4.2017,21885.55,0.3106,metro+road+transfer
105,2,nearest,Off-Peak,Road Only,6.1936,3.0968,9290.42,0.3716,road
105,2,nearest,Off-Peak,Road + Metro,6.1936,3.0968,9290.42,0.3716,road
105,2,nearest,Off-Peak,Road + Waterbus,6.1936,3.0968,9290.42,0.3716,road
105,2,nearest,Off-Peak,Full Multimodal,6.1936,3.0968,9290.42,0.3716,road
105,2,nearest,Peak,Road Only,15.484,3.0968,9290.42,0.3716,road
105,2,nearest,Peak,Road + Metro,15.484,3.0968,9290.42,0.3716,road
105,2,nearest,Peak,Road + Waterbus,15.484,3.0968,9290.42,0.3716,road
105,2,nearest,Peak,Full Multimodal,15.484,3.0968,9290.42,0.3716,road
106,2,nearest,Off-Peak,Road Only,4.154,2.077,6231.03,0.2492,road
106,2,nearest,Off-Peak,Road + Metro,4.154,2.077,6231.03,0.2492,road
106,2,nearest,Off-Peak,Road + Waterbus,4.154,2.077,6231.03,0.2492,road
106,2,nearest,Off-Peak,Full Multimodal,4.154,2.077,6231.03,0.2492,road
106,2,nearest,Peak,Road Only,10.3851,2.077,6231.03,0.2492,road
106,2,nearest,Peak,Road + Metro,10.3851,2.077,6231.03,0.2492,road
106,2,nearest,Peak,Road + Waterbus,10.3851,2.077,6231.03,0.2492,road
106,2,nearest,Peak,Full Multimodal,10.3851,2.077,6231.03,0.2492,road
107,2,nearest,Off-Peak,Road Only,4.3438,2.1719,6515.7,0.2606,road
107,2,nearest,Off-Peak,Road + Metro,4.3438,2.1719,6515.7,0.2606,road
107,2,nearest,Off-Peak,Road + Waterbus,4.3438,2.1719,6515.7,0.2606,road
107,2,nearest,Off-Peak,Full Multimodal,4.3438,2.1719,6515.7,0.2606,road
107,2,nearest,Peak,Road Only,10.8595,2.1719,6515.7,0.2606,road
107,2,nearest,Peak,Road + Metro,10.8595,2.1719,6515.7,0.2606,road
107,2,nearest,Peak,Road + Waterbus,10.8595,2.1719,6515.7,0.2606,road
107,2,nearest,Peak,Full Multimodal,10.8595,2.1719,6515.7,0.2606,road
108,2,nearest,Off-Peak,Road Only,5.9089,2.9544,8863.28,0.3545,road
108,2,nearest,Off-Peak,Road + Metro,5.9089,2.9544,8863.28,0.3545,road
108,2,nearest,Off-Peak,Road + Waterbus,5.9089,2.9544,8863.28,0.3545,road
108,2,nearest,Off-Peak,Full Multimodal,5.9089,2.9544,8863.28,0.3545,road
108,2,nearest,Peak,Road Only,14.7721,2.9544,8863.28,0.3545,road
108,2,nearest,Peak,Road + Metro,14.7721,2.9544,8863.28,0.3545,road
108,2,nearest,Peak,Road + Waterbus,14.7721,2.9544,8863.28,0.3545,road
108,2,nearest,Peak,Full Multimodal,14.7721,2.9544,8863.28,0.3545,road
109,2,nearest,Off-Peak,Road Only,5.6085,2.8042,8412.7,0.3365,road
109,2,nearest,Off-Peak,Road + Metro,5.6085,2.8042,8412.7,0.3365,road
109,2,nearest,Off-Peak,Road + Waterbus,5.6085,2.8042,8412.7,0.3365,road
109,2,nearest,Off-Peak,Full Multimodal,5.6085,2.8042,8412.7,0.3365,road
109,2,nearest,Peak,Road Only,14.0212,2.8042,8412.7,0.3365,road
109,2,nearest,Peak,Road + Metro,14.0212,2.8042,8412.7,0.3365,road
109,2,nearest,Peak,Road + Waterbus,14.0212,2.8042,8412.7,0.3365,road
109,2,nearest,Peak,Full Multimodal,14.0212,2.8042,8412.7,0.3365,road
110,2,nearest,Off-Peak,Road Only,5.1698,2.5849,7754.68,0.3102,road
110,2,nearest,Off-Peak,Road + Metro,5.1698,2.5849,7754.68,0.3102,road
110,2,nearest,Off-Peak,Road + Waterbus,5.1698,2.5849,7754.68,0.3102,road
110,2,nearest,Off-Peak,Full Multimodal,5.1698,2.5849,7754.68,0.3102,road
110,2,nearest,Peak,Road Only,12.9245,2.5849,7754.68,0.3102,road
110,2,nearest,Peak,Road + Metro,12.9245,2.5849,7754.68,0.3102,road
110,2,nearest,Peak,Road + Waterbus,12.9245,2.5849,7754.68,0.3102,road
110,2,nearest,Peak,Full Multimodal,12.9245,2.5849,7754.68,0.3102,road
111,2,nearest,Off-Peak,Road Only,7.5202,3.7601,11280.25,0.4512,road
111,2,nearest,Off-Peak,Road + Metro,7.5202,3.7601,11280.25,0.4512,road
111,2,nearest,Off-Peak,Road + Waterbus,7.5202,3.7601,11280.25,0.4512,road
111,2,nearest,Off-Peak,Full Multimodal,7.5202,3.7601,11280.25,0.4512,road
111,2,nearest,Peak,Road Only,18.8004,3.7601,11280.25,0.4512,road
111,2,nearest,Peak,Road + Metro,17.0749,4.0433,21410.5,0.2916,metro+road+transfer
111,2,nearest,Peak,Road + Waterbus,18.8004,3.7601,11280.25,0.4512,road
111,2,nearest,Peak,Full Multimodal,17.0749,4.0433,21410.5,0.2916,metro+road+transfer
112,2,nearest,Off-Peak,Road Only,5.0358,2.5179,7553.65,0.3021,road
112,2,nearest,Off-Peak,Road + Metro,5.0358,2.5179,7553.65,0.3021,road
112,2,nearest,Off-Peak,Road + Waterbus,5.0358,2.5179,7553.65,0.3021,road
112,2,nearest,Off-Peak,Full Multimodal,5.0358,2.5179,7553.65,0.3021,road
112,2,nearest,Peak,Road Only,12.5894,2.5179,7553.65,0.3021,road
112,2,nearest,Peak,Road + Metro,12.5894,2.5179,7553.65,0.3021,road
112,2,nearest,Peak,Road + Waterbus,12.5894,2.5179,7553.65,0.3021,road
112,2,nearest,Peak,Full Multimodal,12.5894,2.5179,7553.65,0.3021,road
113,2,nearest,Off-Peak,Road Only,5.1424,2.5712,7713.64,0.3085,road
113,2,nearest,Off-Peak,Road + Metro,5.1424,2.5712,7713.64,0.3085,road
113,2,nearest,Off-Peak,Road + Waterbus,5.1424,2.5712,7713.64,0.3085,road
113,2,nearest,Off-Peak,Full Multimodal,5.1424,2.5712,7713.64,0.3085,road
113,2,nearest,Peak,Road Only,12.8561,2.5712,7713.64,0.3085,road
113,2,nearest,Peak,Road + Metro,12.8561,2.5712,7713.64,0.3085,road
113,2,nearest,Peak,Road + Waterbus,12.8561,2.5712,7713.64,0.3085,road
113,2,nearest,Peak,Full Multimodal,12.8561,2.5712,7713.64,0.3085,road
114,2,nearest,Off-Peak,Road Only,5.256,2.628,7884.0,0.3154,road
114,2,nearest,Off-Peak,Road + Metro,5.256,2.628,7884.0,0.3154,road
114,2,nearest,Off-Peak,Road + Waterbus,5.256,2.628,7884.0,0.3154,road
114,2,nearest,Off-Peak,Full Multimodal,5.256,2.628,7884.0,0.3154,road
114,2,nearest,Peak,Road Only,13.14,2.628,7884.0,0.3154,road
114,2,nearest,Peak,Road + Metro,13.14,2.628,7884.0,0.3154,road
114,2,nearest,Peak,Road + Waterbus,13.14,2.628,7884.0,0.3154,road
114,2,nearest,Peak,Full Multimodal,13.14,2.628,7884.0,0.3154,road
115,2,nearest,Off-Peak,Road Only,4.5264,2.2632,6789.67,0.2716,road
115,2,nearest,Off-Peak,Road + Metro,4.5264,2.2632,6789.67,0.2716,road
115,2,nearest,Off-Peak,Road + Waterbus,4.5264,2.2632,6789.67,0.2716,road
115,2,nearest,Off-Peak,Full Multimodal,4.5264,2.2632,6789.67,0.2716,road
115,2,nearest,Peak,Road Only,11.3161,2.2632,6789.67,0.2716,road
115,2,nearest,Peak,Road + Metro,11.3161,2.2632,6789.67,0.2716,road
115,2,nearest,Peak,Road + Waterbus,11.3161,2.2632,6789.67,0.2716,road
115,2,nearest,Peak,Full Multimodal,11.3161,2.2632,6789.67,0.2716,road
116,2,nearest,Off-Peak,Road Only,4.5315,2.2657,6797.2,0.2719,road
116,2,nearest,Off-Peak,Road + Metro,4.5315,2.2657,6797.2,0.2719,road
116,2,nearest,Off-Peak,Road + Waterbus,4.5315,2.2657,6797.2,0.2719,road
116,2,nearest,Off-Peak,Full Multimodal,4.5315,2.2657,6797.2,0.2719,road
116,2,nearest,Peak,Road Only,11.3287,2.2657,6797.2,0.2719,road
116,2,nearest,Peak,Road + Metro,11.3287,2.2657,6797.2,0.2719,road
116,2,nearest,Peak,Road + Waterbus,11.3287,2.2657,6797.2,0.2719,road
116,2,nearest,Peak,Full Multimodal,11.3287,2.2657,6797.2,0.2719,road
117,2,nearest,Off-Peak,Road Only,7.9386,3.9693,11907.89,0.4763,road
117,2,nearest,Off-Peak,Road + Metro,7.9386,3.9693,11907.89,0.4763,road
117,2,nearest,Off-Peak,Road + Waterbus,7.9386,3.9693,11907.89,0.4763,road
117,2,nearest,Off-Peak,Full Multimodal,7.9386,3.9693,11907.89,0.4763,road
117,2,nearest,Peak,Road Only,19.8465,3.9693,11907.89,0.4763,road
117,2,nearest,Peak,Road + Metro,19.8465,3.9693,11907.89,0.4763,road
117,2,nearest,Peak,Road + Waterbus,19.8465,3.9693,11907.89,0.4763,road
117,2,nearest,Peak,Full Multimodal,19.8465,3.9693,11907.89,0.4763,road
118,2,nearest,Off-Peak,Road Only,6.6764,3.3382,10014.6,0.4006,road
118,2,nearest,Off-Peak,Road + Metro,6.6764,3.3382,10014.6,0.4006,road
118,2,nearest,Off-Peak,Road + Waterbus,6.6764,3.3382,10014.6,0.4006,road
118,2,nearest,Off-Peak,Full Multimodal,6.6764,3.3382,10014.6,0.4006,road
118,2,nearest,Peak,Road Only,16.691,3.3382,10014.6,0.4006,road
118,2,nearest,Peak,Road + Metro,16.691,3.3382,10014.6,0.4006,road
118,2,nearest,Peak,Road + Waterbus,16.691,3.3382,10014.6,0.4006,road
118,2,nearest,Peak,Full Multimodal,16.691,3.3382,10014.6,0.4006,road
119,2,nearest,Off-Peak,Road Only,5.3051,2.6526,7957.72,0.3183,road
119,2,nearest,Off-Peak,Road + Metro,5.3051,2.6526,7957.72,0.3183,road
119,2,nearest,Off-Peak,Road + Waterbus,5.3051,2.6526,7957.72,0.3183,road
119,2,nearest,Off-Peak,Full Multimodal,5.3051,2.6526,7957.72,0.3183,road
119,2,nearest,Peak,Road Only,13.2629,2.6526,7957.72,0.3183,road
119,2,nearest,Peak,Road + Metro,13.2629,2.6526,7957.72,0.3183,road
119,2,nearest,Peak,Road + Waterbus,13.2629,2.6526,7957.72,0.3183,road
119,2,nearest,Peak,Full Multimodal,13.2629,2.6526,7957.72,0.3183,road
120,2,nearest,Off-Peak,Road Only,3.7973,1.8986,5695.95,0.2278,road
120,2,nearest,Off-Peak,Road + Metro,3.7973,1.8986,5695.95,0.2278,road
120,2,nearest,Off-Peak,Road + Waterbus,3.7973,1.8986,5695.95,0.2278,road
120,2,nearest,Off-Peak,Full Multimodal,3.7973,1.8986,5695.95,0.2278,road
120,2,nearest,Peak,Road Only,9.4932,1.8986,5695.95,0.2278,road
120,2,nearest,Peak,Road + Metro,9.4932,1.8986,5695.95,0.2278,road
120,2,nearest,Peak,Road + Waterbus,9.4932,1.8986,5695.95,0.2278,road
120,2,nearest,Peak,Full Multimodal,9.4932,1.8986,5695.95,0.2278,road
122,4,nearest,Off-Peak,Road Only,6.4142,3.2071,9621.25,0.3849,road
122,4,nearest,Off-Peak,Road + Metro,6.4142,3.2071,9621.25,0.3849,road
122,4,nearest,Off-Peak,Road + Waterbus,6.4142,3.2071,9621.25,0.3849,road
122,4,nearest,Off-Peak,Full Multimodal,6.4142,3.2071,9621.25,0.3849,road
122,4,nearest,Peak,Road Only,16.0354,3.2071,9621.25,0.3849,road
122,4,nearest,Peak,Road + Metro,16.0354,3.2071,9621.25,0.3849,road
122,4,nearest,Peak,Road + Waterbus,16.0354,3.2071,9621.25,0.3849,road
122,4,nearest,Peak,Full Multimodal,16.0354,3.2071,9621.25,0.3849,road
123,4,nearest,Off-Peak,Road Only,6.4142,3.2071,9621.25,0.3849,road
123,4,nearest,Off-Peak,Road + Metro,6.4142,3.2071,9621.25,0.3849,road
123,4,nearest,Off-Peak,Road + Waterbus,6.4142,3.2071,9621.25,0.3849,road
123,4,nearest,Off-Peak,Full Multimodal,6.4142,3.2071,9621.25,0.3849,road
123,4,nearest,Peak,Road Only,16.0354,3.2071,9621.25,0.3849,road
123,4,nearest,Peak,Road + Metro,16.0354,3.2071,9621.25,0.3849,road
123,4,nearest,Peak,Road + Waterbus,16.0354,3.2071,9621.25,0.3849,road
123,4,nearest,Peak,Full Multimodal,16.0354,3.2071,9621.25,0.3849,road
124,4,nearest,Off-Peak,Road Only,6.4142,3.2071,9621.25,0.3849,road
124,4,nearest,Off-Peak,Road + Metro,6.4142,3.2071,9621.25,0.3849,road
124,4,nearest,Off-Peak,Road + Waterbus,6.4142,3.2071,9621.25,0.3849,road
124,4,nearest,Off-Peak,Full Multimodal,6.4142,3.2071,9621.25,0.3849,road
124,4,nearest,Peak,Road Only,16.0354,3.2071,9621.25,0.3849,road
124,4,nearest,Peak,Road + Metro,16.0354,3.2071,9621.25,0.3849,road
124,4,nearest,Peak,Road + Waterbus,16.0354,3.2071,9621.25,0.3849,road
124,4,nearest,Peak,Full Multimodal,16.0354,3.2071,9621.25,0.3849,road
126,4,nearest,Off-Peak,Road Only,6.4142,3.2071,9621.25,0.3849,road
126,4,nearest,Off-Peak,Road + Metro,6.4142,3.2071,9621.25,0.3849,road
126,4,nearest,Off-Peak,Road + Waterbus,6.4142,3.2071,9621.25,0.3849,road
126,4,nearest,Off-Peak,Full Multimodal,6.4142,3.2071,9621.25,0.3849,road
126,4,nearest,Peak,Road Only,16.0354,3.2071,9621.25,0.3849,road
126,4,nearest,Peak,Road + Metro,16.0354,3.2071,9621.25,0.3849,road
126,4,nearest,Peak,Road + Waterbus,16.0354,3.2071,9621.25,0.3849,road
126,4,nearest,Peak,Full Multimodal,16.0354,3.2071,9621.25,0.3849,road
127,4,nearest,Off-Peak,Road Only,6.4142,3.2071,9621.25,0.3849,road
127,4,nearest,Off-Peak,Road + Metro,6.4142,3.2071,9621.25,0.3849,road
127,4,nearest,Off-Peak,Road + Waterbus,6.4142,3.2071,9621.25,0.3849,road
127,4,nearest,Off-Peak,Full Multimodal,6.4142,3.2071,9621.25,0.3849,road
127,4,nearest,Peak,Road Only,16.0354,3.2071,9621.25,0.3849,road
127,4,nearest,Peak,Road + Metro,16.0354,3.2071,9621.25,0.3849,road
127,4,nearest,Peak,Road + Waterbus,16.0354,3.2071,9621.25,0.3849,road
127,4,nearest,Peak,Full Multimodal,16.0354,3.2071,9621.25,0.3849,road
128,4,nearest,Off-Peak,Road Only,0.0876,0.0438,131.37,0.0053,road
128,4,nearest,Off-Peak,Road + Metro,0.0876,0.0438,131.37,0.0053,road
128,4,nearest,Off-Peak,Road + Waterbus,0.0876,0.0438,131.37,0.0053,road
128,4,nearest,Off-Peak,Full Multimodal,0.0876,0.0438,131.37,0.0053,road
128,4,nearest,Peak,Road Only,0.219,0.0438,131.37,0.0053,road
128,4,nearest,Peak,Road + Metro,0.219,0.0438,131.37,0.0053,road
128,4,nearest,Peak,Road + Waterbus,0.219,0.0438,131.37,0.0053,road
128,4,nearest,Peak,Full Multimodal,0.219,0.0438,131.37,0.0053,road
129,5,nearest,Off-Peak,Road Only,6.4142,3.2071,9621.25,0.3849,road
129,5,nearest,Off-Peak,Road + Metro,6.4142,3.2071,9621.25,0.3849,road
129,5,nearest,Off-Peak,Road + Waterbus,6.4142,3.2071,9621.25,0.3849,road
129,5,nearest,Off-Peak,Full Multimodal,6.4142,3.2071,9621.25,0.3849,road
129,5,nearest,Peak,Road Only,16.0354,3.2071,9621.25,0.3849,road
129,5,nearest,Peak,Road + Metro,16.0354,3.2071,9621.25,0.3849,road
129,5,nearest,Peak,Road + Waterbus,16.0354,3.2071,9621.25,0.3849,road
129,5,nearest,Peak,Full Multimodal,16.0354,3.2071,9621.25,0.3849,road
130,4,nearest,Off-Peak,Road Only,6.4142,3.2071,9621.25,0.3849,road
130,4,nearest,Off-Peak,Road + Metro,6.4142,3.2071,9621.25,0.3849,road
130,4,nearest,Off-Peak,Road + Waterbus,6.4142,3.2071,9621.25,0.3849,road
130,4,nearest,Off-Peak,Full Multimodal,6.4142,3.2071,9621.25,0.3849,road
130,4,nearest,Peak,Road Only,16.0354,3.2071,9621.25,0.3849,road
130,4,nearest,Peak,Road + Metro,16.0354,3.2071,9621.25,0.3849,road
130,4,nearest,Peak,Road + Waterbus,16.0354,3.2071,9621.25,0.3849,road
130,4,nearest,Peak,Full Multimodal,16.0354,3.2071,9621.25,0.3849,road
131,4,nearest,Off-Peak,Road Only,6.6781,3.3391,10017.16,0.4007,road
131,4,nearest,Off-Peak,Road + Metro,6.6781,3.3391,10017.16,0.4007,road
131,4,nearest,Off-Peak,Road + Waterbus,6.6781,3.3391,10017.16,0.4007,road
131,4,nearest,Off-Peak,Full Multimodal,6.6781,3.3391,10017.16,0.4007,road
131,4,nearest,Peak,Road Only,16.6953,3.3391,10017.16,0.4007,road
131,4,nearest,Peak,Road + Metro,16.6953,3.3391,10017.16,0.4007,road
131,4,nearest,Peak,Road + Waterbus,16.6953,3.3391,10017.16,0.4007,road
131,4,nearest,Peak,Full Multimodal,16.6953,3.3391,10017.16,0.4007,road
132,4,nearest,Off-Peak,Road Only,6.4142,3.2071,9621.25,0.3849,road
132,4,nearest,Off-Peak,Road + Metro,6.4142,3.2071,9621.25,0.3849,road
132,4,nearest,Off-Peak,Road + Waterbus,6.4142,3.2071,9621.25,0.3849,road
132,4,nearest,Off-Peak,Full Multimodal,6.4142,3.2071,9621.25,0.3849,road
132,4,nearest,Peak,Road Only,16.0354,3.2071,9621.25,0.3849,road
132,4,nearest,Peak,Road + Metro,16.0354,3.2071,9621.25,0.3849,road
132,4,nearest,Peak,Road + Waterbus,16.0354,3.2071,9621.25,0.3849,road
132,4,nearest,Peak,Full Multimodal,16.0354,3.2071,9621.25,0.3849,road
133,5,nearest,Off-Peak,Road Only,6.4142,3.2071,9621.25,0.3849,road
133,5,nearest,Off-Peak,Road + Metro,6.4142,3.2071,9621.25,0.3849,road
133,5,nearest,Off-Peak,Road + Waterbus,6.4142,3.2071,9621.25,0.3849,road
133,5,nearest,Off-Peak,Full Multimodal,6.4142,3.2071,9621.25,0.3849,road
133,5,nearest,Peak,Road Only,16.0354,3.2071,9621.25,0.3849,road
133,5,nearest,Peak,Road + Metro,16.0354,3.2071,9621.25,0.3849,road
133,5,nearest,Peak,Road + Waterbus,16.0354,3.2071,9621.25,0.3849,road
133,5,nearest,Peak,Full Multimodal,16.0354,3.2071,9621.25,0.3849,road
134,4,nearest,Off-Peak,Road Only,6.4142,3.2071,9621.25,0.3849,road
134,4,nearest,Off-Peak,Road + Metro,6.4142,3.2071,9621.25,0.3849,road
134,4,nearest,Off-Peak,Road + Waterbus,6.4142,3.2071,9621.25,0.3849,road
134,4,nearest,Off-Peak,Full Multimodal,6.4142,3.2071,9621.25,0.3849,road
134,4,nearest,Peak,Road Only,16.0354,3.2071,9621.25,0.3849,road
134,4,nearest,Peak,Road + Metro,16.0354,3.2071,9621.25,0.3849,road
134,4,nearest,Peak,Road + Waterbus,16.0354,3.2071,9621.25,0.3849,road
134,4,nearest,Peak,Full Multimodal,16.0354,3.2071,9621.25,0.3849,road
135,4,nearest,Off-Peak,Road Only,0.2155,0.1078,323.3,0.0129,road
135,4,nearest,Off-Peak,Road + Metro,0.2155,0.1078,323.3,0.0129,road
135,4,nearest,Off-Peak,Road + Waterbus,0.2155,0.1078,323.3,0.0129,road
135,4,nearest,Off-Peak,Full Multimodal,0.2155,0.1078,323.3,0.0129,road
135,4,nearest,Peak,Road Only,0.5388,0.1078,323.3,0.0129,road
135,4,nearest,Peak,Road + Metro,0.5388,0.1078,323.3,0.0129,road
135,4,nearest,Peak,Road + Waterbus,0.5388,0.1078,323.3,0.0129,road
135,4,nearest,Peak,Full Multimodal,0.5388,0.1078,323.3,0.0129,road
137,4,nearest,Off-Peak,Road Only,5.639,2.8195,8458.51,0.3383,road
137,4,nearest,Off-Peak,Road + Metro,5.639,2.8195,8458.51,0.3383,road
137,4,nearest,Off-Peak,Road + Waterbus,5.639,2.8195,8458.51,0.3383,road
137,4,nearest,Off-Peak,Full Multimodal,5.639,2.8195,8458.51,0.3383,road
137,4,nearest,Peak,Road Only,14.0975,2.8195,8458.51,0.3383,road
137,4,nearest,Peak,Road + Metro,14.0975,2.8195,8458.51,0.3383,road
137,4,nearest,Peak,Road + Waterbus,14.0975,2.8195,8458.51,0.3383,road
137,4,nearest,Peak,Full Multimodal,14.0975,2.8195,8458.51,0.3383,road
138,4,nearest,Off-Peak,Road Only,6.3001,3.15,9450.1,0.378,road
138,4,nearest,Off-Peak,Road + Metro,6.3001,3.15,9450.1,0.378,road
138,4,nearest,Off-Peak,Road + Waterbus,6.3001,3.15,9450.1,0.378,road
138,4,nearest,Off-Peak,Full Multimodal,6.3001,3.15,9450.1,0.378,road
138,4,nearest,Peak,Road Only,15.7502,3.15,9450.1,0.378,road
138,4,nearest,Peak,Road + Metro,15.7502,3.15,9450.1,0.378,road
138,4,nearest,Peak,Road + Waterbus,15.7502,3.15,9450.1,0.378,road
138,4,nearest,Peak,Full Multimodal,15.7502,3.15,9450.1,0.378,road
139,4,nearest,Off-Peak,Road Only,6.4142,3.2071,9621.25,0.3849,road
139,4,nearest,Off-Peak,Road + Metro,6.4142,3.2071,9621.25,0.3849,road
139,4,nearest,Off-Peak,Road + Waterbus,6.4142,3.2071,9621.25,0.3849,road
139,4,nearest,Off-Peak,Full Multimodal,6.4142,3.2071,9621.25,0.3849,road
139,4,nearest,Peak,Road Only,16.0354,3.2071,9621.25,0.3849,road
139,4,nearest,Peak,Road + Metro,16.0354,3.2071,9621.25,0.3849,road
139,4,nearest,Peak,Road + Waterbus,16.0354,3.2071,9621.25,0.3849,road
139,4,nearest,Peak,Full Multimodal,16.0354,3.2071,9621.25,0.3849,road
140,4,nearest,Off-Peak,Road Only,6.4142,3.2071,9621.25,0.3849,road
140,4,nearest,Off-Peak,Road + Metro,6.4142,3.2071,9621.25,0.3849,road
140,4,nearest,Off-Peak,Road + Waterbus,6.4142,3.2071,9621.25,0.3849,road
140,4,nearest,Off-Peak,Full Multimodal,6.4142,3.2071,9621.25,0.3849,road
140,4,nearest,Peak,Road Only,16.0354,3.2071,9621.25,0.3849,road
140,4,nearest,Peak,Road + Metro,16.0354,3.2071,9621.25,0.3849,road
140,4,nearest,Peak,Road + Waterbus,16.0354,3.2071,9621.25,0.3849,road
140,4,nearest,Peak,Full Multimodal,16.0354,3.2071,9621.25,0.3849,road
143,2,nearest,Off-Peak,Road Only,1.2278,0.6139,1841.63,0.0737,road
143,2,nearest,Off-Peak,Road + Metro,1.2278,0.6139,1841.63,0.0737,road
143,2,nearest,Off-Peak,Road + Waterbus,1.2278,0.6139,1841.63,0.0737,road
143,2,nearest,Off-Peak,Full Multimodal,1.2278,0.6139,1841.63,0.0737,road
143,2,nearest,Peak,Road Only,3.0694,0.6139,1841.63,0.0737,road
143,2,nearest,Peak,Road + Metro,3.0694,0.6139,1841.63,0.0737,road
143,2,nearest,Peak,Road + Waterbus,3.0694,0.6139,1841.63,0.0737,road
143,2,nearest,Peak,Full Multimodal,3.0694,0.6139,1841.63,0.0737,road
144,4,nearest,Off-Peak,Road Only,0.063,0.0315,94.53,0.0038,road
144,4,nearest,Off-Peak,Road + Metro,0.063,0.0315,94.53,0.0038,road
144,4,nearest,Off-Peak,Road + Waterbus,0.063,0.0315,94.53,0.0038,road
144,4,nearest,Off-Peak,Full Multimodal,0.063,0.0315,94.53,0.0038,road
144,4,nearest,Peak,Road Only,0.1575,0.0315,94.53,0.0038,road
144,4,nearest,Peak,Road + Metro,0.1575,0.0315,94.53,0.0038,road
144,4,nearest,Peak,Road + Waterbus,0.1575,0.0315,94.53,0.0038,road
144,4,nearest,Peak,Full Multimodal,0.1575,0.0315,94.53,0.0038,road
145,4,nearest,Off-Peak,Road Only,0.0876,0.0438,131.37,0.0053,road
145,4,nearest,Off-Peak,Road + Metro,0.0876,0.0438,131.37,0.0053,road
145,4,nearest,Off-Peak,Road + Waterbus,0.0876,0.0438,131.37,0.0053,road
145,4,nearest,Off-Peak,Full Multimodal,0.0876,0.0438,131.37,0.0053,road
145,4,nearest,Peak,Road Only,0.219,0.0438,131.37,0.0053,road
145,4,nearest,Peak,Road + Metro,0.219,0.0438,131.37,0.0053,road
145,4,nearest,Peak,Road + Waterbus,0.219,0.0438,131.37,0.0053,road
145,4,nearest,Peak,Full Multimodal,0.219,0.0438,131.37,0.0053,road
146,4,nearest,Off-Peak,Road Only,6.6781,3.3391,10017.16,0.4007,road
146,4,nearest,Off-Peak,Road + Metro,6.6781,3.3391,10017.16,0.4007,road
146,4,nearest,Off-Peak,Road + Waterbus,6.6781,3.3391,10017.16,0.4007,road
146,4,nearest,Off-Peak,Full Multimodal,6.6781,3.3391,10017.16,0.4007,road
146,4,nearest,Peak,Road Only,16.6953,3.3391,10017.16,0.4007,road
146,4,nearest,Peak,Road + Metro,16.6953,3.3391,10017.16,0.4007,road
146,4,nearest,Peak,Road + Waterbus,16.6953,3.3391,10017.16,0.4007,road
146,4,nearest,Peak,Full Multimodal,16.6953,3.3391,10017.16,0.4007,road
147,4,nearest,Off-Peak,Road Only,6.4142,3.2071,9621.25,0.3849,road
147,4,nearest,Off-Peak,Road + Metro,6.4142,3.2071,9621.25,0.3849,road
147,4,nearest,Off-Peak,Road + Waterbus,6.4142,3.2071,9621.25,0.3849,road
147,4,nearest,Off-Peak,Full Multimodal,6.4142,3.2071,9621.25,0.3849,road
147,4,nearest,Peak,Road Only,16.0354,3.2071,9621.25,0.3849,road
147,4,nearest,Peak,Road + Metro,16.0354,3.2071,9621.25,0.3849,road
147,4,nearest,Peak,Road + Waterbus,16.0354,3.2071,9621.25,0.3849,road
147,4,nearest,Peak,Full Multimodal,16.0354,3.2071,9621.25,0.3849,road
148,4,nearest,Off-Peak,Road Only,0.0876,0.0438,131.37,0.0053,road
148,4,nearest,Off-Peak,Road + Metro,0.0876,0.0438,131.37,0.0053,road
148,4,nearest,Off-Peak,Road + Waterbus,0.0876,0.0438,131.37,0.0053,road
148,4,nearest,Off-Peak,Full Multimodal,0.0876,0.0438,131.37,0.0053,road
148,4,nearest,Peak,Road Only,0.219,0.0438,131.37,0.0053,road
148,4,nearest,Peak,Road + Metro,0.219,0.0438,131.37,0.0053,road
148,4,nearest,Peak,Road + Waterbus,0.219,0.0438,131.37,0.0053,road
148,4,nearest,Peak,Full Multimodal,0.219,0.0438,131.37,0.0053,road
150,4,nearest,Off-Peak,Road Only,6.4142,3.2071,9621.25,0.3849,road
150,4,nearest,Off-Peak,Road + Metro,6.4142,3.2071,9621.25,0.3849,road
150,4,nearest,Off-Peak,Road + Waterbus,6.4142,3.2071,9621.25,0.3849,road
150,4,nearest,Off-Peak,Full Multimodal,6.4142,3.2071,9621.25,0.3849,road
150,4,nearest,Peak,Road Only,16.0354,3.2071,9621.25,0.3849,road
150,4,nearest,Peak,Road + Metro,16.0354,3.2071,9621.25,0.3849,road
150,4,nearest,Peak,Road + Waterbus,16.0354,3.2071,9621.25,0.3849,road
150,4,nearest,Peak,Full Multimodal,16.0354,3.2071,9621.25,0.3849,road
151,5,nearest,Off-Peak,Road Only,6.4142,3.2071,9621.25,0.3849,road
151,5,nearest,Off-Peak,Road + Metro,6.4142,3.2071,9621.25,0.3849,road
151,5,nearest,Off-Peak,Road + Waterbus,6.4142,3.2071,9621.25,0.3849,road
151,5,nearest,Off-Peak,Full Multimodal,6.4142,3.2071,9621.25,0.3849,road
151,5,nearest,Peak,Road Only,16.0354,3.2071,9621.25,0.3849,road
151,5,nearest,Peak,Road + Metro,16.0354,3.2071,9621.25,0.3849,road
151,5,nearest,Peak,Road + Waterbus,16.0354,3.2071,9621.25,0.3849,road
151,5,nearest,Peak,Full Multimodal,16.0354,3.2071,9621.25,0.3849,road
153,4,nearest,Off-Peak,Road Only,6.4142,3.2071,9621.25,0.3849,road
153,4,nearest,Off-Peak,Road + Metro,6.4142,3.2071,9621.25,0.3849,road
153,4,nearest,Off-Peak,Road + Waterbus,6.4142,3.2071,9621.25,0.3849,road
153,4,nearest,Off-Peak,Full Multimodal,6.4142,3.2071,9621.25,0.3849,road
153,4,nearest,Peak,Road Only,16.0354,3.2071,9621.25,0.3849,road
153,4,nearest,Peak,Road + Metro,16.0354,3.2071,9621.25,0.3849,road
153,4,nearest,Peak,Road + Waterbus,16.0354,3.2071,9621.25,0.3849,road
153,4,nearest,Peak,Full Multimodal,16.0354,3.2071,9621.25,0.3849,road
156,4,nearest,Off-Peak,Road Only,6.4142,3.2071,9621.25,0.3849,road
156,4,nearest,Off-Peak,Road + Metro,6.4142,3.2071,9621.25,0.3849,road
156,4,nearest,Off-Peak,Road + Waterbus,6.4142,3.2071,9621.25,0.3849,road
156,4,nearest,Off-Peak,Full Multimodal,6.4142,3.2071,9621.25,0.3849,road
156,4,nearest,Peak,Road Only,16.0354,3.2071,9621.25,0.3849,road
156,4,nearest,Peak,Road + Metro,16.0354,3.2071,9621.25,0.3849,road
156,4,nearest,Peak,Road + Waterbus,16.0354,3.2071,9621.25,0.3849,road
156,4,nearest,Peak,Full Multimodal,16.0354,3.2071,9621.25,0.3849,road
159,4,nearest,Off-Peak,Road Only,6.4142,3.2071,9621.25,0.3849,road
159,4,nearest,Off-Peak,Road + Metro,6.4142,3.2071,9621.25,0.3849,road
159,4,nearest,Off-Peak,Road + Waterbus,6.4142,3.2071,9621.25,0.3849,road
159,4,nearest,Off-Peak,Full Multimodal,6.4142,3.2071,9621.25,0.3849,road
159,4,nearest,Peak,Road Only,16.0354,3.2071,9621.25,0.3849,road
159,4,nearest,Peak,Road + Metro,16.0354,3.2071,9621.25,0.3849,road
159,4,nearest,Peak,Road + Waterbus,16.0354,3.2071,9621.25,0.3849,road
159,4,nearest,Peak,Full Multimodal,16.0354,3.2071,9621.25,0.3849,road
160,4,nearest,Off-Peak,Road Only,6.4142,3.2071,9621.25,0.3849,road
160,4,nearest,Off-Peak,Road + Metro,6.4142,3.2071,9621.25,0.3849,road
160,4,nearest,Off-Peak,Road + Waterbus,6.4142,3.2071,9621.25,0.3849,road
160,4,nearest,Off-Peak,Full Multimodal,6.4142,3.2071,9621.25,0.3849,road
160,4,nearest,Peak,Road Only,16.0354,3.2071,9621.25,0.3849,road
160,4,nearest,Peak,Road + Metro,16.0354,3.2071,9621.25,0.3849,road
160,4,nearest,Peak,Road + Waterbus,16.0354,3.2071,9621.25,0.3849,road
160,4,nearest,Peak,Full Multimodal,16.0354,3.2071,9621.25,0.3849,road
161,4,nearest,Off-Peak,Road Only,6.4142,3.2071,9621.25,0.3849,road
161,4,nearest,Off-Peak,Road + Metro,6.4142,3.2071,9621.25,0.3849,road
161,4,nearest,Off-Peak,Road + Waterbus,6.4142,3.2071,9621.25,0.3849,road
161,4,nearest,Off-Peak,Full Multimodal,6.4142,3.2071,9621.25,0.3849,road
161,4,nearest,Peak,Road Only,16.0354,3.2071,9621.25,0.3849,road
161,4,nearest,Peak,Road + Metro,16.0354,3.2071,9621.25,0.3849,road
161,4,nearest,Peak,Road + Waterbus,16.0354,3.2071,9621.25,0.3849,road
161,4,nearest,Peak,Full Multimodal,16.0354,3.2071,9621.25,0.3849,road
162,4,nearest,Off-Peak,Road Only,6.4142,3.2071,9621.25,0.3849,road
162,4,nearest,Off-Peak,Road + Metro,6.4142,3.2071,9621.25,0.3849,road
162,4,nearest,Off-Peak,Road + Waterbus,6.4142,3.2071,9621.25,0.3849,road
162,4,nearest,Off-Peak,Full Multimodal,6.4142,3.2071,9621.25,0.3849,road
162,4,nearest,Peak,Road Only,16.0354,3.2071,9621.25,0.3849,road
162,4,nearest,Peak,Road + Metro,16.0354,3.2071,9621.25,0.3849,road
162,4,nearest,Peak,Road + Waterbus,16.0354,3.2071,9621.25,0.3849,road
162,4,nearest,Peak,Full Multimodal,16.0354,3.2071,9621.25,0.3849,road
166,2,nearest,Off-Peak,Road Only,0.7557,0.3779,1133.62,0.0453,road
166,2,nearest,Off-Peak,Road + Metro,0.7557,0.3779,1133.62,0.0453,road
166,2,nearest,Off-Peak,Road + Waterbus,0.7557,0.3779,1133.62,0.0453,road
166,2,nearest,Off-Peak,Full Multimodal,0.7557,0.3779,1133.62,0.0453,road
166,2,nearest,Peak,Road Only,1.8894,0.3779,1133.62,0.0453,road
166,2,nearest,Peak,Road + Metro,1.8894,0.3779,1133.62,0.0453,road
166,2,nearest,Peak,Road + Waterbus,1.8894,0.3779,1133.62,0.0453,road
166,2,nearest,Peak,Full Multimodal,1.8894,0.3779,1133.62,0.0453,road
168,4,nearest,Off-Peak,Road Only,6.4142,3.2071,9621.25,0.3849,road
168,4,nearest,Off-Peak,Road + Metro,6.4142,3.2071,9621.25,0.3849,road
168,4,nearest,Off-Peak,Road + Waterbus,6.4142,3.2071,9621.25,0.3849,road
168,4,nearest,Off-Peak,Full Multimodal,6.4142,3.2071,9621.25,0.3849,road
168,4,nearest,Peak,Road Only,16.0354,3.2071,9621.25,0.3849,road
168,4,nearest,Peak,Road + Metro,16.0354,3.2071,9621.25,0.3849,road
168,4,nearest,Peak,Road + Waterbus,16.0354,3.2071,9621.25,0.3849,road
168,4,nearest,Peak,Full Multimodal,16.0354,3.2071,9621.25,0.3849,road
170,4,nearest,Off-Peak,Road Only,6.4142,3.2071,9621.25,0.3849,road
170,4,nearest,Off-Peak,Road + Metro,6.4142,3.2071,9621.25,0.3849,road
170,4,nearest,Off-Peak,Road + Waterbus,6.4142,3.2071,9621.25,0.3849,road
170,4,nearest,Off-Peak,Full Multimodal,6.4142,3.2071,9621.25,0.3849,road
170,4,nearest,Peak,Road Only,16.0354,3.2071,9621.25,0.3849,road
170,4,nearest,Peak,Road + Metro,16.0354,3.2071,9621.25,0.3849,road
170,4,nearest,Peak,Road + Waterbus,16.0354,3.2071,9621.25,0.3849,road
170,4,nearest,Peak,Full Multimodal,16.0354,3.2071,9621.25,0.3849,road
171,4,nearest,Off-Peak,Road Only,6.4142,3.2071,9621.25,0.3849,road
171,4,nearest,Off-Peak,Road + Metro,6.4142,3.2071,9621.25,0.3849,road
171,4,nearest,Off-Peak,Road + Waterbus,6.4142,3.2071,9621.25,0.3849,road
171,4,nearest,Off-Peak,Full Multimodal,6.4142,3.2071,9621.25,0.3849,road
171,4,nearest,Peak,Road Only,16.0354,3.2071,9621.25,0.3849,road
171,4,nearest,Peak,Road + Metro,16.0354,3.2071,9621.25,0.3849,road
171,4,nearest,Peak,Road + Waterbus,16.0354,3.2071,9621.25,0.3849,road
171,4,nearest,Peak,Full Multimodal,16.0354,3.2071,9621.25,0.3849,road
172,4,nearest,Off-Peak,Road Only,6.4142,3.2071,9621.25,0.3849,road
172,4,nearest,Off-Peak,Road + Metro,6.4142,3.2071,9621.25,0.3849,road
172,4,nearest,Off-Peak,Road + Waterbus,6.4142,3.2071,9621.25,0.3849,road
172,4,nearest,Off-Peak,Full Multimodal,6.4142,3.2071,9621.25,0.3849,road
172,4,nearest,Peak,Road Only,16.0354,3.2071,9621.25,0.3849,road
172,4,nearest,Peak,Road + Metro,16.0354,3.2071,9621.25,0.3849,road
172,4,nearest,Peak,Road + Waterbus,16.0354,3.2071,9621.25,0.3849,road
172,4,nearest,Peak,Full Multimodal,16.0354,3.2071,9621.25,0.3849,road
173,4,nearest,Off-Peak,Road Only,6.0922,3.0461,9138.25,0.3655,road
173,4,nearest,Off-Peak,Road + Metro,6.0922,3.0461,9138.25,0.3655,road
173,4,nearest,Off-Peak,Road + Waterbus,6.0922,3.0461,9138.25,0.3655,road
173,4,nearest,Off-Peak,Full Multimodal,6.0922,3.0461,9138.25,0.3655,road
173,4,nearest,Peak,Road Only,15.2304,3.0461,9138.25,0.3655,road
173,4,nearest,Peak,Road + Metro,15.2304,3.0461,9138.25,0.3655,road
173,4,nearest,Peak,Road + Waterbus,15.2304,3.0461,9138.25,0.3655,road
173,4,nearest,Peak,Full Multimodal,15.2304,3.0461,9138.25,0.3655,road
174,4,nearest,Off-Peak,Road Only,6.4142,3.2071,9621.25,0.3849,road
174,4,nearest,Off-Peak,Road + Metro,6.4142,3.2071,9621.25,0.3849,road
174,4,nearest,Off-Peak,Road + Waterbus,6.4142,3.2071,9621.25,0.3849,road
174,4,nearest,Off-Peak,Full Multimodal,6.4142,3.2071,9621.25,0.3849,road
174,4,nearest,Peak,Road Only,16.0354,3.2071,9621.25,0.3849,road
174,4,nearest,Peak,Road + Metro,16.0354,3.2071,9621.25,0.3849,road
174,4,nearest,Peak,Road + Waterbus,16.0354,3.2071,9621.25,0.3849,road
174,4,nearest,Peak,Full Multimodal,16.0354,3.2071,9621.25,0.3849,road
175,4,nearest,Off-Peak,Road Only,6.4142,3.2071,9621.25,0.3849,road
175,4,nearest,Off-Peak,Road + Metro,6.4142,3.2071,9621.25,0.3849,road
175,4,nearest,Off-Peak,Road + Waterbus,6.4142,3.2071,9621.25,0.3849,road
175,4,nearest,Off-Peak,Full Multimodal,6.4142,3.2071,9621.25,0.3849,road
175,4,nearest,Peak,Road Only,16.0354,3.2071,9621.25,0.3849,road
175,4,nearest,Peak,Road + Metro,16.0354,3.2071,9621.25,0.3849,road
175,4,nearest,Peak,Road + Waterbus,16.0354,3.2071,9621.25,0.3849,road
175,4,nearest,Peak,Full Multimodal,16.0354,3.2071,9621.25,0.3849,road
177,4,nearest,Off-Peak,Road Only,6.4142,3.2071,9621.25,0.3849,road
177,4,nearest,Off-Peak,Road + Metro,6.4142,3.2071,9621.25,0.3849,road
177,4,nearest,Off-Peak,Road + Waterbus,6.4142,3.2071,9621.25,0.3849,road
177,4,nearest,Off-Peak,Full Multimodal,6.4142,3.2071,9621.25,0.3849,road
177,4,nearest,Peak,Road Only,16.0354,3.2071,9621.25,0.3849,road
177,4,nearest,Peak,Road + Metro,16.0354,3.2071,9621.25,0.3849,road
177,4,nearest,Peak,Road + Waterbus,16.0354,3.2071,9621.25,0.3849,road
177,4,nearest,Peak,Full Multimodal,16.0354,3.2071,9621.25,0.3849,road
180,4,nearest,Off-Peak,Road Only,6.4142,3.2071,9621.25,0.3849,road
180,4,nearest,Off-Peak,Road + Metro,6.4142,3.2071,9621.25,0.3849,road
180,4,nearest,Off-Peak,Road + Waterbus,6.4142,3.2071,9621.25,0.3849,road
180,4,nearest,Off-Peak,Full Multimodal,6.4142,3.2071,9621.25,0.3849,road
180,4,nearest,Peak,Road Only,16.0354,3.2071,9621.25,0.3849,road
180,4,nearest,Peak,Road + Metro,16.0354,3.2071,9621.25,0.3849,road
180,4,nearest,Peak,Road + Waterbus,16.0354,3.2071,9621.25,0.3849,road
180,4,nearest,Peak,Full Multimodal,16.0354,3.2071,9621.25,0.3849,road
181,4,nearest,Off-Peak,Road Only,6.4142,3.2071,9621.25,0.3849,road
181,4,nearest,Off-Peak,Road + Metro,6.4142,3.2071,9621.25,0.3849,road
181,4,nearest,Off-Peak,Road + Waterbus,6.4142,3.2071,9621.25,0.3849,road
181,4,nearest,Off-Peak,Full Multimodal,6.4142,3.2071,9621.25,0.3849,road
181,4,nearest,Peak,Road Only,16.0354,3.2071,9621.25,0.3849,road
181,4,nearest,Peak,Road + Metro,16.0354,3.2071,9621.25,0.3849,road
181,4,nearest,Peak,Road + Waterbus,16.0354,3.2071,9621.25,0.3849,road
181,4,nearest,Peak,Full Multimodal,16.0354,3.2071,9621.25,0.3849,road
183,4,nearest,Off-Peak,Road Only,5.9985,2.9992,8997.74,0.3599,road
183,4,nearest,Off-Peak,Road + Metro,5.9985,2.9992,8997.74,0.3599,road
183,4,nearest,Off-Peak,Road + Waterbus,5.9985,2.9992,8997.74,0.3599,road
183,4,nearest,Off-Peak,Full Multimodal,5.9985,2.9992,8997.74,0.3599,road
183,4,nearest,Peak,Road Only,14.9962,2.9992,8997.74,0.3599,road
183,4,nearest,Peak,Road + Metro,14.9962,2.9992,8997.74,0.3599,road
183,4,nearest,Peak,Road + Waterbus,14.9962,2.9992,8997.74,0.3599,road
183,4,nearest,Peak,Full Multimodal,14.9962,2.9992,8997.74,0.3599,road
186,4,nearest,Off-Peak,Road Only,6.4142,3.2071,9621.25,0.3849,road
186,4,nearest,Off-Peak,Road + Metro,6.4142,3.2071,9621.25,0.3849,road
186,4,nearest,Off-Peak,Road + Waterbus,6.4142,3.2071,9621.25,0.3849,road
186,4,nearest,Off-Peak,Full Multimodal,6.4142,3.2071,9621.25,0.3849,road
186,4,nearest,Peak,Road Only,16.0354,3.2071,9621.25,0.3849,road
186,4,nearest,Peak,Road + Metro,16.0354,3.2071,9621.25,0.3849,road
186,4,nearest,Peak,Road + Waterbus,16.0354,3.2071,9621.25,0.3849,road
186,4,nearest,Peak,Full Multimodal,16.0354,3.2071,9621.25,0.3849,road
187,4,nearest,Off-Peak,Road Only,6.0922,3.0461,9138.25,0.3655,road
187,4,nearest,Off-Peak,Road + Metro,6.0922,3.0461,9138.25,0.3655,road
187,4,nearest,Off-Peak,Road + Waterbus,6.0922,3.0461,9138.25,0.3655,road
187,4,nearest,Off-Peak,Full Multimodal,6.0922,3.0461,9138.25,0.3655,road
187,4,nearest,Peak,Road Only,15.2304,3.0461,9138.25,0.3655,road
187,4,nearest,Peak,Road + Metro,15.2304,3.0461,9138.25,0.3655,road
187,4,nearest,Peak,Road + Waterbus,15.2304,3.0461,9138.25,0.3655,road
187,4,nearest,Peak,Full Multimodal,15.2304,3.0461,9138.25,0.3655,road
189,4,nearest,Off-Peak,Road Only,6.4142,3.2071,9621.25,0.3849,road
189,4,nearest,Off-Peak,Road + Metro,6.4142,3.2071,9621.25,0.3849,road
189,4,nearest,Off-Peak,Road + Waterbus,6.4142,3.2071,9621.25,0.3849,road
189,4,nearest,Off-Peak,Full Multimodal,6.4142,3.2071,9621.25,0.3849,road
189,4,nearest,Peak,Road Only,16.0354,3.2071,9621.25,0.3849,road
189,4,nearest,Peak,Road + Metro,16.0354,3.2071,9621.25,0.3849,road
189,4,nearest,Peak,Road + Waterbus,16.0354,3.2071,9621.25,0.3849,road
189,4,nearest,Peak,Full Multimodal,16.0354,3.2071,9621.25,0.3849,road
191,4,nearest,Off-Peak,Road Only,5.7235,2.8618,8585.28,0.3434,road
191,4,nearest,Off-Peak,Road + Metro,5.7235,2.8618,8585.28,0.3434,road
191,4,nearest,Off-Peak,Road + Waterbus,5.7235,2.8618,8585.28,0.3434,road
191,4,nearest,Off-Peak,Full Multimodal,5.7235,2.8618,8585.28,0.3434,road
191,4,nearest,Peak,Road Only,14.3088,2.8618,8585.28,0.3434,road
191,4,nearest,Peak,Road + Metro,14.3088,2.8618,8585.28,0.3434,road
191,4,nearest,Peak,Road + Waterbus,14.3088,2.8618,8585.28,0.3434,road
191,4,nearest,Peak,Full Multimodal,14.3088,2.8618,8585.28,0.3434,road
192,4,nearest,Off-Peak,Road Only,6.4142,3.2071,9621.25,0.3849,road
192,4,nearest,Off-Peak,Road + Metro,6.4142,3.2071,9621.25,0.3849,road
192,4,nearest,Off-Peak,Road + Waterbus,6.4142,3.2071,9621.25,0.3849,road
192,4,nearest,Off-Peak,Full Multimodal,6.4142,3.2071,9621.25,0.3849,road
192,4,nearest,Peak,Road Only,16.0354,3.2071,9621.25,0.3849,road
192,4,nearest,Peak,Road + Metro,16.0354,3.2071,9621.25,0.3849,road
192,4,nearest,Peak,Road + Waterbus,16.0354,3.2071,9621.25,0.3849,road
192,4,nearest,Peak,Full Multimodal,16.0354,3.2071,9621.25,0.3849,road
193,4,nearest,Off-Peak,Road Only,6.4142,3.2071,9621.25,0.3849,road
193,4,nearest,Off-Peak,Road + Metro,6.4142,3.2071,9621.25,0.3849,road
193,4,nearest,Off-Peak,Road + Waterbus,6.4142,3.2071,9621.25,0.3849,road
193,4,nearest,Off-Peak,Full Multimodal,6.4142,3.2071,9621.25,0.3849,road
193,4,nearest,Peak,Road Only,16.0354,3.2071,9621.25,0.3849,road
193,4,nearest,Peak,Road + Metro,16.0354,3.2071,9621.25,0.3849,road
193,4,nearest,Peak,Road + Waterbus,16.0354,3.2071,9621.25,0.3849,road
193,4,nearest,Peak,Full Multimodal,16.0354,3.2071,9621.25,0.3849,road
194,4,nearest,Off-Peak,Road Only,6.4142,3.2071,9621.25,0.3849,road
194,4,nearest,Off-Peak,Road + Metro,6.4142,3.2071,9621.25,0.3849,road
194,4,nearest,Off-Peak,Road + Waterbus,6.4142,3.2071,9621.25,0.3849,road
194,4,nearest,Off-Peak,Full Multimodal,6.4142,3.2071,9621.25,0.3849,road
194,4,nearest,Peak,Road Only,16.0354,3.2071,9621.25,0.3849,road
194,4,nearest,Peak,Road + Metro,16.0354,3.2071,9621.25,0.3849,road
194,4,nearest,Peak,Road + Waterbus,16.0354,3.2071,9621.25,0.3849,road
194,4,nearest,Peak,Full Multimodal,16.0354,3.2071,9621.25,0.3849,road
195,4,nearest,Off-Peak,Road Only,6.4142,3.2071,9621.25,0.3849,road
195,4,nearest,Off-Peak,Road + Metro,6.4142,3.2071,9621.25,0.3849,road
195,4,nearest,Off-Peak,Road + Waterbus,6.4142,3.2071,9621.25,0.3849,road
195,4,nearest,Off-Peak,Full Multimodal,6.4142,3.2071,9621.25,0.3849,road
195,4,nearest,Peak,Road Only,16.0354,3.2071,9621.25,0.3849,road
195,4,nearest,Peak,Road + Metro,16.0354,3.2071,9621.25,0.3849,road
195,4,nearest,Peak,Road + Waterbus,16.0354,3.2071,9621.25,0.3849,road
195,4,nearest,Peak,Full Multimodal,16.0354,3.2071,9621.25,0.3849,road
197,4,nearest,Off-Peak,Road Only,6.0916,3.0458,9137.43,0.3655,road
197,4,nearest,Off-Peak,Road + Metro,6.0916,3.0458,9137.43,0.3655,road
197,4,nearest,Off-Peak,Road + Waterbus,6.0916,3.0458,9137.43,0.3655,road
197,4,nearest,Off-Peak,Full Multimodal,6.0916,3.0458,9137.43,0.3655,road
197,4,nearest,Peak,Road Only,15.229,3.0458,9137.43,0.3655,road
197,4,nearest,Peak,Road + Metro,15.229,3.0458,9137.43,0.3655,road
197,4,nearest,Peak,Road + Waterbus,15.229,3.0458,9137.43,0.3655,road
197,4,nearest,Peak,Full Multimodal,15.229,3.0458,9137.43,0.3655,road
198,4,nearest,Off-Peak,Road Only,6.4142,3.2071,9621.25,0.3849,road
198,4,nearest,Off-Peak,Road + Metro,6.4142,3.2071,9621.25,0.3849,road
198,4,nearest,Off-Peak,Road + Waterbus,6.4142,3.2071,9621.25,0.3849,road
198,4,nearest,Off-Peak,Full Multimodal,6.4142,3.2071,9621.25,0.3849,road
198,4,nearest,Peak,Road Only,16.0354,3.2071,9621.25,0.3849,road
198,4,nearest,Peak,Road + Metro,16.0354,3.2071,9621.25,0.3849,road
198,4,nearest,Peak,Road + Waterbus,16.0354,3.2071,9621.25,0.3849,road
198,4,nearest,Peak,Full Multimodal,16.0354,3.2071,9621.25,0.3849,road
199,4,nearest,Off-Peak,Road Only,6.4142,3.2071,9621.25,0.3849,road
199,4,nearest,Off-Peak,Road + Metro,6.4142,3.2071,9621.25,0.3849,road
199,4,nearest,Off-Peak,Road + Waterbus,6.4142,3.2071,9621.25,0.3849,road
199,4,nearest,Off-Peak,Full Multimodal,6.4142,3.2071,9621.25,0.3849,road
199,4,nearest,Peak,Road Only,16.0354,3.2071,9621.25,0.3849,road
199,4,nearest,Peak,Road + Metro,16.0354,3.2071,9621.25,0.3849,road
199,4,nearest,Peak,Road + Waterbus,16.0354,3.2071,9621.25,0.3849,road
199,4,nearest,Peak,Full Multimodal,16.0354,3.2071,9621.25,0.3849,road
202,4,nearest,Off-Peak,Road Only,6.0916,3.0458,9137.43,0.3655,road
202,4,nearest,Off-Peak,Road + Metro,6.0916,3.0458,9137.43,0.3655,road
202,4,nearest,Off-Peak,Road + Waterbus,6.0916,3.0458,9137.43,0.3655,road
202,4,nearest,Off-Peak,Full Multimodal,6.0916,3.0458,9137.43,0.3655,road
202,4,nearest,Peak,Road Only,15.229,3.0458,9137.43,0.3655,road
202,4,nearest,Peak,Road + Metro,15.229,3.0458,9137.43,0.3655,road
202,4,nearest,Peak,Road + Waterbus,15.229,3.0458,9137.43,0.3655,road
202,4,nearest,Peak,Full Multimodal,15.229,3.0458,9137.43,0.3655,road
203,4,nearest,Off-Peak,Road Only,6.0916,3.0458,9137.43,0.3655,road
203,4,nearest,Off-Peak,Road + Metro,6.0916,3.0458,9137.43,0.3655,road
203,4,nearest,Off-Peak,Road + Waterbus,6.0916,3.0458,9137.43,0.3655,road
203,4,nearest,Off-Peak,Full Multimodal,6.0916,3.0458,9137.43,0.3655,road
203,4,nearest,Peak,Road Only,15.229,3.0458,9137.43,0.3655,road
203,4,nearest,Peak,Road + Metro,15.229,3.0458,9137.43,0.3655,road
203,4,nearest,Peak,Road + Waterbus,15.229,3.0458,9137.43,0.3655,road
203,4,nearest,Peak,Full Multimodal,15.229,3.0458,9137.43,0.3655,road
204,5,nearest,Off-Peak,Road Only,6.4142,3.2071,9621.25,0.3849,road
204,5,nearest,Off-Peak,Road + Metro,6.4142,3.2071,9621.25,0.3849,road
204,5,nearest,Off-Peak,Road + Waterbus,6.4142,3.2071,9621.25,0.3849,road
204,5,nearest,Off-Peak,Full Multimodal,6.4142,3.2071,9621.25,0.3849,road
204,5,nearest,Peak,Road Only,16.0354,3.2071,9621.25,0.3849,road
204,5,nearest,Peak,Road + Metro,16.0354,3.2071,9621.25,0.3849,road
204,5,nearest,Peak,Road + Waterbus,16.0354,3.2071,9621.25,0.3849,road
204,5,nearest,Peak,Full Multimodal,16.0354,3.2071,9621.25,0.3849,road
206,4,nearest,Off-Peak,Road Only,6.6781,3.3391,10017.16,0.4007,road
206,4,nearest,Off-Peak,Road + Metro,6.6781,3.3391,10017.16,0.4007,road
206,4,nearest,Off-Peak,Road + Waterbus,6.6781,3.3391,10017.16,0.4007,road
206,4,nearest,Off-Peak,Full Multimodal,6.6781,3.3391,10017.16,0.4007,road
206,4,nearest,Peak,Road Only,16.6953,3.3391,10017.16,0.4007,road
206,4,nearest,Peak,Road + Metro,16.6953,3.3391,10017.16,0.4007,road
206,4,nearest,Peak,Road + Waterbus,16.6953,3.3391,10017.16,0.4007,road
206,4,nearest,Peak,Full Multimodal,16.6953,3.3391,10017.16,0.4007,road
208,4,nearest,Off-Peak,Road Only,6.4142,3.2071,9621.25,0.3849,road
208,4,nearest,Off-Peak,Road + Metro,6.4142,3.2071,9621.25,0.3849,road
208,4,nearest,Off-Peak,Road + Waterbus,6.4142,3.2071,9621.25,0.3849,road
208,4,nearest,Off-Peak,Full Multimodal,6.4142,3.2071,9621.25,0.3849,road
208,4,nearest,Peak,Road Only,16.0354,3.2071,9621.25,0.3849,road
208,4,nearest,Peak,Road + Metro,16.0354,3.2071,9621.25,0.3849,road
208,4,nearest,Peak,Road + Waterbus,16.0354,3.2071,9621.25,0.3849,road
208,4,nearest,Peak,Full Multimodal,16.0354,3.2071,9621.25,0.3849,road
210,4,nearest,Off-Peak,Road Only,6.4142,3.2071,9621.25,0.3849,road
210,4,nearest,Off-Peak,Road + Metro,6.4142,3.2071,9621.25,0.3849,road
210,4,nearest,Off-Peak,Road + Waterbus,6.4142,3.2071,9621.25,0.3849,road
210,4,nearest,Off-Peak,Full Multimodal,6.4142,3.2071,9621.25,0.3849,road
210,4,nearest,Peak,Road Only,16.0354,3.2071,9621.25,0.3849,road
210,4,nearest,Peak,Road + Metro,16.0354,3.2071,9621.25,0.3849,road
210,4,nearest,Peak,Road + Waterbus,16.0354,3.2071,9621.25,0.3849,road
210,4,nearest,Peak,Full Multimodal,16.0354,3.2071,9621.25,0.3849,road
227,5,nearest,Off-Peak,Road Only,6.4142,3.2071,9621.25,0.3849,road
227,5,nearest,Off-Peak,Road + Metro,6.4142,3.2071,9621.25,0.3849,road
227,5,nearest,Off-Peak,Road + Waterbus,6.4142,3.2071,9621.25,0.3849,road
227,5,nearest,Off-Peak,Full Multimodal,6.4142,3.2071,9621.25,0.3849,road
227,5,nearest,Peak,Road Only,16.0354,3.2071,9621.25,0.3849,road
227,5,nearest,Peak,Road + Metro,16.0354,3.2071,9621.25,0.3849,road
227,5,nearest,Peak,Road + Waterbus,16.0354,3.2071,9621.25,0.3849,road
227,5,nearest,Peak,Full Multimodal,16.0354,3.2071,9621.25,0.3849,road
267,5,nearest,Off-Peak,Road Only,6.4142,3.2071,9621.25,0.3849,road
267,5,nearest,Off-Peak,Road + Metro,6.4142,3.2071,9621.25,0.3849,road
267,5,nearest,Off-Peak,Road + Waterbus,6.4142,3.2071,9621.25,0.3849,road
267,5,nearest,Off-Peak,Full Multimodal,6.4142,3.2071,9621.25,0.3849,road
267,5,nearest,Peak,Road Only,16.0354,3.2071,9621.25,0.3849,road
267,5,nearest,Peak,Road + Metro,16.0354,3.2071,9621.25,0.3849,road
267,5,nearest,Peak,Road + Waterbus,16.0354,3.2071,9621.25,0.3849,road
267,5,nearest,Peak,Full Multimodal,16.0354,3.2071,9621.25,0.3849,road
269,5,nearest,Off-Peak,Road Only,6.4142,3.2071,9621.25,0.3849,road
269,5,nearest,Off-Peak,Road + Metro,6.4142,3.2071,9621.25,0.3849,road
269,5,nearest,Off-Peak,Road + Waterbus,6.4142,3.2071,9621.25,0.3849,road
269,5,nearest,Off-Peak,Full Multimodal,6.4142,3.2071,9621.25,0.3849,road
269,5,nearest,Peak,Road Only,16.0354,3.2071,9621.25,0.3849,road
269,5,nearest,Peak,Road + Metro,16.0354,3.2071,9621.25,0.3849,road
269,5,nearest,Peak,Road + Waterbus,16.0354,3.2071,9621.25,0.3849,road
269,5,nearest,Peak,Full Multimodal,16.0354,3.2071,9621.25,0.3849,road
279,5,nearest,Off-Peak,Road Only,6.4142,3.2071,9621.25,0.3849,road
279,5,nearest,Off-Peak,Road + Metro,6.4142,3.2071,9621.25,0.3849,road
279,5,nearest,Off-Peak,Road + Waterbus,6.4142,3.2071,9621.25,0.3849,road
279,5,nearest,Off-Peak,Full Multimodal,6.4142,3.2071,9621.25,0.3849,road
279,5,nearest,Peak,Road Only,16.0354,3.2071,9621.25,0.3849,road
279,5,nearest,Peak,Road + Metro,16.0354,3.2071,9621.25,0.3849,road
279,5,nearest,Peak,Road + Waterbus,16.0354,3.2071,9621.25,0.3849,road
279,5,nearest,Peak,Full Multimodal,16.0354,3.2071,9621.25,0.3849,road
1,2,centralized,Off-Peak,Central Road Only,4.0132,2.0066,6019.85,0.2408,road
1,2,centralized,Off-Peak,Central Road + Metro,4.0132,2.0066,6019.85,0.2408,road
1,2,centralized,Off-Peak,Central Road + Waterbus,4.0132,2.0066,6019.85,0.2408,road
1,2,centralized,Off-Peak,Central Full Multimodal,4.0132,2.0066,6019.85,0.2408,road
1,2,centralized,Peak,Central Road Only,10.0331,2.0066,6019.85,0.2408,road
1,2,centralized,Peak,Central Road + Metro,10.0331,2.0066,6019.85,0.2408,road
1,2,centralized,Peak,Central Road + Waterbus,10.0331,2.0066,6019.85,0.2408,road
1,2,centralized,Peak,Central Full Multimodal,10.0331,2.0066,6019.85,0.2408,road
2,2,centralized,Off-Peak,Central Road Only,6.8751,3.4376,10312.68,0.4125,road
2,2,centralized,Off-Peak,Central Road + Metro,6.8751,3.4376,10312.68,0.4125,road
2,2,centralized,Off-Peak,Central Road + Waterbus,6.8751,3.4376,10312.68,0.4125,road
2,2,centralized,Off-Peak,Central Full Multimodal,6.8751,3.4376,10312.68,0.4125,road
2,2,centralized,Peak,Central Road Only,17.1878,3.4376,10312.68,0.4125,road
2,2,centralized,Peak,Central Road + Metro,17.1878,3.4376,10312.68,0.4125,road
2,2,centralized,Peak,Central Road + Waterbus,17.1878,3.4376,10312.68,0.4125,road
2,2,centralized,Peak,Central Full Multimodal,17.1878,3.4376,10312.68,0.4125,road
3,2,centralized,Off-Peak,Central Road Only,3.5256,1.7628,5288.47,0.2115,road
3,2,centralized,Off-Peak,Central Road + Metro,3.5256,1.7628,5288.47,0.2115,road
3,2,centralized,Off-Peak,Central Road + Waterbus,3.5256,1.7628,5288.47,0.2115,road
3,2,centralized,Off-Peak,Central Full Multimodal,3.5256,1.7628,5288.47,0.2115,road
3,2,centralized,Peak,Central Road Only,8.8141,1.7628,5288.47,0.2115,road
3,2,centralized,Peak,Central Road + Metro,8.8141,1.7628,5288.47,0.2115,road
3,2,centralized,Peak,Central Road + Waterbus,8.8141,1.7628,5288.47,0.2115,road
3,2,centralized,Peak,Central Full Multimodal,8.8141,1.7628,5288.47,0.2115,road
5,2,centralized,Off-Peak,Central Road Only,5.3357,2.6679,8003.62,0.3201,road
5,2,centralized,Off-Peak,Central Road + Metro,5.3357,2.6679,8003.62,0.3201,road
5,2,centralized,Off-Peak,Central Road + Waterbus,5.3357,2.6679,8003.62,0.3201,road
5,2,centralized,Off-Peak,Central Full Multimodal,5.3357,2.6679,8003.62,0.3201,road
5,2,centralized,Peak,Central Road Only,13.3394,2.6679,8003.62,0.3201,road
5,2,centralized,Peak,Central Road + Metro,13.3394,2.6679,8003.62,0.3201,road
5,2,centralized,Peak,Central Road + Waterbus,13.3394,2.6679,8003.62,0.3201,road
5,2,centralized,Peak,Central Full Multimodal,13.3394,2.6679,8003.62,0.3201,road
6,2,centralized,Off-Peak,Central Road Only,4.5264,2.2632,6789.67,0.2716,road
6,2,centralized,Off-Peak,Central Road + Metro,4.5264,2.2632,6789.67,0.2716,road
6,2,centralized,Off-Peak,Central Road + Waterbus,4.5264,2.2632,6789.67,0.2716,road
6,2,centralized,Off-Peak,Central Full Multimodal,4.5264,2.2632,6789.67,0.2716,road
6,2,centralized,Peak,Central Road Only,11.3161,2.2632,6789.67,0.2716,road
6,2,centralized,Peak,Central Road + Metro,11.3161,2.2632,6789.67,0.2716,road
6,2,centralized,Peak,Central Road + Waterbus,11.3161,2.2632,6789.67,0.2716,road
6,2,centralized,Peak,Central Full Multimodal,11.3161,2.2632,6789.67,0.2716,road
8,2,centralized,Off-Peak,Central Road Only,5.148,2.574,7722.02,0.3089,road
8,2,centralized,Off-Peak,Central Road + Metro,5.148,2.574,7722.02,0.3089,road
8,2,centralized,Off-Peak,Central Road + Waterbus,5.148,2.574,7722.02,0.3089,road
8,2,centralized,Off-Peak,Central Full Multimodal,5.148,2.574,7722.02,0.3089,road
8,2,centralized,Peak,Central Road Only,12.87,2.574,7722.02,0.3089,road
8,2,centralized,Peak,Central Road + Metro,12.87,2.574,7722.02,0.3089,road
8,2,centralized,Peak,Central Road + Waterbus,12.87,2.574,7722.02,0.3089,road
8,2,centralized,Peak,Central Full Multimodal,12.87,2.574,7722.02,0.3089,road
9,2,centralized,Off-Peak,Central Road Only,5.4647,2.7324,8197.06,0.3279,road
9,2,centralized,Off-Peak,Central Road + Metro,5.4647,2.7324,8197.06,0.3279,road
9,2,centralized,Off-Peak,Central Road + Waterbus,5.4647,2.7324,8197.06,0.3279,road
9,2,centralized,Off-Peak,Central Full Multimodal,5.4647,2.7324,8197.06,0.3279,road
9,2,centralized,Peak,Central Road Only,13.6618,2.7324,8197.06,0.3279,road
9,2,centralized,Peak,Central Road + Metro,13.6618,2.7324,8197.06,0.3279,road
9,2,centralized,Peak,Central Road + Waterbus,13.6618,2.7324,8197.06,0.3279,road
9,2,centralized,Peak,Central Full Multimodal,13.6618,2.7324,8197.06,0.3279,road
10,2,centralized,Off-Peak,Central Road Only,5.5698,2.7849,8354.73,0.3342,road
10,2,centralized,Off-Peak,Central Road + Metro,5.5698,2.7849,8354.73,0.3342,road
10,2,centralized,Off-Peak,Central Road + Waterbus,5.5698,2.7849,8354.73,0.3342,road
10,2,centralized,Off-Peak,Central Full Multimodal,5.5698,2.7849,8354.73,0.3342,road
10,2,centralized,Peak,Central Road Only,13.9246,2.7849,8354.73,0.3342,road
10,2,centralized,Peak,Central Road + Metro,13.9246,2.7849,8354.73,0.3342,road
10,2,centralized,Peak,Central Road + Waterbus,13.9246,2.7849,8354.73,0.3342,road
10,2,centralized,Peak,Central Full Multimodal,13.9246,2.7849,8354.73,0.3342,road
11,2,centralized,Off-Peak,Central Road Only,6.9427,3.4713,10414.04,0.4166,road
11,2,centralized,Off-Peak,Central Road + Metro,6.9427,3.4713,10414.04,0.4166,road
11,2,centralized,Off-Peak,Central Road + Waterbus,6.9427,3.4713,10414.04,0.4166,road
11,2,centralized,Off-Peak,Central Full Multimodal,6.9427,3.4713,10414.04,0.4166,road
11,2,centralized,Peak,Central Road Only,17.3567,3.4713,10414.04,0.4166,road
11,2,centralized,Peak,Central Road + Metro,17.3567,3.4713,10414.04,0.4166,road
11,2,centralized,Peak,Central Road + Waterbus,17.3567,3.4713,10414.04,0.4166,road
11,2,centralized,Peak,Central Full Multimodal,17.3567,3.4713,10414.04,0.4166,road
12,2,centralized,Off-Peak,Central Road Only,5.4647,2.7324,8197.06,0.3279,road
12,2,centralized,Off-Peak,Central Road + Metro,5.4647,2.7324,8197.06,0.3279,road
12,2,centralized,Off-Peak,Central Road + Waterbus,5.4647,2.7324,8197.06,0.3279,road
12,2,centralized,Off-Peak,Central Full Multimodal,5.4647,2.7324,8197.06,0.3279,road
12,2,centralized,Peak,Central Road Only,13.6618,2.7324,8197.06,0.3279,road
12,2,centralized,Peak,Central Road + Metro,13.6618,2.7324,8197.06,0.3279,road
12,2,centralized,Peak,Central Road + Waterbus,13.6618,2.7324,8197.06,0.3279,road
12,2,centralized,Peak,Central Full Multimodal,13.6618,2.7324,8197.06,0.3279,road
13,2,centralized,Off-Peak,Central Road Only,5.9089,2.9544,8863.28,0.3545,road
13,2,centralized,Off-Peak,Central Road + Metro,5.9089,2.9544,8863.28,0.3545,road
13,2,centralized,Off-Peak,Central Road + Waterbus,5.9089,2.9544,8863.28,0.3545,road
13,2,centralized,Off-Peak,Central Full Multimodal,5.9089,2.9544,8863.28,0.3545,road
13,2,centralized,Peak,Central Road Only,14.7721,2.9544,8863.28,0.3545,road
13,2,centralized,Peak,Central Road + Metro,14.7721,2.9544,8863.28,0.3545,road
13,2,centralized,Peak,Central Road + Waterbus,14.7721,2.9544,8863.28,0.3545,road
13,2,centralized,Peak,Central Full Multimodal,14.7721,2.9544,8863.28,0.3545,road
15,2,centralized,Off-Peak,Central Road Only,7.5645,3.7822,11346.73,0.4539,road
15,2,centralized,Off-Peak,Central Road + Metro,7.5645,3.7822,11346.73,0.4539,road
15,2,centralized,Off-Peak,Central Road + Waterbus,7.5645,3.7822,11346.73,0.4539,road
15,2,centralized,Off-Peak,Central Full Multimodal,7.5645,3.7822,11346.73,0.4539,road
15,2,centralized,Peak,Central Road Only,18.9112,3.7822,11346.73,0.4539,road
15,2,centralized,Peak,Central Road + Metro,17.1857,4.0655,21476.98,0.2943,metro+road+transfer
15,2,centralized,Peak,Central Road + Waterbus,18.9112,3.7822,11346.73,0.4539,road
15,2,centralized,Peak,Central Full Multimodal,17.1857,4.0655,21476.98,0.2943,metro+road+transfer
16,2,centralized,Off-Peak,Central Road Only,5.1213,2.5606,7681.88,0.3073,road
16,2,centralized,Off-Peak,Central Road + Metro,5.1213,2.5606,7681.88,0.3073,road
16,2,centralized,Off-Peak,Central Road + Waterbus,5.1213,2.5606,7681.88,0.3073,road
16,2,centralized,Off-Peak,Central Full Multimodal,5.1213,2.5606,7681.88,0.3073,road
16,2,centralized,Peak,Central Road Only,12.8031,2.5606,7681.88,0.3073,road
16,2,centralized,Peak,Central Road + Metro,12.8031,2.5606,7681.88,0.3073,road
16,2,centralized,Peak,Central Road + Waterbus,12.8031,2.5606,7681.88,0.3073,road
16,2,centralized,Peak,Central Full Multimodal,12.8031,2.5606,7681.88,0.3073,road
17,2,centralized,Off-Peak,Central Road Only,6.5482,3.2741,9822.26,0.3929,road
17,2,centralized,Off-Peak,Central Road + Metro,6.5482,3.2741,9822.26,0.3929,road
17,2,centralized,Off-Peak,Central Road + Waterbus,6.5482,3.2741,9822.26,0.3929,road
17,2,centralized,Off-Peak,Central Full Multimodal,6.5482,3.2741,9822.26,0.3929,road
17,2,centralized,Peak,Central Road Only,16.3704,3.2741,9822.26,0.3929,road
17,2,centralized,Peak,Central Road + Metro,14.5751,3.5434,19910.64,0.2316,metro+road+transfer
17,2,centralized,Peak,Central Road + Waterbus,16.3704,3.2741,9822.26,0.3929,road
17,2,centralized,Peak,Central Full Multimodal,14.5751,3.5434,19910.64,0.2316,metro+road+transfer
18,2,centralized,Off-Peak,Central Road Only,5.3136,2.6568,7970.36,0.3188,road
18,2,centralized,Off-Peak,Central Road + Metro,5.3136,2.6568,7970.36,0.3188,road
18,2,centralized,Off-Peak,Central Road + Waterbus,5.3136,2.6568,7970.36,0.3188,road
18,2,centralized,Off-Peak,Central Full Multimodal,5.3136,2.6568,7970.36,0.3188,road
18,2,centralized,Peak,Central Road Only,13.2839,2.6568,7970.36,0.3188,road
18,2,centralized,Peak,Central Road + Metro,13.2839,2.6568,7970.36,0.3188,road
18,2,centralized,Peak,Central Road + Waterbus,13.2839,2.6568,7970.36,0.3188,road
18,2,centralized,Peak,Central Full Multimodal,13.2839,2.6568,7970.36,0.3188,road
19,2,centralized,Off-Peak,Central Road Only,5.8015,2.9007,8702.23,0.3481,road
19,2,centralized,Off-Peak,Central Road + Metro,5.8015,2.9007,8702.23,0.3481,road
19,2,centralized,Off-Peak,Central Road + Waterbus,5.8015,2.9007,8702.23,0.3481,road
19,2,centralized,Off-Peak,Central Full Multimodal,5.8015,2.9007,8702.23,0.3481,road
19,2,centralized,Peak,Central Road Only,14.5037,2.9007,8702.23,0.3481,road
19,2,centralized,Peak,Central Road + Metro,14.5037,2.9007,8702.23,0.3481,road
19,2,centralized,Peak,Central Road + Waterbus,14.5037,2.9007,8702.23,0.3481,road
19,2,centralized,Peak,Central Full Multimodal,14.5037,2.9007,8702.23,0.3481,road
20,2,centralized,Off-Peak,Central Road Only,7.4218,3.7109,11132.72,0.4453,road
20,2,centralized,Off-Peak,Central Road + Metro,7.4218,3.7109,11132.72,0.4453,road
20,2,centralized,Off-Peak,Central Road + Waterbus,7.4218,3.7109,11132.72,0.4453,road
20,2,centralized,Off-Peak,Central Full Multimodal,7.4218,3.7109,11132.72,0.4453,road
20,2,centralized,Peak,Central Road Only,18.5545,3.7109,11132.72,0.4453,road
20,2,centralized,Peak,Central Road + Metro,16.829,3.9942,21262.97,0.2857,metro+road+transfer
20,2,centralized,Peak,Central Road + Waterbus,18.5545,3.7109,11132.72,0.4453,road
20,2,centralized,Peak,Central Full Multimodal,16.829,3.9942,21262.97,0.2857,metro+road+transfer
21,2,centralized,Off-Peak,Central Road Only,4.056,2.028,6083.94,0.2434,road
21,2,centralized,Off-Peak,Central Road + Metro,4.056,2.028,6083.94,0.2434,road
21,2,centralized,Off-Peak,Central Road + Waterbus,4.056,2.028,6083.94,0.2434,road
21,2,centralized,Off-Peak,Central Full Multimodal,4.056,2.028,6083.94,0.2434,road
21,2,centralized,Peak,Central Road Only,10.1399,2.028,6083.94,0.2434,road
21,2,centralized,Peak,Central Road + Metro,10.1399,2.028,6083.94,0.2434,road
21,2,centralized,Peak,Central Road + Waterbus,10.1399,2.028,6083.94,0.2434,road
21,2,centralized,Peak,Central Full Multimodal,10.1399,2.028,6083.94,0.2434,road
22,2,centralized,Off-Peak,Central Road Only,4.5025,2.2513,6753.75,0.2702,road
22,2,centralized,Off-Peak,Central Road + Metro,4.5025,2.2513,6753.75,0.2702,road
22,2,centralized,Off-Peak,Central Road + Waterbus,4.5025,2.2513,6753.75,0.2702,road
22,2,centralized,Off-Peak,Central Full Multimodal,4.5025,2.2513,6753.75,0.2702,road
22,2,centralized,Peak,Central Road Only,11.2563,2.2513,6753.75,0.2702,road
22,2,centralized,Peak,Central Road + Metro,11.2563,2.2513,6753.75,0.2702,road
22,2,centralized,Peak,Central Road + Waterbus,11.2563,2.2513,6753.75,0.2702,road
22,2,centralized,Peak,Central Full Multimodal,11.2563,2.2513,6753.75,0.2702,road
23,2,centralized,Off-Peak,Central Road Only,7.213,3.6065,10819.5,0.4328,road
23,2,centralized,Off-Peak,Central Road + Metro,7.213,3.6065,10819.5,0.4328,road
23,2,centralized,Off-Peak,Central Road + Waterbus,7.213,3.6065,10819.5,0.4328,road
23,2,centralized,Off-Peak,Central Full Multimodal,7.213,3.6065,10819.5,0.4328,road
23,2,centralized,Peak,Central Road Only,18.0325,3.6065,10819.5,0.4328,road
23,2,centralized,Peak,Central Road + Metro,18.0325,3.6065,10819.5,0.4328,road
23,2,centralized,Peak,Central Road + Waterbus,18.0325,3.6065,10819.5,0.4328,road
23,2,centralized,Peak,Central Full Multimodal,18.0325,3.6065,10819.5,0.4328,road
24,2,centralized,Off-Peak,Central Road Only,6.73,3.365,10094.99,0.4038,road
24,2,centralized,Off-Peak,Central Road + Metro,6.73,3.365,10094.99,0.4038,road
24,2,centralized,Off-Peak,Central Road + Waterbus,6.73,3.365,10094.99,0.4038,road
24,2,centralized,Off-Peak,Central Full Multimodal,6.73,3.365,10094.99,0.4038,road
24,2,centralized,Peak,Central Road Only,16.825,3.365,10094.99,0.4038,road
24,2,centralized,Peak,Central Road + Metro,16.825,3.365,10094.99,0.4038,road
24,2,centralized,Peak,Central Road + Waterbus,16.825,3.365,10094.99,0.4038,road
24,2,centralized,Peak,Central Full Multimodal,16.825,3.365,10094.99,0.4038,road
25,2,centralized,Off-Peak,Central Road Only,5.999,2.9995,8998.48,0.3599,road
25,2,centralized,Off-Peak,Central Road + Metro,5.999,2.9995,8998.48,0.3599,road
25,2,centralized,Off-Peak,Central Road + Waterbus,5.999,2.9995,8998.48,0.3599,road
25,2,centralized,Off-Peak,Central Full Multimodal,5.999,2.9995,8998.48,0.3599,road
25,2,centralized,Peak,Central Road Only,14.9975,2.9995,8998.48,0.3599,road
25,2,centralized,Peak,Central Road + Metro,14.9975,2.9995,8998.48,0.3599,road
25,2,centralized,Peak,Central Road + Waterbus,14.9975,2.9995,8998.48,0.3599,road
25,2,centralized,Peak,Central Full Multimodal,14.9975,2.9995,8998.48,0.3599,road
26,2,centralized,Off-Peak,Central Road Only,4.7392,2.3696,7108.79,0.2844,road
26,2,centralized,Off-Peak,Central Road + Metro,4.7392,2.3696,7108.79,0.2844,road
26,2,centralized,Off-Peak,Central Road + Waterbus,4.7392,2.3696,7108.79,0.2844,road
26,2,centralized,Off-Peak,Central Full Multimodal,4.7392,2.3696,7108.79,0.2844,road
26,2,centralized,Peak,Central Road Only,11.848,2.3696,7108.79,0.2844,road
26,2,centralized,Peak,Central Road + Metro,11.848,2.3696,7108.79,0.2844,road
26,2,centralized,Peak,Central Road + Waterbus,11.848,2.3696,7108.79,0.2844,road
26,2,centralized,Peak,Central Full Multimodal,11.848,2.3696,7108.79,0.2844,road
27,2,centralized,Off-Peak,Central Road Only,7.7389,3.8695,11608.37,0.4643,road
27,2,centralized,Off-Peak,Central Road + Metro,7.7389,3.8695,11608.37,0.4643,road
27,2,centralized,Off-Peak,Central Road + Waterbus,7.7389,3.8695,11608.37,0.4643,road
27,2,centralized,Off-Peak,Central Full Multimodal,7.7389,3.8695,11608.37,0.4643,road
27,2,centralized,Peak,Central Road Only,19.3473,3.8695,11608.37,0.4643,road
27,2,centralized,Peak,Central Road + Metro,17.6218,4.1527,21738.62,0.3048,metro+road+transfer
27,2,centralized,Peak,Central Road + Waterbus,19.3473,3.8695,11608.37,0.4643,road
27,2,centralized,Peak,Central Full Multimodal,17.6218,4.1527,21738.62,0.3048,metro+road+transfer
28,2,centralized,Off-Peak,Central Road Only,7.6219,3.811,11432.91,0.4573,road
28,2,centralized,Off-Peak,Central Road + Metro,7.6219,3.811,11432.91,0.4573,road
28,2,centralized,Off-Peak,Central Road + Waterbus,7.6219,3.811,11432.91,0.4573,road
28,2,centralized,Off-Peak,Central Full Multimodal,7.6219,3.811,11432.91,0.4573,road
28,2,centralized,Peak,Central Road Only,19.0548,3.811,11432.91,0.4573,road
28,2,centralized,Peak,Central Road + Metro,19.0548,3.811,11432.91,0.4573,road
28,2,centralized,Peak,Central Road + Waterbus,19.0548,3.811,11432.91,0.4573,road
28,2,centralized,Peak,Central Full Multimodal,19.0548,3.811,11432.91,0.4573,road
29,2,centralized,Off-Peak,Central Road Only,5.999,2.9995,8998.48,0.3599,road
29,2,centralized,Off-Peak,Central Road + Metro,5.999,2.9995,8998.48,0.3599,road
29,2,centralized,Off-Peak,Central Road + Waterbus,5.999,2.9995,8998.48,0.3599,road
29,2,centralized,Off-Peak,Central Full Multimodal,5.999,2.9995,8998.48,0.3599,road
29,2,centralized,Peak,Central Road Only,14.9975,2.9995,8998.48,0.3599,road
29,2,centralized,Peak,Central Road + Metro,14.9975,2.9995,8998.48,0.3599,road
29,2,centralized,Peak,Central Road + Waterbus,14.9975,2.9995,8998.48,0.3599,road
29,2,centralized,Peak,Central Full Multimodal,14.9975,2.9995,8998.48,0.3599,road
30,2,centralized,Off-Peak,Central Road Only,5.64,2.82,8459.98,0.3384,road
30,2,centralized,Off-Peak,Central Road + Metro,5.64,2.82,8459.98,0.3384,road
30,2,centralized,Off-Peak,Central Road + Waterbus,5.64,2.82,8459.98,0.3384,road
30,2,centralized,Off-Peak,Central Full Multimodal,5.64,2.82,8459.98,0.3384,road
30,2,centralized,Peak,Central Road Only,14.1,2.82,8459.98,0.3384,road
30,2,centralized,Peak,Central Road + Metro,14.1,2.82,8459.98,0.3384,road
30,2,centralized,Peak,Central Road + Waterbus,14.1,2.82,8459.98,0.3384,road
30,2,centralized,Peak,Central Full Multimodal,14.1,2.82,8459.98,0.3384,road
31,2,centralized,Off-Peak,Central Road Only,5.7338,2.8669,8600.69,0.344,road
31,2,centralized,Off-Peak,Central Road + Metro,5.7338,2.8669,8600.69,0.344,road
31,2,centralized,Off-Peak,Central Road + Waterbus,5.7338,2.8669,8600.69,0.344,road
31,2,centralized,Off-Peak,Central Full Multimodal,5.7338,2.8669,8600.69,0.344,road
31,2,centralized,Peak,Central Road Only,14.3345,2.8669,8600.69,0.344,road
31,2,centralized,Peak,Central Road + Metro,14.3345,2.8669,8600.69,0.344,road
31,2,centralized,Peak,Central Road + Waterbus,14.3345,2.8669,8600.69,0.344,road
31,2,centralized,Peak,Central Full Multimodal,14.3345,2.8669,8600.69,0.344,road
32,2,centralized,Off-Peak,Central Road Only,3.448,1.724,5172.02,0.2069,road
32,2,centralized,Off-Peak,Central Road + Metro,3.448,1.724,5172.02,0.2069,road
32,2,centralized,Off-Peak,Central Road + Waterbus,3.448,1.724,5172.02,0.2069,road
32,2,centralized,Off-Peak,Central Full Multimodal,3.448,1.724,5172.02,0.2069,road
32,2,centralized,Peak,Central Road Only,8.62,1.724,5172.02,0.2069,road
32,2,centralized,Peak,Central Road + Metro,8.62,1.724,5172.02,0.2069,road
32,2,centralized,Peak,Central Road + Waterbus,8.62,1.724,5172.02,0.2069,road
32,2,centralized,Peak,Central Full Multimodal,8.62,1.724,5172.02,0.2069,road
33,2,centralized,Off-Peak,Central Road Only,5.9089,2.9544,8863.28,0.3545,road
33,2,centralized,Off-Peak,Central Road + Metro,5.9089,2.9544,8863.28,0.3545,road
33,2,centralized,Off-Peak,Central Road + Waterbus,5.9089,2.9544,8863.28,0.3545,road
33,2,centralized,Off-Peak,Central Full Multimodal,5.9089,2.9544,8863.28,0.3545,road
33,2,centralized,Peak,Central Road Only,14.7721,2.9544,8863.28,0.3545,road
33,2,centralized,Peak,Central Road + Metro,14.7721,2.9544,8863.28,0.3545,road
33,2,centralized,Peak,Central Road + Waterbus,14.7721,2.9544,8863.28,0.3545,road
33,2,centralized,Peak,Central Full Multimodal,14.7721,2.9544,8863.28,0.3545,road
34,2,centralized,Off-Peak,Central Road Only,6.0943,3.0472,9141.46,0.3657,road
34,2,centralized,Off-Peak,Central Road + Metro,6.0943,3.0472,9141.46,0.3657,road
34,2,centralized,Off-Peak,Central Road + Waterbus,6.0943,3.0472,9141.46,0.3657,road
34,2,centralized,Off-Peak,Central Full Multimodal,6.0943,3.0472,9141.46,0.3657,road
34,2,centralized,Peak,Central Road Only,15.2358,3.0472,9141.46,0.3657,road
34,2,centralized,Peak,Central Road + Metro,15.2358,3.0472,9141.46,0.3657,road
34,2,centralized,Peak,Central Road + Waterbus,15.2358,3.0472,9141.46,0.3657,road
34,2,centralized,Peak,Central Full Multimodal,15.2358,3.0472,9141.46,0.3657,road
35,2,centralized,Off-Peak,Central Road Only,4.5261,2.263,6789.13,0.2716,road
35,2,centralized,Off-Peak,Central Road + Metro,4.5261,2.263,6789.13,0.2716,road
35,2,centralized,Off-Peak,Central Road + Waterbus,4.5261,2.263,6789.13,0.2716,road
35,2,centralized,Off-Peak,Central Full Multimodal,4.5261,2.263,6789.13,0.2716,road
35,2,centralized,Peak,Central Road Only,11.3152,2.263,6789.13,0.2716,road
35,2,centralized,Peak,Central Road + Metro,11.3152,2.263,6789.13,0.2716,road
35,2,centralized,Peak,Central Road + Waterbus,11.3152,2.263,6789.13,0.2716,road
35,2,centralized,Peak,Central Full Multimodal,11.3152,2.263,6789.13,0.2716,road
36,2,centralized,Off-Peak,Central Road Only,7.254,3.627,10880.96,0.4352,road
36,2,centralized,Off-Peak,Central Road + Metro,7.254,3.627,10880.96,0.4352,road
36,2,centralized,Off-Peak,Central Road + Waterbus,7.254,3.627,10880.96,0.4352,road
36,2,centralized,Off-Peak,Central Full Multimodal,7.254,3.627,10880.96,0.4352,road
36,2,centralized,Peak,Central Road Only,18.1349,3.627,10880.96,0.4352,road
36,2,centralized,Peak,Central Road + Metro,16.4094,3.9103,21011.21,0.2757,metro+road+transfer
36,2,centralized,Peak,Central Road + Waterbus,18.1349,3.627,10880.96,0.4352,road
36,2,centralized,Peak,Central Full Multimodal,16.4094,3.9103,21011.21,0.2757,metro+road+transfer
37,2,centralized,Off-Peak,Central Road Only,4.6668,2.3334,7000.19,0.28,road
37,2,centralized,Off-Peak,Central Road + Metro,4.6668,2.3334,7000.19,0.28,road
37,2,centralized,Off-Peak,Central Road + Waterbus,4.6668,2.3334,7000.19,0.28,road
37,2,centralized,Off-Peak,Central Full Multimodal,4.6668,2.3334,7000.19,0.28,road
37,2,centralized,Peak,Central Road Only,11.667,2.3334,7000.19,0.28,road
37,2,centralized,Peak,Central Road + Metro,11.667,2.3334,7000.19,0.28,road
37,2,centralized,Peak,Central Road + Waterbus,11.667,2.3334,7000.19,0.28,road
37,2,centralized,Peak,Central Full Multimodal,11.667,2.3334,7000.19,0.28,road
39,2,centralized,Off-Peak,Central Road Only,7.7389,3.8695,11608.37,0.4643,road
39,2,centralized,Off-Peak,Central Road + Metro,7.7389,3.8695,11608.37,0.4643,road
39,2,centralized,Off-Peak,Central Road + Waterbus,7.7389,3.8695,11608.37,0.4643,road
39,2,centralized,Off-Peak,Central Full Multimodal,7.7389,3.8695,11608.37,0.4643,road
39,2,centralized,Peak,Central Road Only,19.3473,3.8695,11608.37,0.4643,road
39,2,centralized,Peak,Central Road + Metro,17.6218,4.1527,21738.62,0.3048,metro+road+transfer
39,2,centralized,Peak,Central Road + Waterbus,19.3473,3.8695,11608.37,0.4643,road
39,2,centralized,Peak,Central Full Multimodal,17.6218,4.1527,21738.62,0.3048,metro+road+transfer
40,2,centralized,Off-Peak,Central Road Only,4.5763,2.2882,6864.52,0.2746,road
40,2,centralized,Off-Peak,Central Road + Metro,4.5763,2.2882,6864.52,0.2746,road
40,2,centralized,Off-Peak,Central Road + Waterbus,4.5763,2.2882,6864.52,0.2746,road
40,2,centralized,Off-Peak,Central Full Multimodal,4.5763,2.2882,6864.52,0.2746,road
40,2,centralized,Peak,Central Road Only,11.4409,2.2882,6864.52,0.2746,road
40,2,centralized,Peak,Central Road + Metro,11.4409,2.2882,6864.52,0.2746,road
40,2,centralized,Peak,Central Road + Waterbus,11.4409,2.2882,6864.52,0.2746,road
40,2,centralized,Peak,Central Full Multimodal,11.4409,2.2882,6864.52,0.2746,road
41,2,centralized,Off-Peak,Central Road Only,5.5882,2.7941,8382.29,0.3353,road
41,2,centralized,Off-Peak,Central Road + Metro,5.5882,2.7941,8382.29,0.3353,road
41,2,centralized,Off-Peak,Central Road + Waterbus,5.5882,2.7941,8382.29,0.3353,road
41,2,centralized,Off-Peak,Central Full Multimodal,5.5882,2.7941,8382.29,0.3353,road
41,2,centralized,Peak,Central Road Only,13.9705,2.7941,8382.29,0.3353,road
41,2,centralized,Peak,Central Road + Metro,13.9705,2.7941,8382.29,0.3353,road
41,2,centralized,Peak,Central Road + Waterbus,13.9705,2.7941,8382.29,0.3353,road
41,2,centralized,Peak,Central Full Multimodal,13.9705,2.7941,8382.29,0.3353,road
42,2,centralized,Off-Peak,Central Road Only,4.7177,2.3588,7076.52,0.2831,road
42,2,centralized,Off-Peak,Central Road + Metro,4.7177,2.3588,7076.52,0.2831,road
42,2,centralized,Off-Peak,Central Road + Waterbus,4.7177,2.3588,7076.52,0.2831,road
42,2,centralized,Off-Peak,Central Full Multimodal,4.7177,2.3588,7076.52,0.2831,road
42,2,centralized,Peak,Central Road Only,11.7942,2.3588,7076.52,0.2831,road
42,2,centralized,Peak,Central Road + Metro,11.7942,2.3588,7076.52,0.2831,road
42,2,centralized,Peak,Central Road + Waterbus,11.7942,2.3588,7076.52,0.2831,road
42,2,centralized,Peak,Central Full Multimodal,11.7942,2.3588,7076.52,0.2831,road
43,2,centralized,Off-Peak,Central Road Only,4.4436,2.2218,6665.34,0.2666,road
43,2,centralized,Off-Peak,Central Road + Metro,4.4436,2.2218,6665.34,0.2666,road
43,2,centralized,Off-Peak,Central Road + Waterbus,4.4436,2.2218,6665.34,0.2666,road
43,2,centralized,Off-Peak,Central Full Multimodal,4.4436,2.2218,6665.34,0.2666,road
43,2,centralized,Peak,Central Road Only,11.1089,2.2218,6665.34,0.2666,road
43,2,centralized,Peak,Central Road + Metro,11.1089,2.2218,6665.34,0.2666,road
43,2,centralized,Peak,Central Road + Waterbus,11.1089,2.2218,6665.34,0.2666,road
43,2,centralized,Peak,Central Full Multimodal,11.1089,2.2218,6665.34,0.2666,road
44,2,centralized,Off-Peak,Central Road Only,6.7266,3.3633,10089.9,0.4036,road
44,2,centralized,Off-Peak,Central Road + Metro,6.7266,3.3633,10089.9,0.4036,road
44,2,centralized,Off-Peak,Central Road + Waterbus,6.7266,3.3633,10089.9,0.4036,road
44,2,centralized,Off-Peak,Central Full Multimodal,6.7266,3.3633,10089.9,0.4036,road
44,2,centralized,Peak,Central Road Only,16.8165,3.3633,10089.9,0.4036,road
44,2,centralized,Peak,Central Road + Metro,16.8165,3.3633,10089.9,0.4036,road
44,2,centralized,Peak,Central Road + Waterbus,16.8165,3.3633,10089.9,0.4036,road
44,2,centralized,Peak,Central Full Multimodal,16.8165,3.3633,10089.9,0.4036,road
45,2,centralized,Off-Peak,Central Road Only,5.9981,2.9991,8997.19,0.3599,road
45,2,centralized,Off-Peak,Central Road + Metro,5.9981,2.9991,8997.19,0.3599,road
45,2,centralized,Off-Peak,Central Road + Waterbus,5.9981,2.9991,8997.19,0.3599,road
45,2,centralized,Off-Peak,Central Full Multimodal,5.9981,2.9991,8997.19,0.3599,road
45,2,centralized,Peak,Central Road Only,14.9953,2.9991,8997.19,0.3599,road
45,2,centralized,Peak,Central Road + Metro,14.9953,2.9991,8997.19,0.3599,road
45,2,centralized,Peak,Central Road + Waterbus,14.9953,2.9991,8997.19,0.3599,road
45,2,centralized,Peak,Central Full Multimodal,14.9953,2.9991,8997.19,0.3599,road
46,2,centralized,Off-Peak,Central Road Only,6.1694,3.0847,9254.16,0.3702,road
46,2,centralized,Off-Peak,Central Road + Metro,6.1694,3.0847,9254.16,0.3702,road
46,2,centralized,Off-Peak,Central Road + Waterbus,6.1694,3.0847,9254.16,0.3702,road
46,2,centralized,Off-Peak,Central Full Multimodal,6.1694,3.0847,9254.16,0.3702,road
46,2,centralized,Peak,Central Road Only,15.4236,3.0847,9254.16,0.3702,road
46,2,centralized,Peak,Central Road + Metro,15.4236,3.0847,9254.16,0.3702,road
46,2,centralized,Peak,Central Road + Waterbus,15.4236,3.0847,9254.16,0.3702,road
46,2,centralized,Peak,Central Full Multimodal,15.4236,3.0847,9254.16,0.3702,road
47,2,centralized,Off-Peak,Central Road Only,5.6162,2.8081,8424.31,0.337,road
47,2,centralized,Off-Peak,Central Road + Metro,5.6162,2.8081,8424.31,0.337,road
47,2,centralized,Off-Peak,Central Road + Waterbus,5.6162,2.8081,8424.31,0.337,road
47,2,centralized,Off-Peak,Central Full Multimodal,5.6162,2.8081,8424.31,0.337,road
47,2,centralized,Peak,Central Road Only,14.0405,2.8081,8424.31,0.337,road
47,2,centralized,Peak,Central Road + Metro,14.0405,2.8081,8424.31,0.337,road
47,2,centralized,Peak,Central Road + Waterbus,14.0405,2.8081,8424.31,0.337,road
47,2,centralized,Peak,Central Full Multimodal,14.0405,2.8081,8424.31,0.337,road
49,2,centralized,Off-Peak,Central Road Only,5.3136,2.6568,7970.36,0.3188,road
49,2,centralized,Off-Peak,Central Road + Metro,5.3136,2.6568,7970.36,0.3188,road
49,2,centralized,Off-Peak,Central Road + Waterbus,5.3136,2.6568,7970.36,0.3188,road
49,2,centralized,Off-Peak,Central Full Multimodal,5.3136,2.6568,7970.36,0.3188,road
49,2,centralized,Peak,Central Road Only,13.2839,2.6568,7970.36,0.3188,road
49,2,centralized,Peak,Central Road + Metro,13.2839,2.6568,7970.36,0.3188,road
49,2,centralized,Peak,Central Road + Waterbus,13.2839,2.6568,7970.36,0.3188,road
49,2,centralized,Peak,Central Full Multimodal,13.2839,2.6568,7970.36,0.3188,road
50,2,centralized,Off-Peak,Central Road Only,7.4025,3.7012,11103.68,0.4441,road
50,2,centralized,Off-Peak,Central Road + Metro,7.4025,3.7012,11103.68,0.4441,road
50,2,centralized,Off-Peak,Central Road + Waterbus,7.4025,3.7012,11103.68,0.4441,road
50,2,centralized,Off-Peak,Central Full Multimodal,7.4025,3.7012,11103.68,0.4441,road
50,2,centralized,Peak,Central Road Only,18.5061,3.7012,11103.68,0.4441,road
50,2,centralized,Peak,Central Road + Metro,16.7806,3.9845,21233.93,0.2846,metro+road+transfer
50,2,centralized,Peak,Central Road + Waterbus,18.5061,3.7012,11103.68,0.4441,road
50,2,centralized,Peak,Central Full Multimodal,16.7806,3.9845,21233.93,0.2846,metro+road+transfer
51,2,centralized,Off-Peak,Central Road Only,5.6085,2.8042,8412.7,0.3365,road
51,2,centralized,Off-Peak,Central Road + Metro,5.6085,2.8042,8412.7,0.3365,road
51,2,centralized,Off-Peak,Central Road + Waterbus,5.6085,2.8042,8412.7,0.3365,road
51,2,centralized,Off-Peak,Central Full Multimodal,5.6085,2.8042,8412.7,0.3365,road
51,2,centralized,Peak,Central Road Only,14.0212,2.8042,8412.7,0.3365,road
51,2,centralized,Peak,Central Road + Metro,14.0212,2.8042,8412.7,0.3365,road
51,2,centralized,Peak,Central Road + Waterbus,14.0212,2.8042,8412.7,0.3365,road
51,2,centralized,Peak,Central Full Multimodal,14.0212,2.8042,8412.7,0.3365,road
52,2,centralized,Off-Peak,Central Road Only,6.7266,3.3633,10089.9,0.4036,road
52,2,centralized,Off-Peak,Central Road + Metro,6.7266,3.3633,10089.9,0.4036,road
52,2,centralized,Off-Peak,Central Road + Waterbus,6.7266,3.3633,10089.9,0.4036,road
52,2,centralized,Off-Peak,Central Full Multimodal,6.7266,3.3633,10089.9,0.4036,road
52,2,centralized,Peak,Central Road Only,16.8165,3.3633,10089.9,0.4036,road
52,2,centralized,Peak,Central Road + Metro,16.8165,3.3633,10089.9,0.4036,road
52,2,centralized,Peak,Central Road + Waterbus,16.8165,3.3633,10089.9,0.4036,road
52,2,centralized,Peak,Central Full Multimodal,16.8165,3.3633,10089.9,0.4036,road
53,2,centralized,Off-Peak,Central Road Only,6.1382,3.0691,9207.36,0.3683,road
53,2,centralized,Off-Peak,Central Road + Metro,6.1382,3.0691,9207.36,0.3683,road
53,2,centralized,Off-Peak,Central Road + Waterbus,6.1382,3.0691,9207.36,0.3683,road
53,2,centralized,Off-Peak,Central Full Multimodal,6.1382,3.0691,9207.36,0.3683,road
53,2,centralized,Peak,Central Road Only,15.3456,3.0691,9207.36,0.3683,road
53,2,centralized,Peak,Central Road + Metro,15.3456,3.0691,9207.36,0.3683,road
53,2,centralized,Peak,Central Road + Waterbus,15.3456,3.0691,9207.36,0.3683,road
53,2,centralized,Peak,Central Full Multimodal,15.3456,3.0691,9207.36,0.3683,road
54,2,centralized,Off-Peak,Central Road Only,4.9964,2.4982,7494.55,0.2998,road
54,2,centralized,Off-Peak,Central Road + Metro,4.9964,2.4982,7494.55,0.2998,road
54,2,centralized,Off-Peak,Central Road + Waterbus,4.9964,2.4982,7494.55,0.2998,road
54,2,centralized,Off-Peak,Central Full Multimodal,4.9964,2.4982,7494.55,0.2998,road
54,2,centralized,Peak,Central Road Only,12.4909,2.4982,7494.55,0.2998,road
54,2,centralized,Peak,Central Road + Metro,12.4909,2.4982,7494.55,0.2998,road
54,2,centralized,Peak,Central Road + Waterbus,12.4909,2.4982,7494.55,0.2998,road
54,2,centralized,Peak,Central Full Multimodal,12.4909,2.4982,7494.55,0.2998,road
55,2,centralized,Off-Peak,Central Road Only,4.3038,2.1519,6455.66,0.2582,road
55,2,centralized,Off-Peak,Central Road + Metro,4.3038,2.1519,6455.66,0.2582,road
55,2,centralized,Off-Peak,Central Road + Waterbus,4.3038,2.1519,6455.66,0.2582,road
55,2,centralized,Off-Peak,Central Full Multimodal,4.3038,2.1519,6455.66,0.2582,road
55,2,centralized,Peak,Central Road Only,10.7594,2.1519,6455.66,0.2582,road
55,2,centralized,Peak,Central Road + Metro,10.7594,2.1519,6455.66,0.2582,road
55,2,centralized,Peak,Central Road + Waterbus,10.7594,2.1519,6455.66,0.2582,road
55,2,centralized,Peak,Central Full Multimodal,10.7594,2.1519,6455.66,0.2582,road
56,2,centralized,Off-Peak,Central Road Only,3.9403,1.9701,5910.41,0.2364,road
56,2,centralized,Off-Peak,Central Road + Metro,3.9403,1.9701,5910.41,0.2364,road
56,2,centralized,Off-Peak,Central Road + Waterbus,3.9403,1.9701,5910.41,0.2364,road
56,2,centralized,Off-Peak,Central Full Multimodal,3.9403,1.9701,5910.41,0.2364,road
56,2,centralized,Peak,Central Road Only,9.8507,1.9701,5910.41,0.2364,road
56,2,centralized,Peak,Central Road + Metro,9.8507,1.9701,5910.41,0.2364,road
56,2,centralized,Peak,Central Road + Waterbus,9.8507,1.9701,5910.41,0.2364,road
56,2,centralized,Peak,Central Full Multimodal,9.8507,1.9701,5910.41,0.2364,road
57,2,centralized,Off-Peak,Central Road Only,6.2368,3.1184,9355.27,0.3742,road
57,2,centralized,Off-Peak,Central Road + Metro,6.2368,3.1184,9355.27,0.3742,road
57,2,centralized,Off-Peak,Central Road + Waterbus,6.2368,3.1184,9355.27,0.3742,road
57,2,centralized,Off-Peak,Central Full Multimodal,6.2368,3.1184,9355.27,0.3742,road
57,2,centralized,Peak,Central Road Only,15.5921,3.1184,9355.27,0.3742,road
57,2,centralized,Peak,Central Road + Metro,15.5921,3.1184,9355.27,0.3742,road
57,2,centralized,Peak,Central Road + Waterbus,15.5921,3.1184,9355.27,0.3742,road
57,2,centralized,Peak,Central Full Multimodal,15.5921,3.1184,9355.27,0.3742,road
58,2,centralized,Off-Peak,Central Road Only,4.8701,2.435,7305.14,0.2922,road
58,2,centralized,Off-Peak,Central Road + Metro,4.8701,2.435,7305.14,0.2922,road
58,2,centralized,Off-Peak,Central Road + Waterbus,4.8701,2.435,7305.14,0.2922,road
58,2,centralized,Off-Peak,Central Full Multimodal,4.8701,2.435,7305.14,0.2922,road
58,2,centralized,Peak,Central Road Only,12.1752,2.435,7305.14,0.2922,road
58,2,centralized,Peak,Central Road + Metro,12.1752,2.435,7305.14,0.2922,road
58,2,centralized,Peak,Central Road + Waterbus,12.1752,2.435,7305.14,0.2922,road
58,2,centralized,Peak,Central Full Multimodal,12.1752,2.435,7305.14,0.2922,road
59,2,centralized,Off-Peak,Central Road Only,5.3136,2.6568,7970.36,0.3188,road
59,2,centralized,Off-Peak,Central Road + Metro,5.3136,2.6568,7970.36,0.3188,road
59,2,centralized,Off-Peak,Central Road + Waterbus,5.3136,2.6568,7970.36,0.3188,road
59,2,centralized,Off-Peak,Central Full Multimodal,5.3136,2.6568,7970.36,0.3188,road
59,2,centralized,Peak,Central Road Only,13.2839,2.6568,7970.36,0.3188,road
59,2,centralized,Peak,Central Road + Metro,13.2839,2.6568,7970.36,0.3188,road
59,2,centralized,Peak,Central Road + Waterbus,13.2839,2.6568,7970.36,0.3188,road
59,2,centralized,Peak,Central Full Multimodal,13.2839,2.6568,7970.36,0.3188,road
61,2,centralized,Off-Peak,Central Road Only,5.5962,2.7981,8394.26,0.3358,road
61,2,centralized,Off-Peak,Central Road + Metro,5.5962,2.7981,8394.26,0.3358,road
61,2,centralized,Off-Peak,Central Road + Waterbus,5.5962,2.7981,8394.26,0.3358,road
61,2,centralized,Off-Peak,Central Full Multimodal,5.5962,2.7981,8394.26,0.3358,road
61,2,centralized,Peak,Central Road Only,13.9904,2.7981,8394.26,0.3358,road
61,2,centralized,Peak,Central Road + Metro,13.9904,2.7981,8394.26,0.3358,road
61,2,centralized,Peak,Central Road + Waterbus,13.9904,2.7981,8394.26,0.3358,road
61,2,centralized,Peak,Central Full Multimodal,13.9904,2.7981,8394.26,0.3358,road
62,2,centralized,Off-Peak,Central Road Only,6.8751,3.4376,10312.68,0.4125,road
62,2,centralized,Off-Peak,Central Road + Metro,6.8751,3.4376,10312.68,0.4125,road
62,2,centralized,Off-Peak,Central Road + Waterbus,6.8751,3.4376,10312.68,0.4125,road
62,2,centralized,Off-Peak,Central Full Multimodal,6.8751,3.4376,10312.68,0.4125,road
62,2,centralized,Peak,Central Road Only,17.1878,3.4376,10312.68,0.4125,road
62,2,centralized,Peak,Central Road + Metro,17.1878,3.4376,10312.68,0.4125,road
62,2,centralized,Peak,Central Road + Waterbus,17.1878,3.4376,10312.68,0.4125,road
62,2,centralized,Peak,Central Full Multimodal,17.1878,3.4376,10312.68,0.4125,road
63,2,centralized,Off-Peak,Central Road Only,6.8855,3.4428,10328.26,0.4131,road
63,2,centralized,Off-Peak,Central Road + Metro,6.8855,3.4428,10328.26,0.4131,road
63,2,centralized,Off-Peak,Central Road + Waterbus,6.8855,3.4428,10328.26,0.4131,road
63,2,centralized,Off-Peak,Central Full Multimodal,6.8855,3.4428,10328.26,0.4131,road
63,2,centralized,Peak,Central Road Only,17.2138,3.4428,10328.26,0.4131,road
63,2,centralized,Peak,Central Road + Metro,15.4185,3.7121,20416.64,0.2519,metro+road+transfer
63,2,centralized,Peak,Central Road + Waterbus,17.2138,3.4428,10328.26,0.4131,road
63,2,centralized,Peak,Central Full Multimodal,15.4185,3.7121,20416.64,0.2519,metro+road+transfer
64,2,centralized,Off-Peak,Central Road Only,6.3791,3.1895,9568.62,0.3827,road
64,2,centralized,Off-Peak,Central Road + Metro,6.3791,3.1895,9568.62,0.3827,road
64,2,centralized,Off-Peak,Central Road + Waterbus,6.3791,3.1895,9568.62,0.3827,road
64,2,centralized,Off-Peak,Central Full Multimodal,6.3791,3.1895,9568.62,0.3827,road
64,2,centralized,Peak,Central Road Only,15.9477,3.1895,9568.62,0.3827,road
64,2,centralized,Peak,Central Road + Metro,15.9477,3.1895,9568.62,0.3827,road
64,2,centralized,Peak,Central Road + Waterbus,15.9477,3.1895,9568.62,0.3827,road
64,2,centralized,Peak,Central Full Multimodal,15.9477,3.1895,9568.62,0.3827,road
65,2,centralized,Off-Peak,Central Road Only,4.9908,2.4954,7486.13,0.2994,road
65,2,centralized,Off-Peak,Central Road + Metro,4.9908,2.4954,7486.13,0.2994,road
65,2,centralized,Off-Peak,Central Road + Waterbus,4.9908,2.4954,7486.13,0.2994,road
65,2,centralized,Off-Peak,Central Full Multimodal,4.9908,2.4954,7486.13,0.2994,road
65,2,centralized,Peak,Central Road Only,12.4769,2.4954,7486.13,0.2994,road
65,2,centralized,Peak,Central Road + Metro,12.4769,2.4954,7486.13,0.2994,road
65,2,centralized,Peak,Central Road + Waterbus,12.4769,2.4954,7486.13,0.2994,road
65,2,centralized,Peak,Central Full Multimodal,12.4769,2.4954,7486.13,0.2994,road
66,2,centralized,Off-Peak,Central Road Only,3.7066,1.8533,5559.87,0.2224,road
66,2,centralized,Off-Peak,Central Road + Metro,3.7066,1.8533,5559.87,0.2224,road
66,2,centralized,Off-Peak,Central Road + Waterbus,3.7066,1.8533,5559.87,0.2224,road
66,2,centralized,Off-Peak,Central Full Multimodal,3.7066,1.8533,5559.87,0.2224,road
66,2,centralized,Peak,Central Road Only,9.2664,1.8533,5559.87,0.2224,road
66,2,centralized,Peak,Central Road + Metro,9.2664,1.8533,5559.87,0.2224,road
66,2,centralized,Peak,Central Road + Waterbus,9.2664,1.8533,5559.87,0.2224,road
66,2,centralized,Peak,Central Full Multimodal,9.2664,1.8533,5559.87,0.2224,road
67,2,centralized,Off-Peak,Central Road Only,4.9163,2.4581,7374.42,0.295,road
67,2,centralized,Off-Peak,Central Road + Metro,4.9163,2.4581,7374.42,0.295,road
67,2,centralized,Off-Peak,Central Road + Waterbus,4.9163,2.4581,7374.42,0.295,road
67,2,centralized,Off-Peak,Central Full Multimodal,4.9163,2.4581,7374.42,0.295,road
67,2,centralized,Peak,Central Road Only,12.2907,2.4581,7374.42,0.295,road
67,2,centralized,Peak,Central Road + Metro,12.2907,2.4581,7374.42,0.295,road
67,2,centralized,Peak,Central Road + Waterbus,12.2907,2.4581,7374.42,0.295,road
67,2,centralized,Peak,Central Full Multimodal,12.2907,2.4581,7374.42,0.295,road
68,2,centralized,Off-Peak,Central Road Only,4.9818,2.4909,7472.7,0.2989,road
68,2,centralized,Off-Peak,Central Road + Metro,4.9818,2.4909,7472.7,0.2989,road
68,2,centralized,Off-Peak,Central Road + Waterbus,4.9818,2.4909,7472.7,0.2989,road
68,2,centralized,Off-Peak,Central Full Multimodal,4.9818,2.4909,7472.7,0.2989,road
68,2,centralized,Peak,Central Road Only,12.4545,2.4909,7472.7,0.2989,road
68,2,centralized,Peak,Central Road + Metro,12.4545,2.4909,7472.7,0.2989,road
68,2,centralized,Peak,Central Road + Waterbus,12.4545,2.4909,7472.7,0.2989,road
68,2,centralized,Peak,Central Full Multimodal,12.4545,2.4909,7472.7,0.2989,road
69,2,centralized,Off-Peak,Central Road Only,5.5698,2.7849,8354.73,0.3342,road
69,2,centralized,Off-Peak,Central Road + Metro,5.5698,2.7849,8354.73,0.3342,road
69,2,centralized,Off-Peak,Central Road + Waterbus,5.5698,2.7849,8354.73,0.3342,road
69,2,centralized,Off-Peak,Central Full Multimodal,5.5698,2.7849,8354.73,0.3342,road
69,2,centralized,Peak,Central Road Only,13.9246,2.7849,8354.73,0.3342,road
69,2,centralized,Peak,Central Road + Metro,13.9246,2.7849,8354.73,0.3342,road
69,2,centralized,Peak,Central Road + Waterbus,13.9246,2.7849,8354.73,0.3342,road
69,2,centralized,Peak,Central Full Multimodal,13.9246,2.7849,8354.73,0.3342,road
70,2,centralized,Off-Peak,Central Road Only,6.9427,3.4713,10414.04,0.4166,road
70,2,centralized,Off-Peak,Central Road + Metro,6.9427,3.4713,10414.04,0.4166,road
70,2,centralized,Off-Peak,Central Road + Waterbus,6.9427,3.4713,10414.04,0.4166,road
70,2,centralized,Off-Peak,Central Full Multimodal,6.9427,3.4713,10414.04,0.4166,road
70,2,centralized,Peak,Central Road Only,17.3567,3.4713,10414.04,0.4166,road
70,2,centralized,Peak,Central Road + Metro,17.3567,3.4713,10414.04,0.4166,road
70,2,centralized,Peak,Central Road + Waterbus,17.3567,3.4713,10414.04,0.4166,road
70,2,centralized,Peak,Central Full Multimodal,17.3567,3.4713,10414.04,0.4166,road
71,2,centralized,Off-Peak,Central Road Only,5.3136,2.6568,7970.36,0.3188,road
71,2,centralized,Off-Peak,Central Road + Metro,5.3136,2.6568,7970.36,0.3188,road
71,2,centralized,Off-Peak,Central Road + Waterbus,5.3136,2.6568,7970.36,0.3188,road
71,2,centralized,Off-Peak,Central Full Multimodal,5.3136,2.6568,7970.36,0.3188,road
71,2,centralized,Peak,Central Road Only,13.2839,2.6568,7970.36,0.3188,road
71,2,centralized,Peak,Central Road + Metro,13.2839,2.6568,7970.36,0.3188,road
71,2,centralized,Peak,Central Road + Waterbus,13.2839,2.6568,7970.36,0.3188,road
71,2,centralized,Peak,Central Full Multimodal,13.2839,2.6568,7970.36,0.3188,road
72,2,centralized,Off-Peak,Central Road Only,3.7066,1.8533,5559.87,0.2224,road
72,2,centralized,Off-Peak,Central Road + Metro,3.7066,1.8533,5559.87,0.2224,road
72,2,centralized,Off-Peak,Central Road + Waterbus,3.7066,1.8533,5559.87,0.2224,road
72,2,centralized,Off-Peak,Central Full Multimodal,3.7066,1.8533,5559.87,0.2224,road
72,2,centralized,Peak,Central Road Only,9.2664,1.8533,5559.87,0.2224,road
72,2,centralized,Peak,Central Road + Metro,9.2664,1.8533,5559.87,0.2224,road
72,2,centralized,Peak,Central Road + Waterbus,9.2664,1.8533,5559.87,0.2224,road
72,2,centralized,Peak,Central Full Multimodal,9.2664,1.8533,5559.87,0.2224,road
73,2,centralized,Off-Peak,Central Road Only,5.0358,2.5179,7553.65,0.3021,road
73,2,centralized,Off-Peak,Central Road + Metro,5.0358,2.5179,7553.65,0.3021,road
73,2,centralized,Off-Peak,Central Road + Waterbus,5.0358,2.5179,7553.65,0.3021,road
73,2,centralized,Off-Peak,Central Full Multimodal,5.0358,2.5179,7553.65,0.3021,road
73,2,centralized,Peak,Central Road Only,12.5894,2.5179,7553.65,0.3021,road
73,2,centralized,Peak,Central Road + Metro,12.5894,2.5179,7553.65,0.3021,road
73,2,centralized,Peak,Central Road + Waterbus,12.5894,2.5179,7553.65,0.3021,road
73,2,centralized,Peak,Central Full Multimodal,12.5894,2.5179,7553.65,0.3021,road
75,2,centralized,Off-Peak,Central Road Only,8.069,4.0345,12103.57,0.4841,road
75,2,centralized,Off-Peak,Central Road + Metro,8.069,4.0345,12103.57,0.4841,road
75,2,centralized,Off-Peak,Central Road + Waterbus,8.069,4.0345,12103.57,0.4841,road
75,2,centralized,Off-Peak,Central Full Multimodal,8.069,4.0345,12103.57,0.4841,road
75,2,centralized,Peak,Central Road Only,20.1726,4.0345,12103.57,0.4841,road
75,2,centralized,Peak,Central Road + Metro,19.1406,4.4565,22649.91,0.3412,metro+road+transfer
75,2,centralized,Peak,Central Road + Waterbus,20.1726,4.0345,12103.57,0.4841,road
75,2,centralized,Peak,Central Full Multimodal,19.1406,4.4565,22649.91,0.3412,metro+road+transfer
76,2,centralized,Off-Peak,Central Road Only,4.5261,2.263,6789.13,0.2716,road
76,2,centralized,Off-Peak,Central Road + Metro,4.5261,2.263,6789.13,0.2716,road
76,2,centralized,Off-Peak,Central Road + Waterbus,4.5261,2.263,6789.13,0.2716,road
76,2,centralized,Off-Peak,Central Full Multimodal,4.5261,2.263,6789.13,0.2716,road
76,2,centralized,Peak,Central Road Only,11.3152,2.263,6789.13,0.2716,road
76,2,centralized,Peak,Central Road + Metro,11.3152,2.263,6789.13,0.2716,road
76,2,centralized,Peak,Central Road + Waterbus,11.3152,2.263,6789.13,0.2716,road
76,2,centralized,Peak,Central Full Multimodal,11.3152,2.263,6789.13,0.2716,road
77,2,centralized,Off-Peak,Central Road Only,5.9089,2.9544,8863.28,0.3545,road
77,2,centralized,Off-Peak,Central Road + Metro,5.9089,2.9544,8863.28,0.3545,road
77,2,centralized,Off-Peak,Central Road + Waterbus,5.9089,2.9544,8863.28,0.3545,road
77,2,centralized,Off-Peak,Central Full Multimodal,5.9089,2.9544,8863.28,0.3545,road
77,2,centralized,Peak,Central Road Only,14.7721,2.9544,8863.28,0.3545,road
77,2,centralized,Peak,Central Road + Metro,14.7721,2.9544,8863.28,0.3545,road
77,2,centralized,Peak,Central Road + Waterbus,14.7721,2.9544,8863.28,0.3545,road
77,2,centralized,Peak,Central Full Multimodal,14.7721,2.9544,8863.28,0.3545,road
78,2,centralized,Off-Peak,Central Road Only,5.3964,2.6982,8094.53,0.3238,road
78,2,centralized,Off-Peak,Central Road + Metro,5.3964,2.6982,8094.53,0.3238,road
78,2,centralized,Off-Peak,Central Road + Waterbus,5.3964,2.6982,8094.53,0.3238,road
78,2,centralized,Off-Peak,Central Full Multimodal,5.3964,2.6982,8094.53,0.3238,road
78,2,centralized,Peak,Central Road Only,13.4909,2.6982,8094.53,0.3238,road
78,2,centralized,Peak,Central Road + Metro,13.4909,2.6982,8094.53,0.3238,road
78,2,centralized,Peak,Central Road + Waterbus,13.4909,2.6982,8094.53,0.3238,road
78,2,centralized,Peak,Central Full Multimodal,13.4909,2.6982,8094.53,0.3238,road
79,2,centralized,Off-Peak,Central Road Only,5.1424,2.5712,7713.64,0.3085,road
79,2,centralized,Off-Peak,Central Road + Metro,5.1424,2.5712,7713.64,0.3085,road
79,2,centralized,Off-Peak,Central Road + Waterbus,5.1424,2.5712,7713.64,0.3085,road
79,2,centralized,Off-Peak,Central Full Multimodal,5.1424,2.5712,7713.64,0.3085,road
79,2,centralized,Peak,Central Road Only,12.8561,2.5712,7713.64,0.3085,road
79,2,centralized,Peak,Central Road + Metro,12.8561,2.5712,7713.64,0.3085,road
79,2,centralized,Peak,Central Road + Waterbus,12.8561,2.5712,7713.64,0.3085,road
79,2,centralized,Peak,Central Full Multimodal,12.8561,2.5712,7713.64,0.3085,road
80,2,centralized,Off-Peak,Central Road Only,7.7393,3.8697,11608.98,0.4644,road
80,2,centralized,Off-Peak,Central Road + Metro,7.7393,3.8697,11608.98,0.4644,road
80,2,centralized,Off-Peak,Central Road + Waterbus,7.7393,3.8697,11608.98,0.4644,road
80,2,centralized,Off-Peak,Central Full Multimodal,7.7393,3.8697,11608.98,0.4644,road
80,2,centralized,Peak,Central Road Only,19.3483,3.8697,11608.98,0.4644,road
80,2,centralized,Peak,Central Road + Metro,17.6228,4.1529,21739.23,0.3048,metro+road+transfer
80,2,centralized,Peak,Central Road + Waterbus,19.3483,3.8697,11608.98,0.4644,road
80,2,centralized,Peak,Central Full Multimodal,17.6228,4.1529,21739.23,0.3048,metro+road+transfer
81,2,centralized,Off-Peak,Central Road Only,5.4414,2.7207,8162.13,0.3265,road
81,2,centralized,Off-Peak,Central Road + Metro,5.4414,2.7207,8162.13,0.3265,road
81,2,centralized,Off-Peak,Central Road + Waterbus,5.4414,2.7207,8162.13,0.3265,road
81,2,centralized,Off-Peak,Central Full Multimodal,5.4414,2.7207,8162.13,0.3265,road
81,2,centralized,Peak,Central Road Only,13.6035,2.7207,8162.13,0.3265,road
81,2,centralized,Peak,Central Road + Metro,13.6035,2.7207,8162.13,0.3265,road
81,2,centralized,Peak,Central Road + Waterbus,13.6035,2.7207,8162.13,0.3265,road
81,2,centralized,Peak,Central Full Multimodal,13.6035,2.7207,8162.13,0.3265,road
82,2,centralized,Off-Peak,Central Road Only,4.4101,2.2051,6615.21,0.2646,road
82,2,centralized,Off-Peak,Central Road + Metro,4.4101,2.2051,6615.21,0.2646,road
82,2,centralized,Off-Peak,Central Road + Waterbus,4.4101,2.2051,6615.21,0.2646,road
82,2,centralized,Off-Peak,Central Full Multimodal,4.4101,2.2051,6615.21,0.2646,road
82,2,centralized,Peak,Central Road Only,11.0253,2.2051,6615.21,0.2646,road
82,2,centralized,Peak,Central Road + Metro,11.0253,2.2051,6615.21,0.2646,road
82,2,centralized,Peak,Central Road + Waterbus,11.0253,2.2051,6615.21,0.2646,road
82,2,centralized,Peak,Central Full Multimodal,11.0253,2.2051,6615.21,0.2646,road
83,2,centralized,Off-Peak,Central Road Only,4.075,2.0375,6112.5,0.2445,road
83,2,centralized,Off-Peak,Central Road + Metro,4.075,2.0375,6112.5,0.2445,road
83,2,centralized,Off-Peak,Central Road + Waterbus,4.075,2.0375,6112.5,0.2445,road
83,2,centralized,Off-Peak,Central Full Multimodal,4.075,2.0375,6112.5,0.2445,road
83,2,centralized,Peak,Central Road Only,10.1875,2.0375,6112.5,0.2445,road
83,2,centralized,Peak,Central Road + Metro,10.1875,2.0375,6112.5,0.2445,road
83,2,centralized,Peak,Central Road + Waterbus,10.1875,2.0375,6112.5,0.2445,road
83,2,centralized,Peak,Central Full Multimodal,10.1875,2.0375,6112.5,0.2445,road
84,2,centralized,Off-Peak,Central Road Only,5.7919,2.8959,8687.82,0.3475,road
84,2,centralized,Off-Peak,Central Road + Metro,5.7919,2.8959,8687.82,0.3475,road
84,2,centralized,Off-Peak,Central Road + Waterbus,5.7919,2.8959,8687.82,0.3475,road
84,2,centralized,Off-Peak,Central Full Multimodal,5.7919,2.8959,8687.82,0.3475,road
84,2,centralized,Peak,Central Road Only,14.4797,2.8959,8687.82,0.3475,road
84,2,centralized,Peak,Central Road + Metro,14.4797,2.8959,8687.82,0.3475,road
84,2,centralized,Peak,Central Road + Waterbus,14.4797,2.8959,8687.82,0.3475,road
84,2,centralized,Peak,Central Full Multimodal,14.4797,2.8959,8687.82,0.3475,road
85,2,centralized,Off-Peak,Central Road Only,7.0967,3.5483,10644.99,0.4258,road
85,2,centralized,Off-Peak,Central Road + Metro,7.0967,3.5483,10644.99,0.4258,road
85,2,centralized,Off-Peak,Central Road + Waterbus,7.0967,3.5483,10644.99,0.4258,road
85,2,centralized,Off-Peak,Central Full Multimodal,7.0967,3.5483,10644.99,0.4258,road
85,2,centralized,Peak,Central Road Only,17.7417,3.5483,10644.99,0.4258,road
85,2,centralized,Peak,Central Road + Metro,17.1698,4.0623,21467.43,0.2939,metro+road+transfer
85,2,centralized,Peak,Central Road + Waterbus,17.7417,3.5483,10644.99,0.4258,road
85,2,centralized,Peak,Central Full Multimodal,17.1698,4.0623,21467.43,0.2939,metro+road+transfer
86,2,centralized,Off-Peak,Central Road Only,6.6017,3.3009,9902.56,0.3961,road
86,2,centralized,Off-Peak,Central Road + Metro,6.6017,3.3009,9902.56,0.3961,road
86,2,centralized,Off-Peak,Central Road + Waterbus,6.6017,3.3009,9902.56,0.3961,road
86,2,centralized,Off-Peak,Central Full Multimodal,6.6017,3.3009,9902.56,0.3961,road
86,2,centralized,Peak,Central Road Only,16.5043,3.3009,9902.56,0.3961,road
86,2,centralized,Peak,Central Road + Metro,16.5043,3.3009,9902.56,0.3961,road
86,2,centralized,Peak,Central Road + Waterbus,16.5043,3.3009,9902.56,0.3961,road
86,2,centralized,Peak,Central Full Multimodal,16.5043,3.3009,9902.56,0.3961,road
87,2,centralized,Off-Peak,Central Road Only,4.5261,2.263,6789.13,0.2716,road
87,2,centralized,Off-Peak,Central Road + Metro,4.5261,2.263,6789.13,0.2716,road
87,2,centralized,Off-Peak,Central Road + Waterbus,4.5261,2.263,6789.13,0.2716,road
87,2,centralized,Off-Peak,Central Full Multimodal,4.5261,2.263,6789.13,0.2716,road
87,2,centralized,Peak,Central Road Only,11.3152,2.263,6789.13,0.2716,road
87,2,centralized,Peak,Central Road + Metro,11.3152,2.263,6789.13,0.2716,road
87,2,centralized,Peak,Central Road + Waterbus,11.3152,2.263,6789.13,0.2716,road
87,2,centralized,Peak,Central Full Multimodal,11.3152,2.263,6789.13,0.2716,road
88,2,centralized,Off-Peak,Central Road Only,4.4101,2.2051,6615.21,0.2646,road
88,2,centralized,Off-Peak,Central Road + Metro,4.4101,2.2051,6615.21,0.2646,road
88,2,centralized,Off-Peak,Central Road + Waterbus,4.4101,2.2051,6615.21,0.2646,road
88,2,centralized,Off-Peak,Central Full Multimodal,4.4101,2.2051,6615.21,0.2646,road
88,2,centralized,Peak,Central Road Only,11.0253,2.2051,6615.21,0.2646,road
88,2,centralized,Peak,Central Road + Metro,11.0253,2.2051,6615.21,0.2646,road
88,2,centralized,Peak,Central Road + Waterbus,11.0253,2.2051,6615.21,0.2646,road
88,2,centralized,Peak,Central Full Multimodal,11.0253,2.2051,6615.21,0.2646,road
89,2,centralized,Off-Peak,Central Road Only,5.5962,2.7981,8394.26,0.3358,road
89,2,centralized,Off-Peak,Central Road + Metro,5.5962,2.7981,8394.26,0.3358,road
89,2,centralized,Off-Peak,Central Road + Waterbus,5.5962,2.7981,8394.26,0.3358,road
89,2,centralized,Off-Peak,Central Full Multimodal,5.5962,2.7981,8394.26,0.3358,road
89,2,centralized,Peak,Central Road Only,13.9904,2.7981,8394.26,0.3358,road
89,2,centralized,Peak,Central Road + Metro,13.9904,2.7981,8394.26,0.3358,road
89,2,centralized,Peak,Central Road + Waterbus,13.9904,2.7981,8394.26,0.3358,road
89,2,centralized,Peak,Central Full Multimodal,13.9904,2.7981,8394.26,0.3358,road
91,2,centralized,Off-Peak,Central Road Only,4.8832,2.4416,7324.83,0.293,road
91,2,centralized,Off-Peak,Central Road + Metro,4.8832,2.4416,7324.83,0.293,road
91,2,centralized,Off-Peak,Central Road + Waterbus,4.8832,2.4416,7324.83,0.293,road
91,2,centralized,Off-Peak,Central Full Multimodal,4.8832,2.4416,7324.83,0.293,road
91,2,centralized,Peak,Central Road Only,12.208,2.4416,7324.83,0.293,road
91,2,centralized,Peak,Central Road + Metro,12.208,2.4416,7324.83,0.293,road
91,2,centralized,Peak,Central Road + Waterbus,12.208,2.4416,7324.83,0.293,road
91,2,centralized,Peak,Central Full Multimodal,12.208,2.4416,7324.83,0.293,road
92,2,centralized,Off-Peak,Central Road Only,3.8993,1.9496,5848.93,0.234,road
92,2,centralized,Off-Peak,Central Road + Metro,3.8993,1.9496,5848.93,0.234,road
92,2,centralized,Off-Peak,Central Road + Waterbus,3.8993,1.9496,5848.93,0.234,road
92,2,centralized,Off-Peak,Central Full Multimodal,3.8993,1.9496,5848.93,0.234,road
92,2,centralized,Peak,Central Road Only,9.7482,1.9496,5848.93,0.234,road
92,2,centralized,Peak,Central Road + Metro,9.7482,1.9496,5848.93,0.234,road
92,2,centralized,Peak,Central Road + Waterbus,9.7482,1.9496,5848.93,0.234,road
92,2,centralized,Peak,Central Full Multimodal,9.7482,1.9496,5848.93,0.234,road
93,2,centralized,Off-Peak,Central Road Only,5.7859,2.8929,8678.83,0.3472,road
93,2,centralized,Off-Peak,Central Road + Metro,5.7859,2.8929,8678.83,0.3472,road
93,2,centralized,Off-Peak,Central Road + Waterbus,5.7859,2.8929,8678.83,0.3472,road
93,2,centralized,Off-Peak,Central Full Multimodal,5.7859,2.8929,8678.83,0.3472,road
93,2,centralized,Peak,Central Road Only,14.4647,2.8929,8678.83,0.3472,road
93,2,centralized,Peak,Central Road + Metro,14.4647,2.8929,8678.83,0.3472,road
93,2,centralized,Peak,Central Road + Waterbus,14.4647,2.8929,8678.83,0.3472,road
93,2,centralized,Peak,Central Full Multimodal,14.4647,2.8929,8678.83,0.3472,road
94,2,centralized,Off-Peak,Central Road Only,5.437,2.7185,8155.57,0.3262,road
94,2,centralized,Off-Peak,Central Road + Metro,5.437,2.7185,8155.57,0.3262,road
94,2,centralized,Off-Peak,Central Road + Waterbus,5.437,2.7185,8155.57,0.3262,road
94,2,centralized,Off-Peak,Central Full Multimodal,5.437,2.7185,8155.57,0.3262,road
94,2,centralized,Peak,Central Road Only,13.5926,2.7185,8155.57,0.3262,road
94,2,centralized,Peak,Central Road + Metro,13.5926,2.7185,8155.57,0.3262,road
94,2,centralized,Peak,Central Road + Waterbus,13.5926,2.7185,8155.57,0.3262,road
94,2,centralized,Peak,Central Full Multimodal,13.5926,2.7185,8155.57,0.3262,road
95,2,centralized,Off-Peak,Central Road Only,5.7966,2.8983,8694.88,0.3478,road
95,2,centralized,Off-Peak,Central Road + Metro,5.7966,2.8983,8694.88,0.3478,road
95,2,centralized,Off-Peak,Central Road + Waterbus,5.7966,2.8983,8694.88,0.3478,road
95,2,centralized,Off-Peak,Central Full Multimodal,5.7966,2.8983,8694.88,0.3478,road
95,2,centralized,Peak,Central Road Only,14.4915,2.8983,8694.88,0.3478,road
95,2,centralized,Peak,Central Road + Metro,14.4915,2.8983,8694.88,0.3478,road
95,2,centralized,Peak,Central Road + Waterbus,14.4915,2.8983,8694.88,0.3478,road
95,2,centralized,Peak,Central Full Multimodal,14.4915,2.8983,8694.88,0.3478,road
96,2,centralized,Off-Peak,Central Road Only,6.2639,3.1319,9395.78,0.3758,road
96,2,centralized,Off-Peak,Central Road + Metro,6.2639,3.1319,9395.78,0.3758,road
96,2,centralized,Off-Peak,Central Road + Waterbus,6.2639,3.1319,9395.78,0.3758,road
96,2,centralized,Off-Peak,Central Full Multimodal,6.2639,3.1319,9395.78,0.3758,road
96,2,centralized,Peak,Central Road Only,15.6596,3.1319,9395.78,0.3758,road
96,2,centralized,Peak,Central Road + Metro,15.6596,3.1319,9395.78,0.3758,road
96,2,centralized,Peak,Central Road + Waterbus,15.6596,3.1319,9395.78,0.3758,road
96,2,centralized,Peak,Central Full Multimodal,15.6596,3.1319,9395.78,0.3758,road
97,2,centralized,Off-Peak,Central Road Only,5.6085,2.8042,8412.7,0.3365,road
97,2,centralized,Off-Peak,Central Road + Metro,5.6085,2.8042,8412.7,0.3365,road
97,2,centralized,Off-Peak,Central Road + Waterbus,5.6085,2.8042,8412.7,0.3365,road
97,2,centralized,Off-Peak,Central Full Multimodal,5.6085,2.8042,8412.7,0.3365,road
97,2,centralized,Peak,Central Road Only,14.0212,2.8042,8412.7,0.3365,road
97,2,centralized,Peak,Central Road + Metro,14.0212,2.8042,8412.7,0.3365,road
97,2,centralized,Peak,Central Road + Waterbus,14.0212,2.8042,8412.7,0.3365,road
97,2,centralized,Peak,Central Full Multimodal,14.0212,2.8042,8412.7,0.3365,road
98,2,centralized,Off-Peak,Central Road Only,5.6318,2.8159,8447.7,0.3379,road
98,2,centralized,Off-Peak,Central Road + Metro,5.6318,2.8159,8447.7,0.3379,road
98,2,centralized,Off-Peak,Central Road + Waterbus,5.6318,2.8159,8447.7,0.3379,road
98,2,centralized,Off-Peak,Central Full Multimodal,5.6318,2.8159,8447.7,0.3379,road
98,2,centralized,Peak,Central Road Only,14.0795,2.8159,8447.7,0.3379,road
98,2,centralized,Peak,Central Road + Metro,14.0795,2.8159,8447.7,0.3379,road
98,2,centralized,Peak,Central Road + Waterbus,14.0795,2.8159,8447.7,0.3379,road
98,2,centralized,Peak,Central Full Multimodal,14.0795,2.8159,8447.7,0.3379,road
99,2,centralized,Off-Peak,Central Road Only,5.825,2.9125,8737.51,0.3495,road
99,2,centralized,Off-Peak,Central Road + Metro,5.825,2.9125,8737.51,0.3495,road
99,2,centralized,Off-Peak,Central Road + Waterbus,5.825,2.9125,8737.51,0.3495,road
99,2,centralized,Off-Peak,Central Full Multimodal,5.825,2.9125,8737.51,0.3495,road
99,2,centralized,Peak,Central Road Only,14.5625,2.9125,8737.51,0.3495,road
99,2,centralized,Peak,Central Road + Metro,14.5625,2.9125,8737.51,0.3495,road
99,2,centralized,Peak,Central Road + Waterbus,14.5625,2.9125,8737.51,0.3495,road
99,2,centralized,Peak,Central Full Multimodal,14.5625,2.9125,8737.51,0.3495,road
100,2,centralized,Off-Peak,Central Road Only,5.3257,2.6629,7988.58,0.3195,road
100,2,centralized,Off-Peak,Central Road + Metro,5.3257,2.6629,7988.58,0.3195,road
100,2,centralized,Off-Peak,Central Road + Waterbus,5.3257,2.6629,7988.58,0.3195,road
100,2,centralized,Off-Peak,Central Full Multimodal,5.3257,2.6629,7988.58,0.3195,road
100,2,centralized,Peak,Central Road Only,13.3143,2.6629,7988.58,0.3195,road
100,2,centralized,Peak,Central Road + Metro,13.3143,2.6629,7988.58,0.3195,road
100,2,centralized,Peak,Central Road + Waterbus,13.3143,2.6629,7988.58,0.3195,road
100,2,centralized,Peak,Central Full Multimodal,13.3143,2.6629,7988.58,0.3195,road
101,2,centralized,Off-Peak,Central Road Only,6.2523,3.1262,9378.46,0.3751,road
101,2,centralized,Off-Peak,Central Road + Metro,6.2523,3.1262,9378.46,0.3751,road
101,2,centralized,Off-Peak,Central Road + Waterbus,6.2523,3.1262,9378.46,0.3751,road
101,2,centralized,Off-Peak,Central Full Multimodal,6.2523,3.1262,9378.46,0.3751,road
101,2,centralized,Peak,Central Road Only,15.6308,3.1262,9378.46,0.3751,road
101,2,centralized,Peak,Central Road + Metro,15.6308,3.1262,9378.46,0.3751,road
101,2,centralized,Peak,Central Road + Waterbus,15.6308,3.1262,9378.46,0.3751,road
101,2,centralized,Peak,Central Full Multimodal,15.6308,3.1262,9378.46,0.3751,road
102,2,centralized,Off-Peak,Central Road Only,7.2523,3.6261,10878.45,0.4351,road
102,2,centralized,Off-Peak,Central Road + Metro,7.2523,3.6261,10878.45,0.4351,road
102,2,centralized,Off-Peak,Central Road + Waterbus,7.2523,3.6261,10878.45,0.4351,road
102,2,centralized,Off-Peak,Central Full Multimodal,7.2523,3.6261,10878.45,0.4351,road
102,2,centralized,Peak,Central Road Only,18.1307,3.6261,10878.45,0.4351,road
102,2,centralized,Peak,Central Road + Metro,18.1307,3.6261,10878.45,0.4351,road
102,2,centralized,Peak,Central Road + Waterbus,18.1307,3.6261,10878.45,0.4351,road
102,2,centralized,Peak,Central Full Multimodal,18.1307,3.6261,10878.45,0.4351,road
103,2,centralized,Off-Peak,Central Road Only,5.437,2.7185,8155.57,0.3262,road
103,2,centralized,Off-Peak,Central Road + Metro,5.437,2.7185,8155.57,0.3262,road
103,2,centralized,Off-Peak,Central Road + Waterbus,5.437,2.7185,8155.57,0.3262,road
103,2,centralized,Off-Peak,Central Full Multimodal,5.437,2.7185,8155.57,0.3262,road
103,2,centralized,Peak,Central Road Only,13.5926,2.7185,8155.57,0.3262,road
103,2,centralized,Peak,Central Road + Metro,13.5926,2.7185,8155.57,0.3262,road
103,2,centralized,Peak,Central Road + Waterbus,13.5926,2.7185,8155.57,0.3262,road
103,2,centralized,Peak,Central Full Multimodal,13.5926,2.7185,8155.57,0.3262,road
104,2,centralized,Off-Peak,Central Road Only,7.4772,3.7386,11215.76,0.4486,road
104,2,centralized,Off-Peak,Central Road + Metro,7.4772,3.7386,11215.76,0.4486,road
104,2,centralized,Off-Peak,Central Road + Waterbus,7.4772,3.7386,11215.76,0.4486,road
104,2,centralized,Off-Peak,Central Full Multimodal,7.4772,3.7386,11215.76,0.4486,road
104,2,centralized,Peak,Central Road Only,18.6929,3.7386,11215.76,0.4486,road
104,2,centralized,Peak,Central Road + Metro,17.8666,4.2017,21885.55,0.3106,metro+road+transfer
104,2,centralized,Peak,Central Road + Waterbus,18.6929,3.7386,11215.76,0.4486,road
104,2,centralized,Peak,Central Full Multimodal,17.8666,4.2017,21885.55,0.3106,metro+road+transfer
105,2,centralized,Off-Peak,Central Road Only,6.1936,3.0968,9290.42,0.3716,road
105,2,centralized,Off-Peak,Central Road + Metro,6.1936,3.0968,9290.42,0.3716,road
105,2,centralized,Off-Peak,Central Road + Waterbus,6.1936,3.0968,9290.42,0.3716,road
105,2,centralized,Off-Peak,Central Full Multimodal,6.1936,3.0968,9290.42,0.3716,road
105,2,centralized,Peak,Central Road Only,15.484,3.0968,9290.42,0.3716,road
105,2,centralized,Peak,Central Road + Metro,15.484,3.0968,9290.42,0.3716,road
105,2,centralized,Peak,Central Road + Waterbus,15.484,3.0968,9290.42,0.3716,road
105,2,centralized,Peak,Central Full Multimodal,15.484,3.0968,9290.42,0.3716,road
106,2,centralized,Off-Peak,Central Road Only,4.154,2.077,6231.03,0.2492,road
106,2,centralized,Off-Peak,Central Road + Metro,4.154,2.077,6231.03,0.2492,road
106,2,centralized,Off-Peak,Central Road + Waterbus,4.154,2.077,6231.03,0.2492,road
106,2,centralized,Off-Peak,Central Full Multimodal,4.154,2.077,6231.03,0.2492,road
106,2,centralized,Peak,Central Road Only,10.3851,2.077,6231.03,0.2492,road
106,2,centralized,Peak,Central Road + Metro,10.3851,2.077,6231.03,0.2492,road
106,2,centralized,Peak,Central Road + Waterbus,10.3851,2.077,6231.03,0.2492,road
106,2,centralized,Peak,Central Full Multimodal,10.3851,2.077,6231.03,0.2492,road
107,2,centralized,Off-Peak,Central Road Only,4.3438,2.1719,6515.7,0.2606,road
107,2,centralized,Off-Peak,Central Road + Metro,4.3438,2.1719,6515.7,0.2606,road
107,2,centralized,Off-Peak,Central Road + Waterbus,4.3438,2.1719,6515.7,0.2606,road
107,2,centralized,Off-Peak,Central Full Multimodal,4.3438,2.1719,6515.7,0.2606,road
107,2,centralized,Peak,Central Road Only,10.8595,2.1719,6515.7,0.2606,road
107,2,centralized,Peak,Central Road + Metro,10.8595,2.1719,6515.7,0.2606,road
107,2,centralized,Peak,Central Road + Waterbus,10.8595,2.1719,6515.7,0.2606,road
107,2,centralized,Peak,Central Full Multimodal,10.8595,2.1719,6515.7,0.2606,road
108,2,centralized,Off-Peak,Central Road Only,5.9089,2.9544,8863.28,0.3545,road
108,2,centralized,Off-Peak,Central Road + Metro,5.9089,2.9544,8863.28,0.3545,road
108,2,centralized,Off-Peak,Central Road + Waterbus,5.9089,2.9544,8863.28,0.3545,road
108,2,centralized,Off-Peak,Central Full Multimodal,5.9089,2.9544,8863.28,0.3545,road
108,2,centralized,Peak,Central Road Only,14.7721,2.9544,8863.28,0.3545,road
108,2,centralized,Peak,Central Road + Metro,14.7721,2.9544,8863.28,0.3545,road
108,2,centralized,Peak,Central Road + Waterbus,14.7721,2.9544,8863.28,0.3545,road
108,2,centralized,Peak,Central Full Multimodal,14.7721,2.9544,8863.28,0.3545,road
109,2,centralized,Off-Peak,Central Road Only,5.6085,2.8042,8412.7,0.3365,road
109,2,centralized,Off-Peak,Central Road + Metro,5.6085,2.8042,8412.7,0.3365,road
109,2,centralized,Off-Peak,Central Road + Waterbus,5.6085,2.8042,8412.7,0.3365,road
109,2,centralized,Off-Peak,Central Full Multimodal,5.6085,2.8042,8412.7,0.3365,road
109,2,centralized,Peak,Central Road Only,14.0212,2.8042,8412.7,0.3365,road
109,2,centralized,Peak,Central Road + Metro,14.0212,2.8042,8412.7,0.3365,road
109,2,centralized,Peak,Central Road + Waterbus,14.0212,2.8042,8412.7,0.3365,road
109,2,centralized,Peak,Central Full Multimodal,14.0212,2.8042,8412.7,0.3365,road
110,2,centralized,Off-Peak,Central Road Only,5.1698,2.5849,7754.68,0.3102,road
110,2,centralized,Off-Peak,Central Road + Metro,5.1698,2.5849,7754.68,0.3102,road
110,2,centralized,Off-Peak,Central Road + Waterbus,5.1698,2.5849,7754.68,0.3102,road
110,2,centralized,Off-Peak,Central Full Multimodal,5.1698,2.5849,7754.68,0.3102,road
110,2,centralized,Peak,Central Road Only,12.9245,2.5849,7754.68,0.3102,road
110,2,centralized,Peak,Central Road + Metro,12.9245,2.5849,7754.68,0.3102,road
110,2,centralized,Peak,Central Road + Waterbus,12.9245,2.5849,7754.68,0.3102,road
110,2,centralized,Peak,Central Full Multimodal,12.9245,2.5849,7754.68,0.3102,road
111,2,centralized,Off-Peak,Central Road Only,7.5202,3.7601,11280.25,0.4512,road
111,2,centralized,Off-Peak,Central Road + Metro,7.5202,3.7601,11280.25,0.4512,road
111,2,centralized,Off-Peak,Central Road + Waterbus,7.5202,3.7601,11280.25,0.4512,road
111,2,centralized,Off-Peak,Central Full Multimodal,7.5202,3.7601,11280.25,0.4512,road
111,2,centralized,Peak,Central Road Only,18.8004,3.7601,11280.25,0.4512,road
111,2,centralized,Peak,Central Road + Metro,17.0749,4.0433,21410.5,0.2916,metro+road+transfer
111,2,centralized,Peak,Central Road + Waterbus,18.8004,3.7601,11280.25,0.4512,road
111,2,centralized,Peak,Central Full Multimodal,17.0749,4.0433,21410.5,0.2916,metro+road+transfer
112,2,centralized,Off-Peak,Central Road Only,5.0358,2.5179,7553.65,0.3021,road
112,2,centralized,Off-Peak,Central Road + Metro,5.0358,2.5179,7553.65,0.3021,road
112,2,centralized,Off-Peak,Central Road + Waterbus,5.0358,2.5179,7553.65,0.3021,road
112,2,centralized,Off-Peak,Central Full Multimodal,5.0358,2.5179,7553.65,0.3021,road
112,2,centralized,Peak,Central Road Only,12.5894,2.5179,7553.65,0.3021,road
112,2,centralized,Peak,Central Road + Metro,12.5894,2.5179,7553.65,0.3021,road
112,2,centralized,Peak,Central Road + Waterbus,12.5894,2.5179,7553.65,0.3021,road
112,2,centralized,Peak,Central Full Multimodal,12.5894,2.5179,7553.65,0.3021,road
113,2,centralized,Off-Peak,Central Road Only,5.1424,2.5712,7713.64,0.3085,road
113,2,centralized,Off-Peak,Central Road + Metro,5.1424,2.5712,7713.64,0.3085,road
113,2,centralized,Off-Peak,Central Road + Waterbus,5.1424,2.5712,7713.64,0.3085,road
113,2,centralized,Off-Peak,Central Full Multimodal,5.1424,2.5712,7713.64,0.3085,road
113,2,centralized,Peak,Central Road Only,12.8561,2.5712,7713.64,0.3085,road
113,2,centralized,Peak,Central Road + Metro,12.8561,2.5712,7713.64,0.3085,road
113,2,centralized,Peak,Central Road + Waterbus,12.8561,2.5712,7713.64,0.3085,road
113,2,centralized,Peak,Central Full Multimodal,12.8561,2.5712,7713.64,0.3085,road
114,2,centralized,Off-Peak,Central Road Only,5.256,2.628,7884.0,0.3154,road
114,2,centralized,Off-Peak,Central Road + Metro,5.256,2.628,7884.0,0.3154,road
114,2,centralized,Off-Peak,Central Road + Waterbus,5.256,2.628,7884.0,0.3154,road
114,2,centralized,Off-Peak,Central Full Multimodal,5.256,2.628,7884.0,0.3154,road
114,2,centralized,Peak,Central Road Only,13.14,2.628,7884.0,0.3154,road
114,2,centralized,Peak,Central Road + Metro,13.14,2.628,7884.0,0.3154,road
114,2,centralized,Peak,Central Road + Waterbus,13.14,2.628,7884.0,0.3154,road
114,2,centralized,Peak,Central Full Multimodal,13.14,2.628,7884.0,0.3154,road
115,2,centralized,Off-Peak,Central Road Only,4.5264,2.2632,6789.67,0.2716,road
115,2,centralized,Off-Peak,Central Road + Metro,4.5264,2.2632,6789.67,0.2716,road
115,2,centralized,Off-Peak,Central Road + Waterbus,4.5264,2.2632,6789.67,0.2716,road
115,2,centralized,Off-Peak,Central Full Multimodal,4.5264,2.2632,6789.67,0.2716,road
115,2,centralized,Peak,Central Road Only,11.3161,2.2632,6789.67,0.2716,road
115,2,centralized,Peak,Central Road + Metro,11.3161,2.2632,6789.67,0.2716,road
115,2,centralized,Peak,Central Road + Waterbus,11.3161,2.2632,6789.67,0.2716,road
115,2,centralized,Peak,Central Full Multimodal,11.3161,2.2632,6789.67,0.2716,road
116,2,centralized,Off-Peak,Central Road Only,4.5315,2.2657,6797.2,0.2719,road
116,2,centralized,Off-Peak,Central Road + Metro,4.5315,2.2657,6797.2,0.2719,road
116,2,centralized,Off-Peak,Central Road + Waterbus,4.5315,2.2657,6797.2,0.2719,road
116,2,centralized,Off-Peak,Central Full Multimodal,4.5315,2.2657,6797.2,0.2719,road
116,2,centralized,Peak,Central Road Only,11.3287,2.2657,6797.2,0.2719,road
116,2,centralized,Peak,Central Road + Metro,11.3287,2.2657,6797.2,0.2719,road
116,2,centralized,Peak,Central Road + Waterbus,11.3287,2.2657,6797.2,0.2719,road
116,2,centralized,Peak,Central Full Multimodal,11.3287,2.2657,6797.2,0.2719,road
117,2,centralized,Off-Peak,Central Road Only,7.9386,3.9693,11907.89,0.4763,road
117,2,centralized,Off-Peak,Central Road + Metro,7.9386,3.9693,11907.89,0.4763,road
117,2,centralized,Off-Peak,Central Road + Waterbus,7.9386,3.9693,11907.89,0.4763,road
117,2,centralized,Off-Peak,Central Full Multimodal,7.9386,3.9693,11907.89,0.4763,road
117,2,centralized,Peak,Central Road Only,19.8465,3.9693,11907.89,0.4763,road
117,2,centralized,Peak,Central Road + Metro,19.8465,3.9693,11907.89,0.4763,road
117,2,centralized,Peak,Central Road + Waterbus,19.8465,3.9693,11907.89,0.4763,road
117,2,centralized,Peak,Central Full Multimodal,19.8465,3.9693,11907.89,0.4763,road
118,2,centralized,Off-Peak,Central Road Only,6.6764,3.3382,10014.6,0.4006,road
118,2,centralized,Off-Peak,Central Road + Metro,6.6764,3.3382,10014.6,0.4006,road
118,2,centralized,Off-Peak,Central Road + Waterbus,6.6764,3.3382,10014.6,0.4006,road
118,2,centralized,Off-Peak,Central Full Multimodal,6.6764,3.3382,10014.6,0.4006,road
118,2,centralized,Peak,Central Road Only,16.691,3.3382,10014.6,0.4006,road
118,2,centralized,Peak,Central Road + Metro,16.691,3.3382,10014.6,0.4006,road
118,2,centralized,Peak,Central Road + Waterbus,16.691,3.3382,10014.6,0.4006,road
118,2,centralized,Peak,Central Full Multimodal,16.691,3.3382,10014.6,0.4006,road
119,2,centralized,Off-Peak,Central Road Only,5.3051,2.6526,7957.72,0.3183,road
119,2,centralized,Off-Peak,Central Road + Metro,5.3051,2.6526,7957.72,0.3183,road
119,2,centralized,Off-Peak,Central Road + Waterbus,5.3051,2.6526,7957.72,0.3183,road
119,2,centralized,Off-Peak,Central Full Multimodal,5.3051,2.6526,7957.72,0.3183,road
119,2,centralized,Peak,Central Road Only,13.2629,2.6526,7957.72,0.3183,road
119,2,centralized,Peak,Central Road + Metro,13.2629,2.6526,7957.72,0.3183,road
119,2,centralized,Peak,Central Road + Waterbus,13.2629,2.6526,7957.72,0.3183,road
119,2,centralized,Peak,Central Full Multimodal,13.2629,2.6526,7957.72,0.3183,road
120,2,centralized,Off-Peak,Central Road Only,3.7973,1.8986,5695.95,0.2278,road
120,2,centralized,Off-Peak,Central Road + Metro,3.7973,1.8986,5695.95,0.2278,road
120,2,centralized,Off-Peak,Central Road + Waterbus,3.7973,1.8986,5695.95,0.2278,road
120,2,centralized,Off-Peak,Central Full Multimodal,3.7973,1.8986,5695.95,0.2278,road
120,2,centralized,Peak,Central Road Only,9.4932,1.8986,5695.95,0.2278,road
120,2,centralized,Peak,Central Road + Metro,9.4932,1.8986,5695.95,0.2278,road
120,2,centralized,Peak,Central Road + Waterbus,9.4932,1.8986,5695.95,0.2278,road
120,2,centralized,Peak,Central Full Multimodal,9.4932,1.8986,5695.95,0.2278,road
122,2,centralized,Off-Peak,Central Road Only,6.4142,3.2071,9621.25,0.3849,road
122,2,centralized,Off-Peak,Central Road + Metro,6.4142,3.2071,9621.25,0.3849,road
122,2,centralized,Off-Peak,Central Road + Waterbus,6.4142,3.2071,9621.25,0.3849,road
122,2,centralized,Off-Peak,Central Full Multimodal,6.4142,3.2071,9621.25,0.3849,road
122,2,centralized,Peak,Central Road Only,16.0354,3.2071,9621.25,0.3849,road
122,2,centralized,Peak,Central Road + Metro,16.0354,3.2071,9621.25,0.3849,road
122,2,centralized,Peak,Central Road + Waterbus,16.0354,3.2071,9621.25,0.3849,road
122,2,centralized,Peak,Central Full Multimodal,16.0354,3.2071,9621.25,0.3849,road
123,2,centralized,Off-Peak,Central Road Only,6.4142,3.2071,9621.25,0.3849,road
123,2,centralized,Off-Peak,Central Road + Metro,6.4142,3.2071,9621.25,0.3849,road
123,2,centralized,Off-Peak,Central Road + Waterbus,6.4142,3.2071,9621.25,0.3849,road
123,2,centralized,Off-Peak,Central Full Multimodal,6.4142,3.2071,9621.25,0.3849,road
123,2,centralized,Peak,Central Road Only,16.0354,3.2071,9621.25,0.3849,road
123,2,centralized,Peak,Central Road + Metro,16.0354,3.2071,9621.25,0.3849,road
123,2,centralized,Peak,Central Road + Waterbus,16.0354,3.2071,9621.25,0.3849,road
123,2,centralized,Peak,Central Full Multimodal,16.0354,3.2071,9621.25,0.3849,road
124,2,centralized,Off-Peak,Central Road Only,6.4142,3.2071,9621.25,0.3849,road
124,2,centralized,Off-Peak,Central Road + Metro,6.4142,3.2071,9621.25,0.3849,road
124,2,centralized,Off-Peak,Central Road + Waterbus,6.4142,3.2071,9621.25,0.3849,road
124,2,centralized,Off-Peak,Central Full Multimodal,6.4142,3.2071,9621.25,0.3849,road
124,2,centralized,Peak,Central Road Only,16.0354,3.2071,9621.25,0.3849,road
124,2,centralized,Peak,Central Road + Metro,16.0354,3.2071,9621.25,0.3849,road
124,2,centralized,Peak,Central Road + Waterbus,16.0354,3.2071,9621.25,0.3849,road
124,2,centralized,Peak,Central Full Multimodal,16.0354,3.2071,9621.25,0.3849,road
126,2,centralized,Off-Peak,Central Road Only,6.4142,3.2071,9621.25,0.3849,road
126,2,centralized,Off-Peak,Central Road + Metro,6.4142,3.2071,9621.25,0.3849,road
126,2,centralized,Off-Peak,Central Road + Waterbus,6.4142,3.2071,9621.25,0.3849,road
126,2,centralized,Off-Peak,Central Full Multimodal,6.4142,3.2071,9621.25,0.3849,road
126,2,centralized,Peak,Central Road Only,16.0354,3.2071,9621.25,0.3849,road
126,2,centralized,Peak,Central Road + Metro,16.0354,3.2071,9621.25,0.3849,road
126,2,centralized,Peak,Central Road + Waterbus,16.0354,3.2071,9621.25,0.3849,road
126,2,centralized,Peak,Central Full Multimodal,16.0354,3.2071,9621.25,0.3849,road
127,2,centralized,Off-Peak,Central Road Only,6.4142,3.2071,9621.25,0.3849,road
127,2,centralized,Off-Peak,Central Road + Metro,6.4142,3.2071,9621.25,0.3849,road
127,2,centralized,Off-Peak,Central Road + Waterbus,6.4142,3.2071,9621.25,0.3849,road
127,2,centralized,Off-Peak,Central Full Multimodal,6.4142,3.2071,9621.25,0.3849,road
127,2,centralized,Peak,Central Road Only,16.0354,3.2071,9621.25,0.3849,road
127,2,centralized,Peak,Central Road + Metro,16.0354,3.2071,9621.25,0.3849,road
127,2,centralized,Peak,Central Road + Waterbus,16.0354,3.2071,9621.25,0.3849,road
127,2,centralized,Peak,Central Full Multimodal,16.0354,3.2071,9621.25,0.3849,road
128,2,centralized,Off-Peak,Central Road Only,0.0876,0.0438,131.37,0.0053,road
128,2,centralized,Off-Peak,Central Road + Metro,0.0876,0.0438,131.37,0.0053,road
128,2,centralized,Off-Peak,Central Road + Waterbus,0.0876,0.0438,131.37,0.0053,road
128,2,centralized,Off-Peak,Central Full Multimodal,0.0876,0.0438,131.37,0.0053,road
128,2,centralized,Peak,Central Road Only,0.219,0.0438,131.37,0.0053,road
128,2,centralized,Peak,Central Road + Metro,0.219,0.0438,131.37,0.0053,road
128,2,centralized,Peak,Central Road + Waterbus,0.219,0.0438,131.37,0.0053,road
128,2,centralized,Peak,Central Full Multimodal,0.219,0.0438,131.37,0.0053,road
129,2,centralized,Off-Peak,Central Road Only,6.4142,3.2071,9621.25,0.3849,road
129,2,centralized,Off-Peak,Central Road + Metro,6.4142,3.2071,9621.25,0.3849,road
129,2,centralized,Off-Peak,Central Road + Waterbus,6.4142,3.2071,9621.25,0.3849,road
129,2,centralized,Off-Peak,Central Full Multimodal,6.4142,3.2071,9621.25,0.3849,road
129,2,centralized,Peak,Central Road Only,16.0354,3.2071,9621.25,0.3849,road
129,2,centralized,Peak,Central Road + Metro,16.0354,3.2071,9621.25,0.3849,road
129,2,centralized,Peak,Central Road + Waterbus,16.0354,3.2071,9621.25,0.3849,road
129,2,centralized,Peak,Central Full Multimodal,16.0354,3.2071,9621.25,0.3849,road
130,2,centralized,Off-Peak,Central Road Only,6.4142,3.2071,9621.25,0.3849,road
130,2,centralized,Off-Peak,Central Road + Metro,6.4142,3.2071,9621.25,0.3849,road
130,2,centralized,Off-Peak,Central Road + Waterbus,6.4142,3.2071,9621.25,0.3849,road
130,2,centralized,Off-Peak,Central Full Multimodal,6.4142,3.2071,9621.25,0.3849,road
130,2,centralized,Peak,Central Road Only,16.0354,3.2071,9621.25,0.3849,road
130,2,centralized,Peak,Central Road + Metro,16.0354,3.2071,9621.25,0.3849,road
130,2,centralized,Peak,Central Road + Waterbus,16.0354,3.2071,9621.25,0.3849,road
130,2,centralized,Peak,Central Full Multimodal,16.0354,3.2071,9621.25,0.3849,road
131,2,centralized,Off-Peak,Central Road Only,6.6781,3.3391,10017.16,0.4007,road
131,2,centralized,Off-Peak,Central Road + Metro,6.6781,3.3391,10017.16,0.4007,road
131,2,centralized,Off-Peak,Central Road + Waterbus,6.6781,3.3391,10017.16,0.4007,road
131,2,centralized,Off-Peak,Central Full Multimodal,6.6781,3.3391,10017.16,0.4007,road
131,2,centralized,Peak,Central Road Only,16.6953,3.3391,10017.16,0.4007,road
131,2,centralized,Peak,Central Road + Metro,16.6953,3.3391,10017.16,0.4007,road
131,2,centralized,Peak,Central Road + Waterbus,16.6953,3.3391,10017.16,0.4007,road
131,2,centralized,Peak,Central Full Multimodal,16.6953,3.3391,10017.16,0.4007,road
132,2,centralized,Off-Peak,Central Road Only,6.4142,3.2071,9621.25,0.3849,road
132,2,centralized,Off-Peak,Central Road + Metro,6.4142,3.2071,9621.25,0.3849,road
132,2,centralized,Off-Peak,Central Road + Waterbus,6.4142,3.2071,9621.25,0.3849,road
132,2,centralized,Off-Peak,Central Full Multimodal,6.4142,3.2071,9621.25,0.3849,road
132,2,centralized,Peak,Central Road Only,16.0354,3.2071,9621.25,0.3849,road
132,2,centralized,Peak,Central Road + Metro,16.0354,3.2071,9621.25,0.3849,road
132,2,centralized,Peak,Central Road + Waterbus,16.0354,3.2071,9621.25,0.3849,road
132,2,centralized,Peak,Central Full Multimodal,16.0354,3.2071,9621.25,0.3849,road
133,2,centralized,Off-Peak,Central Road Only,6.4142,3.2071,9621.25,0.3849,road
133,2,centralized,Off-Peak,Central Road + Metro,6.4142,3.2071,9621.25,0.3849,road
133,2,centralized,Off-Peak,Central Road + Waterbus,6.4142,3.2071,9621.25,0.3849,road
133,2,centralized,Off-Peak,Central Full Multimodal,6.4142,3.2071,9621.25,0.3849,road
133,2,centralized,Peak,Central Road Only,16.0354,3.2071,9621.25,0.3849,road
133,2,centralized,Peak,Central Road + Metro,16.0354,3.2071,9621.25,0.3849,road
133,2,centralized,Peak,Central Road + Waterbus,16.0354,3.2071,9621.25,0.3849,road
133,2,centralized,Peak,Central Full Multimodal,16.0354,3.2071,9621.25,0.3849,road
134,2,centralized,Off-Peak,Central Road Only,6.4142,3.2071,9621.25,0.3849,road
134,2,centralized,Off-Peak,Central Road + Metro,6.4142,3.2071,9621.25,0.3849,road
134,2,centralized,Off-Peak,Central Road + Waterbus,6.4142,3.2071,9621.25,0.3849,road
134,2,centralized,Off-Peak,Central Full Multimodal,6.4142,3.2071,9621.25,0.3849,road
134,2,centralized,Peak,Central Road Only,16.0354,3.2071,9621.25,0.3849,road
134,2,centralized,Peak,Central Road + Metro,16.0354,3.2071,9621.25,0.3849,road
134,2,centralized,Peak,Central Road + Waterbus,16.0354,3.2071,9621.25,0.3849,road
134,2,centralized,Peak,Central Full Multimodal,16.0354,3.2071,9621.25,0.3849,road
135,2,centralized,Off-Peak,Central Road Only,0.2155,0.1078,323.3,0.0129,road
135,2,centralized,Off-Peak,Central Road + Metro,0.2155,0.1078,323.3,0.0129,road
135,2,centralized,Off-Peak,Central Road + Waterbus,0.2155,0.1078,323.3,0.0129,road
135,2,centralized,Off-Peak,Central Full Multimodal,0.2155,0.1078,323.3,0.0129,road
135,2,centralized,Peak,Central Road Only,0.5388,0.1078,323.3,0.0129,road
135,2,centralized,Peak,Central Road + Metro,0.5388,0.1078,323.3,0.0129,road
135,2,centralized,Peak,Central Road + Waterbus,0.5388,0.1078,323.3,0.0129,road
135,2,centralized,Peak,Central Full Multimodal,0.5388,0.1078,323.3,0.0129,road
137,2,centralized,Off-Peak,Central Road Only,5.639,2.8195,8458.51,0.3383,road
137,2,centralized,Off-Peak,Central Road + Metro,5.639,2.8195,8458.51,0.3383,road
137,2,centralized,Off-Peak,Central Road + Waterbus,5.639,2.8195,8458.51,0.3383,road
137,2,centralized,Off-Peak,Central Full Multimodal,5.639,2.8195,8458.51,0.3383,road
137,2,centralized,Peak,Central Road Only,14.0975,2.8195,8458.51,0.3383,road
137,2,centralized,Peak,Central Road + Metro,14.0975,2.8195,8458.51,0.3383,road
137,2,centralized,Peak,Central Road + Waterbus,14.0975,2.8195,8458.51,0.3383,road
137,2,centralized,Peak,Central Full Multimodal,14.0975,2.8195,8458.51,0.3383,road
138,2,centralized,Off-Peak,Central Road Only,6.3001,3.15,9450.1,0.378,road
138,2,centralized,Off-Peak,Central Road + Metro,6.3001,3.15,9450.1,0.378,road
138,2,centralized,Off-Peak,Central Road + Waterbus,6.3001,3.15,9450.1,0.378,road
138,2,centralized,Off-Peak,Central Full Multimodal,6.3001,3.15,9450.1,0.378,road
138,2,centralized,Peak,Central Road Only,15.7502,3.15,9450.1,0.378,road
138,2,centralized,Peak,Central Road + Metro,15.7502,3.15,9450.1,0.378,road
138,2,centralized,Peak,Central Road + Waterbus,15.7502,3.15,9450.1,0.378,road
138,2,centralized,Peak,Central Full Multimodal,15.7502,3.15,9450.1,0.378,road
139,2,centralized,Off-Peak,Central Road Only,6.4142,3.2071,9621.25,0.3849,road
139,2,centralized,Off-Peak,Central Road + Metro,6.4142,3.2071,9621.25,0.3849,road
139,2,centralized,Off-Peak,Central Road + Waterbus,6.4142,3.2071,9621.25,0.3849,road
139,2,centralized,Off-Peak,Central Full Multimodal,6.4142,3.2071,9621.25,0.3849,road
139,2,centralized,Peak,Central Road Only,16.0354,3.2071,9621.25,0.3849,road
139,2,centralized,Peak,Central Road + Metro,16.0354,3.2071,9621.25,0.3849,road
139,2,centralized,Peak,Central Road + Waterbus,16.0354,3.2071,9621.25,0.3849,road
139,2,centralized,Peak,Central Full Multimodal,16.0354,3.2071,9621.25,0.3849,road
140,2,centralized,Off-Peak,Central Road Only,6.4142,3.2071,9621.25,0.3849,road
140,2,centralized,Off-Peak,Central Road + Metro,6.4142,3.2071,9621.25,0.3849,road
140,2,centralized,Off-Peak,Central Road + Waterbus,6.4142,3.2071,9621.25,0.3849,road
140,2,centralized,Off-Peak,Central Full Multimodal,6.4142,3.2071,9621.25,0.3849,road
140,2,centralized,Peak,Central Road Only,16.0354,3.2071,9621.25,0.3849,road
140,2,centralized,Peak,Central Road + Metro,16.0354,3.2071,9621.25,0.3849,road
140,2,centralized,Peak,Central Road + Waterbus,16.0354,3.2071,9621.25,0.3849,road
140,2,centralized,Peak,Central Full Multimodal,16.0354,3.2071,9621.25,0.3849,road
143,2,centralized,Off-Peak,Central Road Only,1.2278,0.6139,1841.63,0.0737,road
143,2,centralized,Off-Peak,Central Road + Metro,1.2278,0.6139,1841.63,0.0737,road
143,2,centralized,Off-Peak,Central Road + Waterbus,1.2278,0.6139,1841.63,0.0737,road
143,2,centralized,Off-Peak,Central Full Multimodal,1.2278,0.6139,1841.63,0.0737,road
143,2,centralized,Peak,Central Road Only,3.0694,0.6139,1841.63,0.0737,road
143,2,centralized,Peak,Central Road + Metro,3.0694,0.6139,1841.63,0.0737,road
143,2,centralized,Peak,Central Road + Waterbus,3.0694,0.6139,1841.63,0.0737,road
143,2,centralized,Peak,Central Full Multimodal,3.0694,0.6139,1841.63,0.0737,road
144,2,centralized,Off-Peak,Central Road Only,0.063,0.0315,94.53,0.0038,road
144,2,centralized,Off-Peak,Central Road + Metro,0.063,0.0315,94.53,0.0038,road
144,2,centralized,Off-Peak,Central Road + Waterbus,0.063,0.0315,94.53,0.0038,road
144,2,centralized,Off-Peak,Central Full Multimodal,0.063,0.0315,94.53,0.0038,road
144,2,centralized,Peak,Central Road Only,0.1575,0.0315,94.53,0.0038,road
144,2,centralized,Peak,Central Road + Metro,0.1575,0.0315,94.53,0.0038,road
144,2,centralized,Peak,Central Road + Waterbus,0.1575,0.0315,94.53,0.0038,road
144,2,centralized,Peak,Central Full Multimodal,0.1575,0.0315,94.53,0.0038,road
145,2,centralized,Off-Peak,Central Road Only,0.0876,0.0438,131.37,0.0053,road
145,2,centralized,Off-Peak,Central Road + Metro,0.0876,0.0438,131.37,0.0053,road
145,2,centralized,Off-Peak,Central Road + Waterbus,0.0876,0.0438,131.37,0.0053,road
145,2,centralized,Off-Peak,Central Full Multimodal,0.0876,0.0438,131.37,0.0053,road
145,2,centralized,Peak,Central Road Only,0.219,0.0438,131.37,0.0053,road
145,2,centralized,Peak,Central Road + Metro,0.219,0.0438,131.37,0.0053,road
145,2,centralized,Peak,Central Road + Waterbus,0.219,0.0438,131.37,0.0053,road
145,2,centralized,Peak,Central Full Multimodal,0.219,0.0438,131.37,0.0053,road
146,2,centralized,Off-Peak,Central Road Only,6.6781,3.3391,10017.16,0.4007,road
146,2,centralized,Off-Peak,Central Road + Metro,6.6781,3.3391,10017.16,0.4007,road
146,2,centralized,Off-Peak,Central Road + Waterbus,6.6781,3.3391,10017.16,0.4007,road
146,2,centralized,Off-Peak,Central Full Multimodal,6.6781,3.3391,10017.16,0.4007,road
146,2,centralized,Peak,Central Road Only,16.6953,3.3391,10017.16,0.4007,road
146,2,centralized,Peak,Central Road + Metro,16.6953,3.3391,10017.16,0.4007,road
146,2,centralized,Peak,Central Road + Waterbus,16.6953,3.3391,10017.16,0.4007,road
146,2,centralized,Peak,Central Full Multimodal,16.6953,3.3391,10017.16,0.4007,road
147,2,centralized,Off-Peak,Central Road Only,6.4142,3.2071,9621.25,0.3849,road
147,2,centralized,Off-Peak,Central Road + Metro,6.4142,3.2071,9621.25,0.3849,road
147,2,centralized,Off-Peak,Central Road + Waterbus,6.4142,3.2071,9621.25,0.3849,road
147,2,centralized,Off-Peak,Central Full Multimodal,6.4142,3.2071,9621.25,0.3849,road
147,2,centralized,Peak,Central Road Only,16.0354,3.2071,9621.25,0.3849,road
147,2,centralized,Peak,Central Road + Metro,16.0354,3.2071,9621.25,0.3849,road
147,2,centralized,Peak,Central Road + Waterbus,16.0354,3.2071,9621.25,0.3849,road
147,2,centralized,Peak,Central Full Multimodal,16.0354,3.2071,9621.25,0.3849,road
148,2,centralized,Off-Peak,Central Road Only,0.0876,0.0438,131.37,0.0053,road
148,2,centralized,Off-Peak,Central Road + Metro,0.0876,0.0438,131.37,0.0053,road
148,2,centralized,Off-Peak,Central Road + Waterbus,0.0876,0.0438,131.37,0.0053,road
148,2,centralized,Off-Peak,Central Full Multimodal,0.0876,0.0438,131.37,0.0053,road
148,2,centralized,Peak,Central Road Only,0.219,0.0438,131.37,0.0053,road
148,2,centralized,Peak,Central Road + Metro,0.219,0.0438,131.37,0.0053,road
148,2,centralized,Peak,Central Road + Waterbus,0.219,0.0438,131.37,0.0053,road
148,2,centralized,Peak,Central Full Multimodal,0.219,0.0438,131.37,0.0053,road
150,2,centralized,Off-Peak,Central Road Only,6.4142,3.2071,9621.25,0.3849,road
150,2,centralized,Off-Peak,Central Road + Metro,6.4142,3.2071,9621.25,0.3849,road
150,2,centralized,Off-Peak,Central Road + Waterbus,6.4142,3.2071,9621.25,0.3849,road
150,2,centralized,Off-Peak,Central Full Multimodal,6.4142,3.2071,9621.25,0.3849,road
150,2,centralized,Peak,Central Road Only,16.0354,3.2071,9621.25,0.3849,road
150,2,centralized,Peak,Central Road + Metro,16.0354,3.2071,9621.25,0.3849,road
150,2,centralized,Peak,Central Road + Waterbus,16.0354,3.2071,9621.25,0.3849,road
150,2,centralized,Peak,Central Full Multimodal,16.0354,3.2071,9621.25,0.3849,road
151,2,centralized,Off-Peak,Central Road Only,6.4142,3.2071,9621.25,0.3849,road
151,2,centralized,Off-Peak,Central Road + Metro,6.4142,3.2071,9621.25,0.3849,road
151,2,centralized,Off-Peak,Central Road + Waterbus,6.4142,3.2071,9621.25,0.3849,road
151,2,centralized,Off-Peak,Central Full Multimodal,6.4142,3.2071,9621.25,0.3849,road
151,2,centralized,Peak,Central Road Only,16.0354,3.2071,9621.25,0.3849,road
151,2,centralized,Peak,Central Road + Metro,16.0354,3.2071,9621.25,0.3849,road
151,2,centralized,Peak,Central Road + Waterbus,16.0354,3.2071,9621.25,0.3849,road
151,2,centralized,Peak,Central Full Multimodal,16.0354,3.2071,9621.25,0.3849,road
153,2,centralized,Off-Peak,Central Road Only,6.4142,3.2071,9621.25,0.3849,road
153,2,centralized,Off-Peak,Central Road + Metro,6.4142,3.2071,9621.25,0.3849,road
153,2,centralized,Off-Peak,Central Road + Waterbus,6.4142,3.2071,9621.25,0.3849,road
153,2,centralized,Off-Peak,Central Full Multimodal,6.4142,3.2071,9621.25,0.3849,road
153,2,centralized,Peak,Central Road Only,16.0354,3.2071,9621.25,0.3849,road
153,2,centralized,Peak,Central Road + Metro,16.0354,3.2071,9621.25,0.3849,road
153,2,centralized,Peak,Central Road + Waterbus,16.0354,3.2071,9621.25,0.3849,road
153,2,centralized,Peak,Central Full Multimodal,16.0354,3.2071,9621.25,0.3849,road
156,2,centralized,Off-Peak,Central Road Only,6.4142,3.2071,9621.25,0.3849,road
156,2,centralized,Off-Peak,Central Road + Metro,6.4142,3.2071,9621.25,0.3849,road
156,2,centralized,Off-Peak,Central Road + Waterbus,6.4142,3.2071,9621.25,0.3849,road
156,2,centralized,Off-Peak,Central Full Multimodal,6.4142,3.2071,9621.25,0.3849,road
156,2,centralized,Peak,Central Road Only,16.0354,3.2071,9621.25,0.3849,road
156,2,centralized,Peak,Central Road + Metro,16.0354,3.2071,9621.25,0.3849,road
156,2,centralized,Peak,Central Road + Waterbus,16.0354,3.2071,9621.25,0.3849,road
156,2,centralized,Peak,Central Full Multimodal,16.0354,3.2071,9621.25,0.3849,road
159,2,centralized,Off-Peak,Central Road Only,6.4142,3.2071,9621.25,0.3849,road
159,2,centralized,Off-Peak,Central Road + Metro,6.4142,3.2071,9621.25,0.3849,road
159,2,centralized,Off-Peak,Central Road + Waterbus,6.4142,3.2071,9621.25,0.3849,road
159,2,centralized,Off-Peak,Central Full Multimodal,6.4142,3.2071,9621.25,0.3849,road
159,2,centralized,Peak,Central Road Only,16.0354,3.2071,9621.25,0.3849,road
159,2,centralized,Peak,Central Road + Metro,16.0354,3.2071,9621.25,0.3849,road
159,2,centralized,Peak,Central Road + Waterbus,16.0354,3.2071,9621.25,0.3849,road
159,2,centralized,Peak,Central Full Multimodal,16.0354,3.2071,9621.25,0.3849,road
160,2,centralized,Off-Peak,Central Road Only,6.4142,3.2071,9621.25,0.3849,road
160,2,centralized,Off-Peak,Central Road + Metro,6.4142,3.2071,9621.25,0.3849,road
160,2,centralized,Off-Peak,Central Road + Waterbus,6.4142,3.2071,9621.25,0.3849,road
160,2,centralized,Off-Peak,Central Full Multimodal,6.4142,3.2071,9621.25,0.3849,road
160,2,centralized,Peak,Central Road Only,16.0354,3.2071,9621.25,0.3849,road
160,2,centralized,Peak,Central Road + Metro,16.0354,3.2071,9621.25,0.3849,road
160,2,centralized,Peak,Central Road + Waterbus,16.0354,3.2071,9621.25,0.3849,road
160,2,centralized,Peak,Central Full Multimodal,16.0354,3.2071,9621.25,0.3849,road
161,2,centralized,Off-Peak,Central Road Only,6.4142,3.2071,9621.25,0.3849,road
161,2,centralized,Off-Peak,Central Road + Metro,6.4142,3.2071,9621.25,0.3849,road
161,2,centralized,Off-Peak,Central Road + Waterbus,6.4142,3.2071,9621.25,0.3849,road
161,2,centralized,Off-Peak,Central Full Multimodal,6.4142,3.2071,9621.25,0.3849,road
161,2,centralized,Peak,Central Road Only,16.0354,3.2071,9621.25,0.3849,road
161,2,centralized,Peak,Central Road + Metro,16.0354,3.2071,9621.25,0.3849,road
161,2,centralized,Peak,Central Road + Waterbus,16.0354,3.2071,9621.25,0.3849,road
161,2,centralized,Peak,Central Full Multimodal,16.0354,3.2071,9621.25,0.3849,road
162,2,centralized,Off-Peak,Central Road Only,6.4142,3.2071,9621.25,0.3849,road
162,2,centralized,Off-Peak,Central Road + Metro,6.4142,3.2071,9621.25,0.3849,road
162,2,centralized,Off-Peak,Central Road + Waterbus,6.4142,3.2071,9621.25,0.3849,road
162,2,centralized,Off-Peak,Central Full Multimodal,6.4142,3.2071,9621.25,0.3849,road
162,2,centralized,Peak,Central Road Only,16.0354,3.2071,9621.25,0.3849,road
162,2,centralized,Peak,Central Road + Metro,16.0354,3.2071,9621.25,0.3849,road
162,2,centralized,Peak,Central Road + Waterbus,16.0354,3.2071,9621.25,0.3849,road
162,2,centralized,Peak,Central Full Multimodal,16.0354,3.2071,9621.25,0.3849,road
166,2,centralized,Off-Peak,Central Road Only,0.7557,0.3779,1133.62,0.0453,road
166,2,centralized,Off-Peak,Central Road + Metro,0.7557,0.3779,1133.62,0.0453,road
166,2,centralized,Off-Peak,Central Road + Waterbus,0.7557,0.3779,1133.62,0.0453,road
166,2,centralized,Off-Peak,Central Full Multimodal,0.7557,0.3779,1133.62,0.0453,road
166,2,centralized,Peak,Central Road Only,1.8894,0.3779,1133.62,0.0453,road
166,2,centralized,Peak,Central Road + Metro,1.8894,0.3779,1133.62,0.0453,road
166,2,centralized,Peak,Central Road + Waterbus,1.8894,0.3779,1133.62,0.0453,road
166,2,centralized,Peak,Central Full Multimodal,1.8894,0.3779,1133.62,0.0453,road
168,2,centralized,Off-Peak,Central Road Only,6.4142,3.2071,9621.25,0.3849,road
168,2,centralized,Off-Peak,Central Road + Metro,6.4142,3.2071,9621.25,0.3849,road
168,2,centralized,Off-Peak,Central Road + Waterbus,6.4142,3.2071,9621.25,0.3849,road
168,2,centralized,Off-Peak,Central Full Multimodal,6.4142,3.2071,9621.25,0.3849,road
168,2,centralized,Peak,Central Road Only,16.0354,3.2071,9621.25,0.3849,road
168,2,centralized,Peak,Central Road + Metro,16.0354,3.2071,9621.25,0.3849,road
168,2,centralized,Peak,Central Road + Waterbus,16.0354,3.2071,9621.25,0.3849,road
168,2,centralized,Peak,Central Full Multimodal,16.0354,3.2071,9621.25,0.3849,road
170,2,centralized,Off-Peak,Central Road Only,6.4142,3.2071,9621.25,0.3849,road
170,2,centralized,Off-Peak,Central Road + Metro,6.4142,3.2071,9621.25,0.3849,road
170,2,centralized,Off-Peak,Central Road + Waterbus,6.4142,3.2071,9621.25,0.3849,road
170,2,centralized,Off-Peak,Central Full Multimodal,6.4142,3.2071,9621.25,0.3849,road
170,2,centralized,Peak,Central Road Only,16.0354,3.2071,9621.25,0.3849,road
170,2,centralized,Peak,Central Road + Metro,16.0354,3.2071,9621.25,0.3849,road
170,2,centralized,Peak,Central Road + Waterbus,16.0354,3.2071,9621.25,0.3849,road
170,2,centralized,Peak,Central Full Multimodal,16.0354,3.2071,9621.25,0.3849,road
171,2,centralized,Off-Peak,Central Road Only,6.4142,3.2071,9621.25,0.3849,road
171,2,centralized,Off-Peak,Central Road + Metro,6.4142,3.2071,9621.25,0.3849,road
171,2,centralized,Off-Peak,Central Road + Waterbus,6.4142,3.2071,9621.25,0.3849,road
171,2,centralized,Off-Peak,Central Full Multimodal,6.4142,3.2071,9621.25,0.3849,road
171,2,centralized,Peak,Central Road Only,16.0354,3.2071,9621.25,0.3849,road
171,2,centralized,Peak,Central Road + Metro,16.0354,3.2071,9621.25,0.3849,road
171,2,centralized,Peak,Central Road + Waterbus,16.0354,3.2071,9621.25,0.3849,road
171,2,centralized,Peak,Central Full Multimodal,16.0354,3.2071,9621.25,0.3849,road
172,2,centralized,Off-Peak,Central Road Only,6.4142,3.2071,9621.25,0.3849,road
172,2,centralized,Off-Peak,Central Road + Metro,6.4142,3.2071,9621.25,0.3849,road
172,2,centralized,Off-Peak,Central Road + Waterbus,6.4142,3.2071,9621.25,0.3849,road
172,2,centralized,Off-Peak,Central Full Multimodal,6.4142,3.2071,9621.25,0.3849,road
172,2,centralized,Peak,Central Road Only,16.0354,3.2071,9621.25,0.3849,road
172,2,centralized,Peak,Central Road + Metro,16.0354,3.2071,9621.25,0.3849,road
172,2,centralized,Peak,Central Road + Waterbus,16.0354,3.2071,9621.25,0.3849,road
172,2,centralized,Peak,Central Full Multimodal,16.0354,3.2071,9621.25,0.3849,road
173,2,centralized,Off-Peak,Central Road Only,6.0922,3.0461,9138.25,0.3655,road
173,2,centralized,Off-Peak,Central Road + Metro,6.0922,3.0461,9138.25,0.3655,road
173,2,centralized,Off-Peak,Central Road + Waterbus,6.0922,3.0461,9138.25,0.3655,road
173,2,centralized,Off-Peak,Central Full Multimodal,6.0922,3.0461,9138.25,0.3655,road
173,2,centralized,Peak,Central Road Only,15.2304,3.0461,9138.25,0.3655,road
173,2,centralized,Peak,Central Road + Metro,15.2304,3.0461,9138.25,0.3655,road
173,2,centralized,Peak,Central Road + Waterbus,15.2304,3.0461,9138.25,0.3655,road
173,2,centralized,Peak,Central Full Multimodal,15.2304,3.0461,9138.25,0.3655,road
174,2,centralized,Off-Peak,Central Road Only,6.4142,3.2071,9621.25,0.3849,road
174,2,centralized,Off-Peak,Central Road + Metro,6.4142,3.2071,9621.25,0.3849,road
174,2,centralized,Off-Peak,Central Road + Waterbus,6.4142,3.2071,9621.25,0.3849,road
174,2,centralized,Off-Peak,Central Full Multimodal,6.4142,3.2071,9621.25,0.3849,road
174,2,centralized,Peak,Central Road Only,16.0354,3.2071,9621.25,0.3849,road
174,2,centralized,Peak,Central Road + Metro,16.0354,3.2071,9621.25,0.3849,road
174,2,centralized,Peak,Central Road + Waterbus,16.0354,3.2071,9621.25,0.3849,road
174,2,centralized,Peak,Central Full Multimodal,16.0354,3.2071,9621.25,0.3849,road
175,2,centralized,Off-Peak,Central Road Only,6.4142,3.2071,9621.25,0.3849,road
175,2,centralized,Off-Peak,Central Road + Metro,6.4142,3.2071,9621.25,0.3849,road
175,2,centralized,Off-Peak,Central Road + Waterbus,6.4142,3.2071,9621.25,0.3849,road
175,2,centralized,Off-Peak,Central Full Multimodal,6.4142,3.2071,9621.25,0.3849,road
175,2,centralized,Peak,Central Road Only,16.0354,3.2071,9621.25,0.3849,road
175,2,centralized,Peak,Central Road + Metro,16.0354,3.2071,9621.25,0.3849,road
175,2,centralized,Peak,Central Road + Waterbus,16.0354,3.2071,9621.25,0.3849,road
175,2,centralized,Peak,Central Full Multimodal,16.0354,3.2071,9621.25,0.3849,road
177,2,centralized,Off-Peak,Central Road Only,6.4142,3.2071,9621.25,0.3849,road
177,2,centralized,Off-Peak,Central Road + Metro,6.4142,3.2071,9621.25,0.3849,road
177,2,centralized,Off-Peak,Central Road + Waterbus,6.4142,3.2071,9621.25,0.3849,road
177,2,centralized,Off-Peak,Central Full Multimodal,6.4142,3.2071,9621.25,0.3849,road
177,2,centralized,Peak,Central Road Only,16.0354,3.2071,9621.25,0.3849,road
177,2,centralized,Peak,Central Road + Metro,16.0354,3.2071,9621.25,0.3849,road
177,2,centralized,Peak,Central Road + Waterbus,16.0354,3.2071,9621.25,0.3849,road
177,2,centralized,Peak,Central Full Multimodal,16.0354,3.2071,9621.25,0.3849,road
180,2,centralized,Off-Peak,Central Road Only,6.4142,3.2071,9621.25,0.3849,road
180,2,centralized,Off-Peak,Central Road + Metro,6.4142,3.2071,9621.25,0.3849,road
180,2,centralized,Off-Peak,Central Road + Waterbus,6.4142,3.2071,9621.25,0.3849,road
180,2,centralized,Off-Peak,Central Full Multimodal,6.4142,3.2071,9621.25,0.3849,road
180,2,centralized,Peak,Central Road Only,16.0354,3.2071,9621.25,0.3849,road
180,2,centralized,Peak,Central Road + Metro,16.0354,3.2071,9621.25,0.3849,road
180,2,centralized,Peak,Central Road + Waterbus,16.0354,3.2071,9621.25,0.3849,road
180,2,centralized,Peak,Central Full Multimodal,16.0354,3.2071,9621.25,0.3849,road
181,2,centralized,Off-Peak,Central Road Only,6.4142,3.2071,9621.25,0.3849,road
181,2,centralized,Off-Peak,Central Road + Metro,6.4142,3.2071,9621.25,0.3849,road
181,2,centralized,Off-Peak,Central Road + Waterbus,6.4142,3.2071,9621.25,0.3849,road
181,2,centralized,Off-Peak,Central Full Multimodal,6.4142,3.2071,9621.25,0.3849,road
181,2,centralized,Peak,Central Road Only,16.0354,3.2071,9621.25,0.3849,road
181,2,centralized,Peak,Central Road + Metro,16.0354,3.2071,9621.25,0.3849,road
181,2,centralized,Peak,Central Road + Waterbus,16.0354,3.2071,9621.25,0.3849,road
181,2,centralized,Peak,Central Full Multimodal,16.0354,3.2071,9621.25,0.3849,road
183,2,centralized,Off-Peak,Central Road Only,5.9985,2.9992,8997.74,0.3599,road
183,2,centralized,Off-Peak,Central Road + Metro,5.9985,2.9992,8997.74,0.3599,road
183,2,centralized,Off-Peak,Central Road + Waterbus,5.9985,2.9992,8997.74,0.3599,road
183,2,centralized,Off-Peak,Central Full Multimodal,5.9985,2.9992,8997.74,0.3599,road
183,2,centralized,Peak,Central Road Only,14.9962,2.9992,8997.74,0.3599,road
183,2,centralized,Peak,Central Road + Metro,14.9962,2.9992,8997.74,0.3599,road
183,2,centralized,Peak,Central Road + Waterbus,14.9962,2.9992,8997.74,0.3599,road
183,2,centralized,Peak,Central Full Multimodal,14.9962,2.9992,8997.74,0.3599,road
186,2,centralized,Off-Peak,Central Road Only,6.4142,3.2071,9621.25,0.3849,road
186,2,centralized,Off-Peak,Central Road + Metro,6.4142,3.2071,9621.25,0.3849,road
186,2,centralized,Off-Peak,Central Road + Waterbus,6.4142,3.2071,9621.25,0.3849,road
186,2,centralized,Off-Peak,Central Full Multimodal,6.4142,3.2071,9621.25,0.3849,road
186,2,centralized,Peak,Central Road Only,16.0354,3.2071,9621.25,0.3849,road
186,2,centralized,Peak,Central Road + Metro,16.0354,3.2071,9621.25,0.3849,road
186,2,centralized,Peak,Central Road + Waterbus,16.0354,3.2071,9621.25,0.3849,road
186,2,centralized,Peak,Central Full Multimodal,16.0354,3.2071,9621.25,0.3849,road
187,2,centralized,Off-Peak,Central Road Only,6.0922,3.0461,9138.25,0.3655,road
187,2,centralized,Off-Peak,Central Road + Metro,6.0922,3.0461,9138.25,0.3655,road
187,2,centralized,Off-Peak,Central Road + Waterbus,6.0922,3.0461,9138.25,0.3655,road
187,2,centralized,Off-Peak,Central Full Multimodal,6.0922,3.0461,9138.25,0.3655,road
187,2,centralized,Peak,Central Road Only,15.2304,3.0461,9138.25,0.3655,road
187,2,centralized,Peak,Central Road + Metro,15.2304,3.0461,9138.25,0.3655,road
187,2,centralized,Peak,Central Road + Waterbus,15.2304,3.0461,9138.25,0.3655,road
187,2,centralized,Peak,Central Full Multimodal,15.2304,3.0461,9138.25,0.3655,road
189,2,centralized,Off-Peak,Central Road Only,6.4142,3.2071,9621.25,0.3849,road
189,2,centralized,Off-Peak,Central Road + Metro,6.4142,3.2071,9621.25,0.3849,road
189,2,centralized,Off-Peak,Central Road + Waterbus,6.4142,3.2071,9621.25,0.3849,road
189,2,centralized,Off-Peak,Central Full Multimodal,6.4142,3.2071,9621.25,0.3849,road
189,2,centralized,Peak,Central Road Only,16.0354,3.2071,9621.25,0.3849,road
189,2,centralized,Peak,Central Road + Metro,16.0354,3.2071,9621.25,0.3849,road
189,2,centralized,Peak,Central Road + Waterbus,16.0354,3.2071,9621.25,0.3849,road
189,2,centralized,Peak,Central Full Multimodal,16.0354,3.2071,9621.25,0.3849,road
191,2,centralized,Off-Peak,Central Road Only,5.7235,2.8618,8585.28,0.3434,road
191,2,centralized,Off-Peak,Central Road + Metro,5.7235,2.8618,8585.28,0.3434,road
191,2,centralized,Off-Peak,Central Road + Waterbus,5.7235,2.8618,8585.28,0.3434,road
191,2,centralized,Off-Peak,Central Full Multimodal,5.7235,2.8618,8585.28,0.3434,road
191,2,centralized,Peak,Central Road Only,14.3088,2.8618,8585.28,0.3434,road
191,2,centralized,Peak,Central Road + Metro,14.3088,2.8618,8585.28,0.3434,road
191,2,centralized,Peak,Central Road + Waterbus,14.3088,2.8618,8585.28,0.3434,road
191,2,centralized,Peak,Central Full Multimodal,14.3088,2.8618,8585.28,0.3434,road
192,2,centralized,Off-Peak,Central Road Only,6.4142,3.2071,9621.25,0.3849,road
192,2,centralized,Off-Peak,Central Road + Metro,6.4142,3.2071,9621.25,0.3849,road
192,2,centralized,Off-Peak,Central Road + Waterbus,6.4142,3.2071,9621.25,0.3849,road
192,2,centralized,Off-Peak,Central Full Multimodal,6.4142,3.2071,9621.25,0.3849,road
192,2,centralized,Peak,Central Road Only,16.0354,3.2071,9621.25,0.3849,road
192,2,centralized,Peak,Central Road + Metro,16.0354,3.2071,9621.25,0.3849,road
192,2,centralized,Peak,Central Road + Waterbus,16.0354,3.2071,9621.25,0.3849,road
192,2,centralized,Peak,Central Full Multimodal,16.0354,3.2071,9621.25,0.3849,road
193,2,centralized,Off-Peak,Central Road Only,6.4142,3.2071,9621.25,0.3849,road
193,2,centralized,Off-Peak,Central Road + Metro,6.4142,3.2071,9621.25,0.3849,road
193,2,centralized,Off-Peak,Central Road + Waterbus,6.4142,3.2071,9621.25,0.3849,road
193,2,centralized,Off-Peak,Central Full Multimodal,6.4142,3.2071,9621.25,0.3849,road
193,2,centralized,Peak,Central Road Only,16.0354,3.2071,9621.25,0.3849,road
193,2,centralized,Peak,Central Road + Metro,16.0354,3.2071,9621.25,0.3849,road
193,2,centralized,Peak,Central Road + Waterbus,16.0354,3.2071,9621.25,0.3849,road
193,2,centralized,Peak,Central Full Multimodal,16.0354,3.2071,9621.25,0.3849,road
194,2,centralized,Off-Peak,Central Road Only,6.4142,3.2071,9621.25,0.3849,road
194,2,centralized,Off-Peak,Central Road + Metro,6.4142,3.2071,9621.25,0.3849,road
194,2,centralized,Off-Peak,Central Road + Waterbus,6.4142,3.2071,9621.25,0.3849,road
194,2,centralized,Off-Peak,Central Full Multimodal,6.4142,3.2071,9621.25,0.3849,road
194,2,centralized,Peak,Central Road Only,16.0354,3.2071,9621.25,0.3849,road
194,2,centralized,Peak,Central Road + Metro,16.0354,3.2071,9621.25,0.3849,road
194,2,centralized,Peak,Central Road + Waterbus,16.0354,3.2071,9621.25,0.3849,road
194,2,centralized,Peak,Central Full Multimodal,16.0354,3.2071,9621.25,0.3849,road
195,2,centralized,Off-Peak,Central Road Only,6.4142,3.2071,9621.25,0.3849,road
195,2,centralized,Off-Peak,Central Road + Metro,6.4142,3.2071,9621.25,0.3849,road
195,2,centralized,Off-Peak,Central Road + Waterbus,6.4142,3.2071,9621.25,0.3849,road
195,2,centralized,Off-Peak,Central Full Multimodal,6.4142,3.2071,9621.25,0.3849,road
195,2,centralized,Peak,Central Road Only,16.0354,3.2071,9621.25,0.3849,road
195,2,centralized,Peak,Central Road + Metro,16.0354,3.2071,9621.25,0.3849,road
195,2,centralized,Peak,Central Road + Waterbus,16.0354,3.2071,9621.25,0.3849,road
195,2,centralized,Peak,Central Full Multimodal,16.0354,3.2071,9621.25,0.3849,road
197,2,centralized,Off-Peak,Central Road Only,6.0916,3.0458,9137.43,0.3655,road
197,2,centralized,Off-Peak,Central Road + Metro,6.0916,3.0458,9137.43,0.3655,road
197,2,centralized,Off-Peak,Central Road + Waterbus,6.0916,3.0458,9137.43,0.3655,road
197,2,centralized,Off-Peak,Central Full Multimodal,6.0916,3.0458,9137.43,0.3655,road
197,2,centralized,Peak,Central Road Only,15.229,3.0458,9137.43,0.3655,road
197,2,centralized,Peak,Central Road + Metro,15.229,3.0458,9137.43,0.3655,road
197,2,centralized,Peak,Central Road + Waterbus,15.229,3.0458,9137.43,0.3655,road
197,2,centralized,Peak,Central Full Multimodal,15.229,3.0458,9137.43,0.3655,road
198,2,centralized,Off-Peak,Central Road Only,6.4142,3.2071,9621.25,0.3849,road
198,2,centralized,Off-Peak,Central Road + Metro,6.4142,3.2071,9621.25,0.3849,road
198,2,centralized,Off-Peak,Central Road + Waterbus,6.4142,3.2071,9621.25,0.3849,road
198,2,centralized,Off-Peak,Central Full Multimodal,6.4142,3.2071,9621.25,0.3849,road
198,2,centralized,Peak,Central Road Only,16.0354,3.2071,9621.25,0.3849,road
198,2,centralized,Peak,Central Road + Metro,16.0354,3.2071,9621.25,0.3849,road
198,2,centralized,Peak,Central Road + Waterbus,16.0354,3.2071,9621.25,0.3849,road
198,2,centralized,Peak,Central Full Multimodal,16.0354,3.2071,9621.25,0.3849,road
199,2,centralized,Off-Peak,Central Road Only,6.4142,3.2071,9621.25,0.3849,road
199,2,centralized,Off-Peak,Central Road + Metro,6.4142,3.2071,9621.25,0.3849,road
199,2,centralized,Off-Peak,Central Road + Waterbus,6.4142,3.2071,9621.25,0.3849,road
199,2,centralized,Off-Peak,Central Full Multimodal,6.4142,3.2071,9621.25,0.3849,road
199,2,centralized,Peak,Central Road Only,16.0354,3.2071,9621.25,0.3849,road
199,2,centralized,Peak,Central Road + Metro,16.0354,3.2071,9621.25,0.3849,road
199,2,centralized,Peak,Central Road + Waterbus,16.0354,3.2071,9621.25,0.3849,road
199,2,centralized,Peak,Central Full Multimodal,16.0354,3.2071,9621.25,0.3849,road
202,2,centralized,Off-Peak,Central Road Only,6.0916,3.0458,9137.43,0.3655,road
202,2,centralized,Off-Peak,Central Road + Metro,6.0916,3.0458,9137.43,0.3655,road
202,2,centralized,Off-Peak,Central Road + Waterbus,6.0916,3.0458,9137.43,0.3655,road
202,2,centralized,Off-Peak,Central Full Multimodal,6.0916,3.0458,9137.43,0.3655,road
202,2,centralized,Peak,Central Road Only,15.229,3.0458,9137.43,0.3655,road
202,2,centralized,Peak,Central Road + Metro,15.229,3.0458,9137.43,0.3655,road
202,2,centralized,Peak,Central Road + Waterbus,15.229,3.0458,9137.43,0.3655,road
202,2,centralized,Peak,Central Full Multimodal,15.229,3.0458,9137.43,0.3655,road
203,2,centralized,Off-Peak,Central Road Only,6.0916,3.0458,9137.43,0.3655,road
203,2,centralized,Off-Peak,Central Road + Metro,6.0916,3.0458,9137.43,0.3655,road
203,2,centralized,Off-Peak,Central Road + Waterbus,6.0916,3.0458,9137.43,0.3655,road
203,2,centralized,Off-Peak,Central Full Multimodal,6.0916,3.0458,9137.43,0.3655,road
203,2,centralized,Peak,Central Road Only,15.229,3.0458,9137.43,0.3655,road
203,2,centralized,Peak,Central Road + Metro,15.229,3.0458,9137.43,0.3655,road
203,2,centralized,Peak,Central Road + Waterbus,15.229,3.0458,9137.43,0.3655,road
203,2,centralized,Peak,Central Full Multimodal,15.229,3.0458,9137.43,0.3655,road
204,2,centralized,Off-Peak,Central Road Only,6.4142,3.2071,9621.25,0.3849,road
204,2,centralized,Off-Peak,Central Road + Metro,6.4142,3.2071,9621.25,0.3849,road
204,2,centralized,Off-Peak,Central Road + Waterbus,6.4142,3.2071,9621.25,0.3849,road
204,2,centralized,Off-Peak,Central Full Multimodal,6.4142,3.2071,9621.25,0.3849,road
204,2,centralized,Peak,Central Road Only,16.0354,3.2071,9621.25,0.3849,road
204,2,centralized,Peak,Central Road + Metro,16.0354,3.2071,9621.25,0.3849,road
204,2,centralized,Peak,Central Road + Waterbus,16.0354,3.2071,9621.25,0.3849,road
204,2,centralized,Peak,Central Full Multimodal,16.0354,3.2071,9621.25,0.3849,road
206,2,centralized,Off-Peak,Central Road Only,6.6781,3.3391,10017.16,0.4007,road
206,2,centralized,Off-Peak,Central Road + Metro,6.6781,3.3391,10017.16,0.4007,road
206,2,centralized,Off-Peak,Central Road + Waterbus,6.6781,3.3391,10017.16,0.4007,road
206,2,centralized,Off-Peak,Central Full Multimodal,6.6781,3.3391,10017.16,0.4007,road
206,2,centralized,Peak,Central Road Only,16.6953,3.3391,10017.16,0.4007,road
206,2,centralized,Peak,Central Road + Metro,16.6953,3.3391,10017.16,0.4007,road
206,2,centralized,Peak,Central Road + Waterbus,16.6953,3.3391,10017.16,0.4007,road
206,2,centralized,Peak,Central Full Multimodal,16.6953,3.3391,10017.16,0.4007,road
208,2,centralized,Off-Peak,Central Road Only,6.4142,3.2071,9621.25,0.3849,road
208,2,centralized,Off-Peak,Central Road + Metro,6.4142,3.2071,9621.25,0.3849,road
208,2,centralized,Off-Peak,Central Road + Waterbus,6.4142,3.2071,9621.25,0.3849,road
208,2,centralized,Off-Peak,Central Full Multimodal,6.4142,3.2071,9621.25,0.3849,road
208,2,centralized,Peak,Central Road Only,16.0354,3.2071,9621.25,0.3849,road
208,2,centralized,Peak,Central Road + Metro,16.0354,3.2071,9621.25,0.3849,road
208,2,centralized,Peak,Central Road + Waterbus,16.0354,3.2071,9621.25,0.3849,road
208,2,centralized,Peak,Central Full Multimodal,16.0354,3.2071,9621.25,0.3849,road
210,2,centralized,Off-Peak,Central Road Only,6.4142,3.2071,9621.25,0.3849,road
210,2,centralized,Off-Peak,Central Road + Metro,6.4142,3.2071,9621.25,0.3849,road
210,2,centralized,Off-Peak,Central Road + Waterbus,6.4142,3.2071,9621.25,0.3849,road
210,2,centralized,Off-Peak,Central Full Multimodal,6.4142,3.2071,9621.25,0.3849,road
210,2,centralized,Peak,Central Road Only,16.0354,3.2071,9621.25,0.3849,road
210,2,centralized,Peak,Central Road + Metro,16.0354,3.2071,9621.25,0.3849,road
210,2,centralized,Peak,Central Road + Waterbus,16.0354,3.2071,9621.25,0.3849,road
210,2,centralized,Peak,Central Full Multimodal,16.0354,3.2071,9621.25,0.3849,road
227,2,centralized,Off-Peak,Central Road Only,6.4142,3.2071,9621.25,0.3849,road
227,2,centralized,Off-Peak,Central Road + Metro,6.4142,3.2071,9621.25,0.3849,road
227,2,centralized,Off-Peak,Central Road + Waterbus,6.4142,3.2071,9621.25,0.3849,road
227,2,centralized,Off-Peak,Central Full Multimodal,6.4142,3.2071,9621.25,0.3849,road
227,2,centralized,Peak,Central Road Only,16.0354,3.2071,9621.25,0.3849,road
227,2,centralized,Peak,Central Road + Metro,16.0354,3.2071,9621.25,0.3849,road
227,2,centralized,Peak,Central Road + Waterbus,16.0354,3.2071,9621.25,0.3849,road
227,2,centralized,Peak,Central Full Multimodal,16.0354,3.2071,9621.25,0.3849,road
267,2,centralized,Off-Peak,Central Road Only,6.4142,3.2071,9621.25,0.3849,road
267,2,centralized,Off-Peak,Central Road + Metro,6.4142,3.2071,9621.25,0.3849,road
267,2,centralized,Off-Peak,Central Road + Waterbus,6.4142,3.2071,9621.25,0.3849,road
267,2,centralized,Off-Peak,Central Full Multimodal,6.4142,3.2071,9621.25,0.3849,road
267,2,centralized,Peak,Central Road Only,16.0354,3.2071,9621.25,0.3849,road
267,2,centralized,Peak,Central Road + Metro,16.0354,3.2071,9621.25,0.3849,road
267,2,centralized,Peak,Central Road + Waterbus,16.0354,3.2071,9621.25,0.3849,road
267,2,centralized,Peak,Central Full Multimodal,16.0354,3.2071,9621.25,0.3849,road
269,2,centralized,Off-Peak,Central Road Only,6.4142,3.2071,9621.25,0.3849,road
269,2,centralized,Off-Peak,Central Road + Metro,6.4142,3.2071,9621.25,0.3849,road
269,2,centralized,Off-Peak,Central Road + Waterbus,6.4142,3.2071,9621.25,0.3849,road
269,2,centralized,Off-Peak,Central Full Multimodal,6.4142,3.2071,9621.25,0.3849,road
269,2,centralized,Peak,Central Road Only,16.0354,3.2071,9621.25,0.3849,road
269,2,centralized,Peak,Central Road + Metro,16.0354,3.2071,9621.25,0.3849,road
269,2,centralized,Peak,Central Road + Waterbus,16.0354,3.2071,9621.25,0.3849,road
269,2,centralized,Peak,Central Full Multimodal,16.0354,3.2071,9621.25,0.3849,road
279,2,centralized,Off-Peak,Central Road Only,6.4142,3.2071,9621.25,0.3849,road
279,2,centralized,Off-Peak,Central Road + Metro,6.4142,3.2071,9621.25,0.3849,road
279,2,centralized,Off-Peak,Central Road + Waterbus,6.4142,3.2071,9621.25,0.3849,road
279,2,centralized,Off-Peak,Central Full Multimodal,6.4142,3.2071,9621.25,0.3849,road
279,2,centralized,Peak,Central Road Only,16.0354,3.2071,9621.25,0.3849,road
279,2,centralized,Peak,Central Road + Metro,16.0354,3.2071,9621.25,0.3849,road
279,2,centralized,Peak,Central Road + Waterbus,16.0354,3.2071,9621.25,0.3849,road
279,2,centralized,Peak,Central Full Multimodal,16.0354,3.2071,9621.25,0.3849,road
