order_id,hub_id,hub_strategy,traffic_condition,scenario,time,distance,cost,co2,modes_used
1,2,nearest,Off-Peak,Road Only,0.4857,0.2428,728.49,0.0291,road
1,2,nearest,Off-Peak,Road + Metro,0.4857,0.2428,728.49,0.0291,road
1,2,nearest,Off-Peak,Road + Waterbus,0.4857,0.2428,728.49,0.0291,road
1,2,nearest,Off-Peak,Full Multimodal,0.4857,0.2428,728.49,0.0291,road
1,2,nearest,Peak,Road Only,1.2141,0.2428,728.49,0.0291,road
1,2,nearest,Peak,Road + Metro,1.2141,0.2428,728.49,0.0291,road
1,2,nearest,Peak,Road + Waterbus,1.2141,0.2428,728.49,0.0291,road
1,2,nearest,Peak,Full Multimodal,1.2141,0.2428,728.49,0.0291,road
1,1,centralized,Off-Peak,Central Road Only,2.2065,1.1032,3309.7,0.1324,road
1,1,centralized,Off-Peak,Central Road + Metro,2.2065,1.1032,3309.7,0.1324,road
1,1,centralized,Off-Peak,Central Road + Waterbus,2.2065,1.1032,3309.7,0.1324,road
1,1,centralized,Off-Peak,Central Full Multimodal,2.2065,1.1032,3309.7,0.1324,road
1,1,centralized,Peak,Central Road Only,5.5162,1.1032,3309.7,0.1324,road
1,1,centralized,Peak,Central Road + Metro,5.5162,1.1032,3309.7,0.1324,road
1,1,centralized,Peak,Central Road + Waterbus,5.5162,1.1032,3309.7,0.1324,road
1,1,centralized,Peak,Central Full Multimodal,5.5162,1.1032,3309.7,0.1324,road
2,1,nearest,Off-Peak,Road Only,1.2609,0.6304,1891.33,0.0757,road
2,1,nearest,Off-Peak,Road + Metro,1.2609,0.6304,1891.33,0.0757,road
2,1,nearest,Off-Peak,Road + Waterbus,1.2609,0.6304,1891.33,0.0757,road
2,1,nearest,Off-Peak,Full Multimodal,1.2609,0.6304,1891.33,0.0757,road
2,1,nearest,Peak,Road Only,3.1522,0.6304,1891.33,0.0757,road
2,1,nearest,Peak,Road + Metro,3.1522,0.6304,1891.33,0.0757,road
2,1,nearest,Peak,Road + Waterbus,3.1522,0.6304,1891.33,0.0757,road
2,1,nearest,Peak,Full Multimodal,3.1522,0.6304,1891.33,0.0757,road
2,1,centralized,Off-Peak,Central Road Only,1.2609,0.6304,1891.33,0.0757,road
2,1,centralized,Off-Peak,Central Road + Metro,1.2609,0.6304,1891.33,0.0757,road
2,1,centralized,Off-Peak,Central Road + Waterbus,1.2609,0.6304,1891.33,0.0757,road
2,1,centralized,Off-Peak,Central Full Multimodal,1.2609,0.6304,1891.33,0.0757,road
2,1,centralized,Peak,Central Road Only,3.1522,0.6304,1891.33,0.0757,road
2,1,centralized,Peak,Central Road + Metro,3.1522,0.6304,1891.33,0.0757,road
2,1,centralized,Peak,Central Road + Waterbus,3.1522,0.6304,1891.33,0.0757,road
2,1,centralized,Peak,Central Full Multimodal,3.1522,0.6304,1891.33,0.0757,road
3,2,nearest,Off-Peak,Road Only,1.8192,0.9096,2728.75,0.1092,road
3,2,nearest,Off-Peak,Road + Metro,1.8192,0.9096,2728.75,0.1092,road
3,2,nearest,Off-Peak,Road + Waterbus,1.8192,0.9096,2728.75,0.1092,road
3,2,nearest,Off-Peak,Full Multimodal,1.8192,0.9096,2728.75,0.1092,road
3,2,nearest,Peak,Road Only,4.5479,0.9096,2728.75,0.1092,road
3,2,nearest,Peak,Road + Metro,4.5479,0.9096,2728.75,0.1092,road
3,2,nearest,Peak,Road + Waterbus,4.5479,0.9096,2728.75,0.1092,road
3,2,nearest,Peak,Full Multimodal,4.5479,0.9096,2728.75,0.1092,road
3,1,centralized,Off-Peak,Central Road Only,3.54,1.77,5309.97,0.2124,road
3,1,centralized,Off-Peak,Central Road + Metro,3.54,1.77,5309.97,0.2124,road
3,1,centralized,Off-Peak,Central Road + Waterbus,3.54,1.77,5309.97,0.2124,road
3,1,centralized,Off-Peak,Central Full Multimodal,3.54,1.77,5309.97,0.2124,road
3,1,centralized,Peak,Central Road Only,8.8499,1.77,5309.97,0.2124,road
3,1,centralized,Peak,Central Road + Metro,8.8499,1.77,5309.97,0.2124,road
3,1,centralized,Peak,Central Road + Waterbus,8.8499,1.77,5309.97,0.2124,road
3,1,centralized,Peak,Central Full Multimodal,8.8499,1.77,5309.97,0.2124,road
5,2,nearest,Off-Peak,Road Only,1.322,0.661,1983.07,0.0793,road
5,2,nearest,Off-Peak,Road + Metro,1.322,0.661,1983.07,0.0793,road
5,2,nearest,Off-Peak,Road + Waterbus,1.322,0.661,1983.07,0.0793,road
5,2,nearest,Off-Peak,Full Multimodal,1.322,0.661,1983.07,0.0793,road
5,2,nearest,Peak,Road Only,3.3051,0.661,1983.07,0.0793,road
5,2,nearest,Peak,Road + Metro,3.3051,0.661,1983.07,0.0793,road
5,2,nearest,Peak,Road + Waterbus,3.3051,0.661,1983.07,0.0793,road
5,2,nearest,Peak,Full Multimodal,3.3051,0.661,1983.07,0.0793,road
5,1,centralized,Off-Peak,Central Road Only,1.5446,0.7723,2316.97,0.0927,road
5,1,centralized,Off-Peak,Central Road + Metro,1.5446,0.7723,2316.97,0.0927,road
5,1,centralized,Off-Peak,Central Road + Waterbus,1.5446,0.7723,2316.97,0.0927,road
5,1,centralized,Off-Peak,Central Full Multimodal,1.5446,0.7723,2316.97,0.0927,road
5,1,centralized,Peak,Central Road Only,3.8616,0.7723,2316.97,0.0927,road
5,1,centralized,Peak,Central Road + Metro,3.8616,0.7723,2316.97,0.0927,road
5,1,centralized,Peak,Central Road + Waterbus,3.8616,0.7723,2316.97,0.0927,road
5,1,centralized,Peak,Central Full Multimodal,3.8616,0.7723,2316.97,0.0927,road
6,2,nearest,Off-Peak,Road Only,1.0588,0.5294,1588.18,0.0635,road
6,2,nearest,Off-Peak,Road + Metro,1.0588,0.5294,1588.18,0.0635,road
6,2,nearest,Off-Peak,Road + Waterbus,1.0588,0.5294,1588.18,0.0635,road
6,2,nearest,Off-Peak,Full Multimodal,1.0588,0.5294,1588.18,0.0635,road
6,2,nearest,Peak,Road Only,2.647,0.5294,1588.18,0.0635,road
6,2,nearest,Peak,Road + Metro,2.647,0.5294,1588.18,0.0635,road
6,2,nearest,Peak,Road + Waterbus,2.647,0.5294,1588.18,0.0635,road
6,2,nearest,Peak,Full Multimodal,2.647,0.5294,1588.18,0.0635,road
6,1,centralized,Off-Peak,Central Road Only,2.7796,1.3898,4169.39,0.1668,road
6,1,centralized,Off-Peak,Central Road + Metro,2.7796,1.3898,4169.39,0.1668,road
6,1,centralized,Off-Peak,Central Road + Waterbus,2.7796,1.3898,4169.39,0.1668,road
6,1,centralized,Off-Peak,Central Full Multimodal,2.7796,1.3898,4169.39,0.1668,road
6,1,centralized,Peak,Central Road Only,6.949,1.3898,4169.39,0.1668,road
6,1,centralized,Peak,Central Road + Metro,6.949,1.3898,4169.39,0.1668,road
6,1,centralized,Peak,Central Road + Waterbus,6.949,1.3898,4169.39,0.1668,road
6,1,centralized,Peak,Central Full Multimodal,6.949,1.3898,4169.39,0.1668,road
8,2,nearest,Off-Peak,Road Only,2.2143,1.1071,3321.44,0.1329,road
8,2,nearest,Off-Peak,Road + Metro,2.2143,1.1071,3321.44,0.1329,road
8,2,nearest,Off-Peak,Road + Waterbus,2.2143,1.1071,3321.44,0.1329,road
8,2,nearest,Off-Peak,Full Multimodal,2.2143,1.1071,3321.44,0.1329,road
8,2,nearest,Peak,Road Only,5.5357,1.1071,3321.44,0.1329,road
8,2,nearest,Peak,Road + Metro,5.5357,1.1071,3321.44,0.1329,road
8,2,nearest,Peak,Road + Waterbus,5.5357,1.1071,3321.44,0.1329,road
8,2,nearest,Peak,Full Multimodal,5.5357,1.1071,3321.44,0.1329,road
8,1,centralized,Off-Peak,Central Road Only,2.4974,1.2487,3746.1,0.1498,road
8,1,centralized,Off-Peak,Central Road + Metro,2.4974,1.2487,3746.1,0.1498,road
8,1,centralized,Off-Peak,Central Road + Waterbus,2.4974,1.2487,3746.1,0.1498,road
8,1,centralized,Off-Peak,Central Full Multimodal,2.4974,1.2487,3746.1,0.1498,road
8,1,centralized,Peak,Central Road Only,6.2435,1.2487,3746.1,0.1498,road
8,1,centralized,Peak,Central Road + Metro,6.2435,1.2487,3746.1,0.1498,road
8,1,centralized,Peak,Central Road + Waterbus,6.2435,1.2487,3746.1,0.1498,road
8,1,centralized,Peak,Central Full Multimodal,6.2435,1.2487,3746.1,0.1498,road
9,1,nearest,Off-Peak,Road Only,0.8577,0.4289,1286.56,0.0515,road
9,1,nearest,Off-Peak,Road + Metro,0.8577,0.4289,1286.56,0.0515,road
9,1,nearest,Off-Peak,Road + Waterbus,0.8577,0.4289,1286.56,0.0515,road
9,1,nearest,Off-Peak,Full Multimodal,0.8577,0.4289,1286.56,0.0515,road
9,1,nearest,Peak,Road Only,2.1443,0.4289,1286.56,0.0515,road
9,1,nearest,Peak,Road + Metro,2.1443,0.4289,1286.56,0.0515,road
9,1,nearest,Peak,Road + Waterbus,2.1443,0.4289,1286.56,0.0515,road
9,1,nearest,Peak,Full Multimodal,2.1443,0.4289,1286.56,0.0515,road
9,1,centralized,Off-Peak,Central Road Only,0.8577,0.4289,1286.56,0.0515,road
9,1,centralized,Off-Peak,Central Road + Metro,0.8577,0.4289,1286.56,0.0515,road
9,1,centralized,Off-Peak,Central Road + Waterbus,0.8577,0.4289,1286.56,0.0515,road
9,1,centralized,Off-Peak,Central Full Multimodal,0.8577,0.4289,1286.56,0.0515,road
9,1,centralized,Peak,Central Road Only,2.1443,0.4289,1286.56,0.0515,road
9,1,centralized,Peak,Central Road + Metro,2.1443,0.4289,1286.56,0.0515,road
9,1,centralized,Peak,Central Road + Waterbus,2.1443,0.4289,1286.56,0.0515,road
9,1,centralized,Peak,Central Full Multimodal,2.1443,0.4289,1286.56,0.0515,road
10,1,nearest,Off-Peak,Road Only,2.6236,1.3118,3935.33,0.1574,road
10,1,nearest,Off-Peak,Road + Metro,2.6236,1.3118,3935.33,0.1574,road
10,1,nearest,Off-Peak,Road + Waterbus,2.6236,1.3118,3935.33,0.1574,road
10,1,nearest,Off-Peak,Full Multimodal,2.6236,1.3118,3935.33,0.1574,road
10,1,nearest,Peak,Road Only,6.5589,1.3118,3935.33,0.1574,road
10,1,nearest,Peak,Road + Metro,6.5589,1.3118,3935.33,0.1574,road
10,1,nearest,Peak,Road + Waterbus,6.5589,1.3118,3935.33,0.1574,road
10,1,nearest,Peak,Full Multimodal,6.5589,1.3118,3935.33,0.1574,road
10,1,centralized,Off-Peak,Central Road Only,2.6236,1.3118,3935.33,0.1574,road
10,1,centralized,Off-Peak,Central Road + Metro,2.6236,1.3118,3935.33,0.1574,road
10,1,centralized,Off-Peak,Central Road + Waterbus,2.6236,1.3118,3935.33,0.1574,road
10,1,centralized,Off-Peak,Central Full Multimodal,2.6236,1.3118,3935.33,0.1574,road
10,1,centralized,Peak,Central Road Only,6.5589,1.3118,3935.33,0.1574,road
10,1,centralized,Peak,Central Road + Metro,6.5589,1.3118,3935.33,0.1574,road
10,1,centralized,Peak,Central Road + Waterbus,6.5589,1.3118,3935.33,0.1574,road
10,1,centralized,Peak,Central Full Multimodal,6.5589,1.3118,3935.33,0.1574,road
11,1,nearest,Off-Peak,Road Only,1.5338,0.7669,2300.67,0.092,road
11,1,nearest,Off-Peak,Road + Metro,1.5338,0.7669,2300.67,0.092,road
11,1,nearest,Off-Peak,Road + Waterbus,1.5338,0.7669,2300.67,0.092,road
11,1,nearest,Off-Peak,Full Multimodal,1.5338,0.7669,2300.67,0.092,road
11,1,nearest,Peak,Road Only,3.8345,0.7669,2300.67,0.092,road
11,1,nearest,Peak,Road + Metro,3.8345,0.7669,2300.67,0.092,road
11,1,nearest,Peak,Road + Waterbus,3.8345,0.7669,2300.67,0.092,road
11,1,nearest,Peak,Full Multimodal,3.8345,0.7669,2300.67,0.092,road
11,1,centralized,Off-Peak,Central Road Only,1.5338,0.7669,2300.67,0.092,road
11,1,centralized,Off-Peak,Central Road + Metro,1.5338,0.7669,2300.67,0.092,road
11,1,centralized,Off-Peak,Central Road + Waterbus,1.5338,0.7669,2300.67,0.092,road
11,1,centralized,Off-Peak,Central Full Multimodal,1.5338,0.7669,2300.67,0.092,road
11,1,centralized,Peak,Central Road Only,3.8345,0.7669,2300.67,0.092,road
11,1,centralized,Peak,Central Road + Metro,3.8345,0.7669,2300.67,0.092,road
11,1,centralized,Peak,Central Road + Waterbus,3.8345,0.7669,2300.67,0.092,road
11,1,centralized,Peak,Central Full Multimodal,3.8345,0.7669,2300.67,0.092,road
12,1,nearest,Off-Peak,Road Only,0.8577,0.4289,1286.56,0.0515,road
12,1,nearest,Off-Peak,Road + Metro,0.8577,0.4289,1286.56,0.0515,road
12,1,nearest,Off-Peak,Road + Waterbus,0.8577,0.4289,1286.56,0.0515,road
12,1,nearest,Off-Peak,Full Multimodal,0.8577,0.4289,1286.56,0.0515,road
12,1,nearest,Peak,Road Only,2.1443,0.4289,1286.56,0.0515,road
12,1,nearest,Peak,Road + Metro,2.1443,0.4289,1286.56,0.0515,road
12,1,nearest,Peak,Road + Waterbus,2.1443,0.4289,1286.56,0.0515,road
12,1,nearest,Peak,Full Multimodal,2.1443,0.4289,1286.56,0.0515,road
12,1,centralized,Off-Peak,Central Road Only,0.8577,0.4289,1286.56,0.0515,road
12,1,centralized,Off-Peak,Central Road + Metro,0.8577,0.4289,1286.56,0.0515,road
12,1,centralized,Off-Peak,Central Road + Waterbus,0.8577,0.4289,1286.56,0.0515,road
12,1,centralized,Off-Peak,Central Full Multimodal,0.8577,0.4289,1286.56,0.0515,road
12,1,centralized,Peak,Central Road Only,2.1443,0.4289,1286.56,0.0515,road
12,1,centralized,Peak,Central Road + Metro,2.1443,0.4289,1286.56,0.0515,road
12,1,centralized,Peak,Central Road + Waterbus,2.1443,0.4289,1286.56,0.0515,road
12,1,centralized,Peak,Central Full Multimodal,2.1443,0.4289,1286.56,0.0515,road
13,1,nearest,Off-Peak,Road Only,1.9641,0.982,2946.12,0.1178,road
13,1,nearest,Off-Peak,Road + Metro,1.9641,0.982,2946.12,0.1178,road
13,1,nearest,Off-Peak,Road + Waterbus,1.9641,0.982,2946.12,0.1178,road
13,1,nearest,Off-Peak,Full Multimodal,1.9641,0.982,2946.12,0.1178,road
13,1,nearest,Peak,Road Only,4.9102,0.982,2946.12,0.1178,road
13,1,nearest,Peak,Road + Metro,4.9102,0.982,2946.12,0.1178,road
13,1,nearest,Peak,Road + Waterbus,4.9102,0.982,2946.12,0.1178,road
13,1,nearest,Peak,Full Multimodal,4.9102,0.982,2946.12,0.1178,road
13,1,centralized,Off-Peak,Central Road Only,1.9641,0.982,2946.12,0.1178,road
13,1,centralized,Off-Peak,Central Road + Metro,1.9641,0.982,2946.12,0.1178,road
13,1,centralized,Off-Peak,Central Road + Waterbus,1.9641,0.982,2946.12,0.1178,road
13,1,centralized,Off-Peak,Central Full Multimodal,1.9641,0.982,2946.12,0.1178,road
13,1,centralized,Peak,Central Road Only,4.9102,0.982,2946.12,0.1178,road
13,1,centralized,Peak,Central Road + Metro,4.9102,0.982,2946.12,0.1178,road
13,1,centralized,Peak,Central Road + Waterbus,4.9102,0.982,2946.12,0.1178,road
13,1,centralized,Peak,Central Full Multimodal,4.9102,0.982,2946.12,0.1178,road
15,1,nearest,Off-Peak,Road Only,1.8658,0.9329,2798.65,0.1119,road
15,1,nearest,Off-Peak,Road + Metro,1.8658,0.9329,2798.65,0.1119,road
15,1,nearest,Off-Peak,Road + Waterbus,1.8658,0.9329,2798.65,0.1119,road
15,1,nearest,Off-Peak,Full Multimodal,1.8658,0.9329,2798.65,0.1119,road
15,1,nearest,Peak,Road Only,4.6644,0.9329,2798.65,0.1119,road
15,1,nearest,Peak,Road + Metro,4.6644,0.9329,2798.65,0.1119,road
15,1,nearest,Peak,Road + Waterbus,4.6644,0.9329,2798.65,0.1119,road
15,1,nearest,Peak,Full Multimodal,4.6644,0.9329,2798.65,0.1119,road
15,1,centralized,Off-Peak,Central Road Only,1.8658,0.9329,2798.65,0.1119,road
15,1,centralized,Off-Peak,Central Road + Metro,1.8658,0.9329,2798.65,0.1119,road
15,1,centralized,Off-Peak,Central Road + Waterbus,1.8658,0.9329,2798.65,0.1119,road
15,1,centralized,Off-Peak,Central Full Multimodal,1.8658,0.9329,2798.65,0.1119,road
15,1,centralized,Peak,Central Road Only,4.6644,0.9329,2798.65,0.1119,road
15,1,centralized,Peak,Central Road + Metro,4.6644,0.9329,2798.65,0.1119,road
15,1,centralized,Peak,Central Road + Waterbus,4.6644,0.9329,2798.65,0.1119,road
15,1,centralized,Peak,Central Full Multimodal,4.6644,0.9329,2798.65,0.1119,road
16,2,nearest,Off-Peak,Road Only,1.282,0.641,1922.99,0.0769,road
16,2,nearest,Off-Peak,Road + Metro,1.282,0.641,1922.99,0.0769,road
16,2,nearest,Off-Peak,Road + Waterbus,1.282,0.641,1922.99,0.0769,road
16,2,nearest,Off-Peak,Full Multimodal,1.282,0.641,1922.99,0.0769,road
16,2,nearest,Peak,Road Only,3.205,0.641,1922.99,0.0769,road
16,2,nearest,Peak,Road + Metro,3.205,0.641,1922.99,0.0769,road
16,2,nearest,Peak,Road + Waterbus,3.205,0.641,1922.99,0.0769,road
16,2,nearest,Peak,Full Multimodal,3.205,0.641,1922.99,0.0769,road
16,1,centralized,Off-Peak,Central Road Only,3.0028,1.5014,4504.2,0.1802,road
16,1,centralized,Off-Peak,Central Road + Metro,3.0028,1.5014,4504.2,0.1802,road
16,1,centralized,Off-Peak,Central Road + Waterbus,3.0028,1.5014,4504.2,0.1802,road
16,1,centralized,Off-Peak,Central Full Multimodal,3.0028,1.5014,4504.2,0.1802,road
16,1,centralized,Peak,Central Road Only,7.507,1.5014,4504.2,0.1802,road
16,1,centralized,Peak,Central Road + Metro,7.507,1.5014,4504.2,0.1802,road
16,1,centralized,Peak,Central Road + Waterbus,7.507,1.5014,4504.2,0.1802,road
16,1,centralized,Peak,Central Full Multimodal,7.507,1.5014,4504.2,0.1802,road
17,1,nearest,Off-Peak,Road Only,0.8495,0.4247,1274.18,0.051,road
17,1,nearest,Off-Peak,Road + Metro,0.8495,0.4247,1274.18,0.051,road
17,1,nearest,Off-Peak,Road + Waterbus,0.8495,0.4247,1274.18,0.051,road
17,1,nearest,Off-Peak,Full Multimodal,0.8495,0.4247,1274.18,0.051,road
17,1,nearest,Peak,Road Only,2.1236,0.4247,1274.18,0.051,road
17,1,nearest,Peak,Road + Metro,2.1236,0.4247,1274.18,0.051,road
17,1,nearest,Peak,Road + Waterbus,2.1236,0.4247,1274.18,0.051,road
17,1,nearest,Peak,Full Multimodal,2.1236,0.4247,1274.18,0.051,road
17,1,centralized,Off-Peak,Central Road Only,0.8495,0.4247,1274.18,0.051,road
17,1,centralized,Off-Peak,Central Road + Metro,0.8495,0.4247,1274.18,0.051,road
17,1,centralized,Off-Peak,Central Road + Waterbus,0.8495,0.4247,1274.18,0.051,road
17,1,centralized,Off-Peak,Central Full Multimodal,0.8495,0.4247,1274.18,0.051,road
17,1,centralized,Peak,Central Road Only,2.1236,0.4247,1274.18,0.051,road
17,1,centralized,Peak,Central Road + Metro,2.1236,0.4247,1274.18,0.051,road
17,1,centralized,Peak,Central Road + Waterbus,2.1236,0.4247,1274.18,0.051,road
17,1,centralized,Peak,Central Full Multimodal,2.1236,0.4247,1274.18,0.051,road
18,1,nearest,Off-Peak,Road Only,2.3434,1.1717,3515.17,0.1406,road
18,1,nearest,Off-Peak,Road + Metro,2.3434,1.1717,3515.17,0.1406,road
18,1,nearest,Off-Peak,Road + Waterbus,2.3434,1.1717,3515.17,0.1406,road
18,1,nearest,Off-Peak,Full Multimodal,2.3434,1.1717,3515.17,0.1406,road
18,1,nearest,Peak,Road Only,5.8586,1.1717,3515.17,0.1406,road
18,1,nearest,Peak,Road + Metro,5.8586,1.1717,3515.17,0.1406,road
18,1,nearest,Peak,Road + Waterbus,5.8586,1.1717,3515.17,0.1406,road
18,1,nearest,Peak,Full Multimodal,5.8586,1.1717,3515.17,0.1406,road
18,1,centralized,Off-Peak,Central Road Only,2.3434,1.1717,3515.17,0.1406,road
18,1,centralized,Off-Peak,Central Road + Metro,2.3434,1.1717,3515.17,0.1406,road
18,1,centralized,Off-Peak,Central Road + Waterbus,2.3434,1.1717,3515.17,0.1406,road
18,1,centralized,Off-Peak,Central Full Multimodal,2.3434,1.1717,3515.17,0.1406,road
18,1,centralized,Peak,Central Road Only,5.8586,1.1717,3515.17,0.1406,road
18,1,centralized,Peak,Central Road + Metro,5.8586,1.1717,3515.17,0.1406,road
18,1,centralized,Peak,Central Road + Waterbus,5.8586,1.1717,3515.17,0.1406,road
18,1,centralized,Peak,Central Full Multimodal,5.8586,1.1717,3515.17,0.1406,road
19,2,nearest,Off-Peak,Road Only,1.9622,0.9811,2943.34,0.1177,road
19,2,nearest,Off-Peak,Road + Metro,1.9622,0.9811,2943.34,0.1177,road
19,2,nearest,Off-Peak,Road + Waterbus,1.9622,0.9811,2943.34,0.1177,road
19,2,nearest,Off-Peak,Full Multimodal,1.9622,0.9811,2943.34,0.1177,road
19,2,nearest,Peak,Road Only,4.9056,0.9811,2943.34,0.1177,road
19,2,nearest,Peak,Road + Metro,4.9056,0.9811,2943.34,0.1177,road
19,2,nearest,Peak,Road + Waterbus,4.9056,0.9811,2943.34,0.1177,road
19,2,nearest,Peak,Full Multimodal,4.9056,0.9811,2943.34,0.1177,road
19,1,centralized,Off-Peak,Central Road Only,1.6136,0.8068,2420.47,0.0968,road
19,1,centralized,Off-Peak,Central Road + Metro,1.6136,0.8068,2420.47,0.0968,road
19,1,centralized,Off-Peak,Central Road + Waterbus,1.6136,0.8068,2420.47,0.0968,road
19,1,centralized,Off-Peak,Central Full Multimodal,1.6136,0.8068,2420.47,0.0968,road
19,1,centralized,Peak,Central Road Only,4.0341,0.8068,2420.47,0.0968,road
19,1,centralized,Peak,Central Road + Metro,4.0341,0.8068,2420.47,0.0968,road
19,1,centralized,Peak,Central Road + Waterbus,4.0341,0.8068,2420.47,0.0968,road
19,1,centralized,Peak,Central Full Multimodal,4.0341,0.8068,2420.47,0.0968,road
20,1,nearest,Off-Peak,Road Only,1.7231,0.8615,2584.64,0.1034,road
20,1,nearest,Off-Peak,Road + Metro,1.7231,0.8615,2584.64,0.1034,road
20,1,nearest,Off-Peak,Road + Waterbus,1.7231,0.8615,2584.64,0.1034,road
20,1,nearest,Off-Peak,Full Multimodal,1.7231,0.8615,2584.64,0.1034,road
20,1,nearest,Peak,Road Only,4.3077,0.8615,2584.64,0.1034,road
20,1,nearest,Peak,Road + Metro,4.3077,0.8615,2584.64,0.1034,road
20,1,nearest,Peak,Road + Waterbus,4.3077,0.8615,2584.64,0.1034,road
20,1,nearest,Peak,Full Multimodal,4.3077,0.8615,2584.64,0.1034,road
20,1,centralized,Off-Peak,Central Road Only,1.7231,0.8615,2584.64,0.1034,road
20,1,centralized,Off-Peak,Central Road + Metro,1.7231,0.8615,2584.64,0.1034,road
20,1,centralized,Off-Peak,Central Road + Waterbus,1.7231,0.8615,2584.64,0.1034,road
20,1,centralized,Off-Peak,Central Full Multimodal,1.7231,0.8615,2584.64,0.1034,road
20,1,centralized,Peak,Central Road Only,4.3077,0.8615,2584.64,0.1034,road
20,1,centralized,Peak,Central Road + Metro,4.3077,0.8615,2584.64,0.1034,road
20,1,centralized,Peak,Central Road + Waterbus,4.3077,0.8615,2584.64,0.1034,road
20,1,centralized,Peak,Central Full Multimodal,4.3077,0.8615,2584.64,0.1034,road
21,2,nearest,Off-Peak,Road Only,2.1475,1.0738,3221.27,0.1289,road
21,2,nearest,Off-Peak,Road + Metro,2.1475,1.0738,3221.27,0.1289,road
21,2,nearest,Off-Peak,Road + Waterbus,2.1475,1.0738,3221.27,0.1289,road
21,2,nearest,Off-Peak,Full Multimodal,2.1475,1.0738,3221.27,0.1289,road
21,2,nearest,Peak,Road Only,5.3688,1.0738,3221.27,0.1289,road
21,2,nearest,Peak,Road + Metro,5.3688,1.0738,3221.27,0.1289,road
21,2,nearest,Peak,Road + Waterbus,5.3688,1.0738,3221.27,0.1289,road
21,2,nearest,Peak,Full Multimodal,5.3688,1.0738,3221.27,0.1289,road
21,1,centralized,Off-Peak,Central Road Only,3.5935,1.7968,5390.25,0.2156,road
21,1,centralized,Off-Peak,Central Road + Metro,3.5935,1.7968,5390.25,0.2156,road
21,1,centralized,Off-Peak,Central Road + Waterbus,3.5935,1.7968,5390.25,0.2156,road
21,1,centralized,Off-Peak,Central Full Multimodal,3.5935,1.7968,5390.25,0.2156,road
21,1,centralized,Peak,Central Road Only,8.9838,1.7968,5390.25,0.2156,road
21,1,centralized,Peak,Central Road + Metro,8.9838,1.7968,5390.25,0.2156,road
21,1,centralized,Peak,Central Road + Waterbus,8.9838,1.7968,5390.25,0.2156,road
21,1,centralized,Peak,Central Full Multimodal,8.9838,1.7968,5390.25,0.2156,road
22,2,nearest,Off-Peak,Road Only,1.0144,0.5072,1521.54,0.0609,road
22,2,nearest,Off-Peak,Road + Metro,1.0144,0.5072,1521.54,0.0609,road
22,2,nearest,Off-Peak,Road + Waterbus,1.0144,0.5072,1521.54,0.0609,road
22,2,nearest,Off-Peak,Full Multimodal,1.0144,0.5072,1521.54,0.0609,road
22,2,nearest,Peak,Road Only,2.5359,0.5072,1521.54,0.0609,road
22,2,nearest,Peak,Road + Metro,2.5359,0.5072,1521.54,0.0609,road
22,2,nearest,Peak,Road + Waterbus,2.5359,0.5072,1521.54,0.0609,road
22,2,nearest,Peak,Full Multimodal,2.5359,0.5072,1521.54,0.0609,road
22,1,centralized,Off-Peak,Central Road Only,2.7352,1.3676,4102.76,0.1641,road
22,1,centralized,Off-Peak,Central Road + Metro,2.7352,1.3676,4102.76,0.1641,road
22,1,centralized,Off-Peak,Central Road + Waterbus,2.7352,1.3676,4102.76,0.1641,road
22,1,centralized,Off-Peak,Central Full Multimodal,2.7352,1.3676,4102.76,0.1641,road
22,1,centralized,Peak,Central Road Only,6.8379,1.3676,4102.76,0.1641,road
22,1,centralized,Peak,Central Road + Metro,6.8379,1.3676,4102.76,0.1641,road
22,1,centralized,Peak,Central Road + Waterbus,6.8379,1.3676,4102.76,0.1641,road
22,1,centralized,Peak,Central Full Multimodal,6.8379,1.3676,4102.76,0.1641,road
23,1,nearest,Off-Peak,Road Only,2.1168,1.0584,3175.17,0.127,road
23,1,nearest,Off-Peak,Road + Metro,2.1168,1.0584,3175.17,0.127,road
23,1,nearest,Off-Peak,Road + Waterbus,2.1168,1.0584,3175.17,0.127,road
23,1,nearest,Off-Peak,Full Multimodal,2.1168,1.0584,3175.17,0.127,road
23,1,nearest,Peak,Road Only,5.292,1.0584,3175.17,0.127,road
23,1,nearest,Peak,Road + Metro,5.292,1.0584,3175.17,0.127,road
23,1,nearest,Peak,Road + Waterbus,5.292,1.0584,3175.17,0.127,road
23,1,nearest,Peak,Full Multimodal,5.292,1.0584,3175.17,0.127,road
23,1,centralized,Off-Peak,Central Road Only,2.1168,1.0584,3175.17,0.127,road
23,1,centralized,Off-Peak,Central Road + Metro,2.1168,1.0584,3175.17,0.127,road
23,1,centralized,Off-Peak,Central Road + Waterbus,2.1168,1.0584,3175.17,0.127,road
23,1,centralized,Off-Peak,Central Full Multimodal,2.1168,1.0584,3175.17,0.127,road
23,1,centralized,Peak,Central Road Only,5.292,1.0584,3175.17,0.127,road
23,1,centralized,Peak,Central Road + Metro,5.292,1.0584,3175.17,0.127,road
23,1,centralized,Peak,Central Road + Waterbus,5.292,1.0584,3175.17,0.127,road
23,1,centralized,Peak,Central Full Multimodal,5.292,1.0584,3175.17,0.127,road
24,1,nearest,Off-Peak,Road Only,1.146,0.573,1718.99,0.0688,road
24,1,nearest,Off-Peak,Road + Metro,1.146,0.573,1718.99,0.0688,road
24,1,nearest,Off-Peak,Road + Waterbus,1.146,0.573,1718.99,0.0688,road
24,1,nearest,Off-Peak,Full Multimodal,1.146,0.573,1718.99,0.0688,road
24,1,nearest,Peak,Road Only,2.865,0.573,1718.99,0.0688,road
24,1,nearest,Peak,Road + Metro,2.865,0.573,1718.99,0.0688,road
24,1,nearest,Peak,Road + Waterbus,2.865,0.573,1718.99,0.0688,road
24,1,nearest,Peak,Full Multimodal,2.865,0.573,1718.99,0.0688,road
24,1,centralized,Off-Peak,Central Road Only,1.146,0.573,1718.99,0.0688,road
24,1,centralized,Off-Peak,Central Road + Metro,1.146,0.573,1718.99,0.0688,road
24,1,centralized,Off-Peak,Central Road + Waterbus,1.146,0.573,1718.99,0.0688,road
24,1,centralized,Off-Peak,Central Full Multimodal,1.146,0.573,1718.99,0.0688,road
24,1,centralized,Peak,Central Road Only,2.865,0.573,1718.99,0.0688,road
24,1,centralized,Peak,Central Road + Metro,2.865,0.573,1718.99,0.0688,road
24,1,centralized,Peak,Central Road + Waterbus,2.865,0.573,1718.99,0.0688,road
24,1,centralized,Peak,Central Full Multimodal,2.865,0.573,1718.99,0.0688,road
25,1,nearest,Off-Peak,Road Only,1.0877,0.5438,1631.54,0.0653,road
25,1,nearest,Off-Peak,Road + Metro,1.0877,0.5438,1631.54,0.0653,road
25,1,nearest,Off-Peak,Road + Waterbus,1.0877,0.5438,1631.54,0.0653,road
25,1,nearest,Off-Peak,Full Multimodal,1.0877,0.5438,1631.54,0.0653,road
25,1,nearest,Peak,Road Only,2.7192,0.5438,1631.54,0.0653,road
25,1,nearest,Peak,Road + Metro,2.7192,0.5438,1631.54,0.0653,road
25,1,nearest,Peak,Road + Waterbus,2.7192,0.5438,1631.54,0.0653,road
25,1,nearest,Peak,Full Multimodal,2.7192,0.5438,1631.54,0.0653,road
25,1,centralized,Off-Peak,Central Road Only,1.0877,0.5438,1631.54,0.0653,road
25,1,centralized,Off-Peak,Central Road + Metro,1.0877,0.5438,1631.54,0.0653,road
25,1,centralized,Off-Peak,Central Road + Waterbus,1.0877,0.5438,1631.54,0.0653,road
25,1,centralized,Off-Peak,Central Full Multimodal,1.0877,0.5438,1631.54,0.0653,road
25,1,centralized,Peak,Central Road Only,2.7192,0.5438,1631.54,0.0653,road
25,1,centralized,Peak,Central Road + Metro,2.7192,0.5438,1631.54,0.0653,road
25,1,centralized,Peak,Central Road + Waterbus,2.7192,0.5438,1631.54,0.0653,road
25,1,centralized,Peak,Central Full Multimodal,2.7192,0.5438,1631.54,0.0653,road
26,2,nearest,Off-Peak,Road Only,0.2937,0.1469,440.59,0.0176,road
26,2,nearest,Off-Peak,Road + Metro,0.2937,0.1469,440.59,0.0176,road
26,2,nearest,Off-Peak,Road + Waterbus,0.2937,0.1469,440.59,0.0176,road
26,2,nearest,Off-Peak,Full Multimodal,0.2937,0.1469,440.59,0.0176,road
26,2,nearest,Peak,Road Only,0.7343,0.1469,440.59,0.0176,road
26,2,nearest,Peak,Road + Metro,0.7343,0.1469,440.59,0.0176,road
26,2,nearest,Peak,Road + Waterbus,0.7343,0.1469,440.59,0.0176,road
26,2,nearest,Peak,Full Multimodal,0.7343,0.1469,440.59,0.0176,road
26,1,centralized,Off-Peak,Central Road Only,2.0145,1.0073,3021.81,0.1209,road
26,1,centralized,Off-Peak,Central Road + Metro,2.0145,1.0073,3021.81,0.1209,road
26,1,centralized,Off-Peak,Central Road + Waterbus,2.0145,1.0073,3021.81,0.1209,road
26,1,centralized,Off-Peak,Central Full Multimodal,2.0145,1.0073,3021.81,0.1209,road
26,1,centralized,Peak,Central Road Only,5.0364,1.0073,3021.81,0.1209,road
26,1,centralized,Peak,Central Road + Metro,5.0364,1.0073,3021.81,0.1209,road
26,1,centralized,Peak,Central Road + Waterbus,5.0364,1.0073,3021.81,0.1209,road
26,1,centralized,Peak,Central Full Multimodal,5.0364,1.0073,3021.81,0.1209,road
27,1,nearest,Off-Peak,Road Only,2.0402,1.0201,3060.29,0.1224,road
27,1,nearest,Off-Peak,Road + Metro,2.0402,1.0201,3060.29,0.1224,road
27,1,nearest,Off-Peak,Road + Waterbus,2.0402,1.0201,3060.29,0.1224,road
27,1,nearest,Off-Peak,Full Multimodal,2.0402,1.0201,3060.29,0.1224,road
27,1,nearest,Peak,Road Only,5.1005,1.0201,3060.29,0.1224,road
27,1,nearest,Peak,Road + Metro,5.1005,1.0201,3060.29,0.1224,road
27,1,nearest,Peak,Road + Waterbus,5.1005,1.0201,3060.29,0.1224,road
27,1,nearest,Peak,Full Multimodal,5.1005,1.0201,3060.29,0.1224,road
27,1,centralized,Off-Peak,Central Road Only,2.0402,1.0201,3060.29,0.1224,road
27,1,centralized,Off-Peak,Central Road + Metro,2.0402,1.0201,3060.29,0.1224,road
27,1,centralized,Off-Peak,Central Road + Waterbus,2.0402,1.0201,3060.29,0.1224,road
27,1,centralized,Off-Peak,Central Full Multimodal,2.0402,1.0201,3060.29,0.1224,road
27,1,centralized,Peak,Central Road Only,5.1005,1.0201,3060.29,0.1224,road
27,1,centralized,Peak,Central Road + Metro,5.1005,1.0201,3060.29,0.1224,road
27,1,centralized,Peak,Central Road + Waterbus,5.1005,1.0201,3060.29,0.1224,road
27,1,centralized,Peak,Central Full Multimodal,5.1005,1.0201,3060.29,0.1224,road
28,1,nearest,Off-Peak,Road Only,2.5257,1.2629,3788.58,0.1515,road
28,1,nearest,Off-Peak,Road + Metro,2.5257,1.2629,3788.58,0.1515,road
28,1,nearest,Off-Peak,Road + Waterbus,2.5257,1.2629,3788.58,0.1515,road
28,1,nearest,Off-Peak,Full Multimodal,2.5257,1.2629,3788.58,0.1515,road
28,1,nearest,Peak,Road Only,6.3143,1.2629,3788.58,0.1515,road
28,1,nearest,Peak,Road + Metro,6.3143,1.2629,3788.58,0.1515,road
28,1,nearest,Peak,Road + Waterbus,6.3143,1.2629,3788.58,0.1515,road
28,1,nearest,Peak,Full Multimodal,6.3143,1.2629,3788.58,0.1515,road
28,1,centralized,Off-Peak,Central Road Only,2.5257,1.2629,3788.58,0.1515,road
28,1,centralized,Off-Peak,Central Road + Metro,2.5257,1.2629,3788.58,0.1515,road
28,1,centralized,Off-Peak,Central Road + Waterbus,2.5257,1.2629,3788.58,0.1515,road
28,1,centralized,Off-Peak,Central Full Multimodal,2.5257,1.2629,3788.58,0.1515,road
28,1,centralized,Peak,Central Road Only,6.3143,1.2629,3788.58,0.1515,road
28,1,centralized,Peak,Central Road + Metro,6.3143,1.2629,3788.58,0.1515,road
28,1,centralized,Peak,Central Road + Waterbus,6.3143,1.2629,3788.58,0.1515,road
28,1,centralized,Peak,Central Full Multimodal,6.3143,1.2629,3788.58,0.1515,road
29,1,nearest,Off-Peak,Road Only,1.0877,0.5438,1631.54,0.0653,road
29,1,nearest,Off-Peak,Road + Metro,1.0877,0.5438,1631.54,0.0653,road
29,1,nearest,Off-Peak,Road + Waterbus,1.0877,0.5438,1631.54,0.0653,road
29,1,nearest,Off-Peak,Full Multimodal,1.0877,0.5438,1631.54,0.0653,road
29,1,nearest,Peak,Road Only,2.7192,0.5438,1631.54,0.0653,road
29,1,nearest,Peak,Road + Metro,2.7192,0.5438,1631.54,0.0653,road
29,1,nearest,Peak,Road + Waterbus,2.7192,0.5438,1631.54,0.0653,road
29,1,nearest,Peak,Full Multimodal,2.7192,0.5438,1631.54,0.0653,road
29,1,centralized,Off-Peak,Central Road Only,1.0877,0.5438,1631.54,0.0653,road
29,1,centralized,Off-Peak,Central Road + Metro,1.0877,0.5438,1631.54,0.0653,road
29,1,centralized,Off-Peak,Central Road + Waterbus,1.0877,0.5438,1631.54,0.0653,road
29,1,centralized,Off-Peak,Central Full Multimodal,1.0877,0.5438,1631.54,0.0653,road
29,1,centralized,Peak,Central Road Only,2.7192,0.5438,1631.54,0.0653,road
29,1,centralized,Peak,Central Road + Metro,2.7192,0.5438,1631.54,0.0653,road
29,1,centralized,Peak,Central Road + Waterbus,2.7192,0.5438,1631.54,0.0653,road
29,1,centralized,Peak,Central Full Multimodal,2.7192,0.5438,1631.54,0.0653,road
30,2,nearest,Off-Peak,Road Only,1.6263,0.8131,2439.43,0.0976,road
30,2,nearest,Off-Peak,Road + Metro,1.6263,0.8131,2439.43,0.0976,road
30,2,nearest,Off-Peak,Road + Waterbus,1.6263,0.8131,2439.43,0.0976,road
30,2,nearest,Off-Peak,Full Multimodal,1.6263,0.8131,2439.43,0.0976,road
30,2,nearest,Peak,Road Only,4.0657,0.8131,2439.43,0.0976,road
30,2,nearest,Peak,Road + Metro,4.0657,0.8131,2439.43,0.0976,road
30,2,nearest,Peak,Road + Waterbus,4.0657,0.8131,2439.43,0.0976,road
30,2,nearest,Peak,Full Multimodal,4.0657,0.8131,2439.43,0.0976,road
30,1,centralized,Off-Peak,Central Road Only,1.3212,0.6606,1981.74,0.0793,road
30,1,centralized,Off-Peak,Central Road + Metro,1.3212,0.6606,1981.74,0.0793,road
30,1,centralized,Off-Peak,Central Road + Waterbus,1.3212,0.6606,1981.74,0.0793,road
30,1,centralized,Off-Peak,Central Full Multimodal,1.3212,0.6606,1981.74,0.0793,road
30,1,centralized,Peak,Central Road Only,3.3029,0.6606,1981.74,0.0793,road
30,1,centralized,Peak,Central Road + Metro,3.3029,0.6606,1981.74,0.0793,road
30,1,centralized,Peak,Central Road + Waterbus,3.3029,0.6606,1981.74,0.0793,road
30,1,centralized,Peak,Central Full Multimodal,3.3029,0.6606,1981.74,0.0793,road
31,1,nearest,Off-Peak,Road Only,0.8225,0.4112,1233.74,0.0493,road
31,1,nearest,Off-Peak,Road + Metro,0.8225,0.4112,1233.74,0.0493,road
31,1,nearest,Off-Peak,Road + Waterbus,0.8225,0.4112,1233.74,0.0493,road
31,1,nearest,Off-Peak,Full Multimodal,0.8225,0.4112,1233.74,0.0493,road
31,1,nearest,Peak,Road Only,2.0562,0.4112,1233.74,0.0493,road
31,1,nearest,Peak,Road + Metro,2.0562,0.4112,1233.74,0.0493,road
31,1,nearest,Peak,Road + Waterbus,2.0562,0.4112,1233.74,0.0493,road
31,1,nearest,Peak,Full Multimodal,2.0562,0.4112,1233.74,0.0493,road
31,1,centralized,Off-Peak,Central Road Only,0.8225,0.4112,1233.74,0.0493,road
31,1,centralized,Off-Peak,Central Road + Metro,0.8225,0.4112,1233.74,0.0493,road
31,1,centralized,Off-Peak,Central Road + Waterbus,0.8225,0.4112,1233.74,0.0493,road
31,1,centralized,Off-Peak,Central Full Multimodal,0.8225,0.4112,1233.74,0.0493,road
31,1,centralized,Peak,Central Road Only,2.0562,0.4112,1233.74,0.0493,road
31,1,centralized,Peak,Central Road + Metro,2.0562,0.4112,1233.74,0.0493,road
31,1,centralized,Peak,Central Road + Waterbus,2.0562,0.4112,1233.74,0.0493,road
31,1,centralized,Peak,Central Full Multimodal,2.0562,0.4112,1233.74,0.0493,road
32,2,nearest,Off-Peak,Road Only,2.3897,1.1949,3584.6,0.1434,road
32,2,nearest,Off-Peak,Road + Metro,2.3897,1.1949,3584.6,0.1434,road
32,2,nearest,Off-Peak,Road + Waterbus,2.3897,1.1949,3584.6,0.1434,road
32,2,nearest,Off-Peak,Full Multimodal,2.3897,1.1949,3584.6,0.1434,road
32,2,nearest,Peak,Road Only,5.9743,1.1949,3584.6,0.1434,road
32,2,nearest,Peak,Road + Metro,5.9743,1.1949,3584.6,0.1434,road
32,2,nearest,Peak,Road + Waterbus,5.9743,1.1949,3584.6,0.1434,road
32,2,nearest,Peak,Full Multimodal,5.9743,1.1949,3584.6,0.1434,road
32,1,centralized,Off-Peak,Central Road Only,3.8357,1.9179,5753.58,0.2301,road
32,1,centralized,Off-Peak,Central Road + Metro,3.8357,1.9179,5753.58,0.2301,road
32,1,centralized,Off-Peak,Central Road + Waterbus,3.8357,1.9179,5753.58,0.2301,road
32,1,centralized,Off-Peak,Central Full Multimodal,3.8357,1.9179,5753.58,0.2301,road
32,1,centralized,Peak,Central Road Only,9.5893,1.9179,5753.58,0.2301,road
32,1,centralized,Peak,Central Road + Metro,9.5893,1.9179,5753.58,0.2301,road
32,1,centralized,Peak,Central Road + Waterbus,9.5893,1.9179,5753.58,0.2301,road
32,1,centralized,Peak,Central Full Multimodal,9.5893,1.9179,5753.58,0.2301,road
33,1,nearest,Off-Peak,Road Only,1.9641,0.982,2946.12,0.1178,road
33,1,nearest,Off-Peak,Road + Metro,1.9641,0.982,2946.12,0.1178,road
33,1,nearest,Off-Peak,Road + Waterbus,1.9641,0.982,2946.12,0.1178,road
33,1,nearest,Off-Peak,Full Multimodal,1.9641,0.982,2946.12,0.1178,road
33,1,nearest,Peak,Road Only,4.9102,0.982,2946.12,0.1178,road
33,1,nearest,Peak,Road + Metro,4.9102,0.982,2946.12,0.1178,road
33,1,nearest,Peak,Road + Waterbus,4.9102,0.982,2946.12,0.1178,road
33,1,nearest,Peak,Full Multimodal,4.9102,0.982,2946.12,0.1178,road
33,1,centralized,Off-Peak,Central Road Only,1.9641,0.982,2946.12,0.1178,road
33,1,centralized,Off-Peak,Central Road + Metro,1.9641,0.982,2946.12,0.1178,road
33,1,centralized,Off-Peak,Central Road + Waterbus,1.9641,0.982,2946.12,0.1178,road
33,1,centralized,Off-Peak,Central Full Multimodal,1.9641,0.982,2946.12,0.1178,road
33,1,centralized,Peak,Central Road Only,4.9102,0.982,2946.12,0.1178,road
33,1,centralized,Peak,Central Road + Metro,4.9102,0.982,2946.12,0.1178,road
33,1,centralized,Peak,Central Road + Waterbus,4.9102,0.982,2946.12,0.1178,road
33,1,centralized,Peak,Central Full Multimodal,4.9102,0.982,2946.12,0.1178,road
34,1,nearest,Off-Peak,Road Only,0.9054,0.4527,1358.08,0.0543,road
34,1,nearest,Off-Peak,Road + Metro,0.9054,0.4527,1358.08,0.0543,road
34,1,nearest,Off-Peak,Road + Waterbus,0.9054,0.4527,1358.08,0.0543,road
34,1,nearest,Off-Peak,Full Multimodal,0.9054,0.4527,1358.08,0.0543,road
34,1,nearest,Peak,Road Only,2.2635,0.4527,1358.08,0.0543,road
34,1,nearest,Peak,Road + Metro,2.2635,0.4527,1358.08,0.0543,road
34,1,nearest,Peak,Road + Waterbus,2.2635,0.4527,1358.08,0.0543,road
34,1,nearest,Peak,Full Multimodal,2.2635,0.4527,1358.08,0.0543,road
34,1,centralized,Off-Peak,Central Road Only,0.9054,0.4527,1358.08,0.0543,road
34,1,centralized,Off-Peak,Central Road + Metro,0.9054,0.4527,1358.08,0.0543,road
34,1,centralized,Off-Peak,Central Road + Waterbus,0.9054,0.4527,1358.08,0.0543,road
34,1,centralized,Off-Peak,Central Full Multimodal,0.9054,0.4527,1358.08,0.0543,road
34,1,centralized,Peak,Central Road Only,2.2635,0.4527,1358.08,0.0543,road
34,1,centralized,Peak,Central Road + Metro,2.2635,0.4527,1358.08,0.0543,road
34,1,centralized,Peak,Central Road + Waterbus,2.2635,0.4527,1358.08,0.0543,road
34,1,centralized,Peak,Central Full Multimodal,2.2635,0.4527,1358.08,0.0543,road
35,2,nearest,Off-Peak,Road Only,1.0157,0.5078,1523.5,0.0609,road
35,2,nearest,Off-Peak,Road + Metro,1.0157,0.5078,1523.5,0.0609,road
35,2,nearest,Off-Peak,Road + Waterbus,1.0157,0.5078,1523.5,0.0609,road
35,2,nearest,Off-Peak,Full Multimodal,1.0157,0.5078,1523.5,0.0609,road
35,2,nearest,Peak,Road Only,2.5392,0.5078,1523.5,0.0609,road
35,2,nearest,Peak,Road + Metro,2.5392,0.5078,1523.5,0.0609,road
35,2,nearest,Peak,Road + Waterbus,2.5392,0.5078,1523.5,0.0609,road
35,2,nearest,Peak,Full Multimodal,2.5392,0.5078,1523.5,0.0609,road
35,1,centralized,Off-Peak,Central Road Only,2.4617,1.2308,3692.48,0.1477,road
35,1,centralized,Off-Peak,Central Road + Metro,2.4617,1.2308,3692.48,0.1477,road
35,1,centralized,Off-Peak,Central Road + Waterbus,2.4617,1.2308,3692.48,0.1477,road
35,1,centralized,Off-Peak,Central Full Multimodal,2.4617,1.2308,3692.48,0.1477,road
35,1,centralized,Peak,Central Road Only,6.1541,1.2308,3692.48,0.1477,road
35,1,centralized,Peak,Central Road + Metro,6.1541,1.2308,3692.48,0.1477,road
35,1,centralized,Peak,Central Road + Waterbus,6.1541,1.2308,3692.48,0.1477,road
35,1,centralized,Peak,Central Full Multimodal,6.1541,1.2308,3692.48,0.1477,road
36,1,nearest,Off-Peak,Road Only,1.5553,0.7776,2332.88,0.0933,road
36,1,nearest,Off-Peak,Road + Metro,1.5553,0.7776,2332.88,0.0933,road
36,1,nearest,Off-Peak,Road + Waterbus,1.5553,0.7776,2332.88,0.0933,road
36,1,nearest,Off-Peak,Full Multimodal,1.5553,0.7776,2332.88,0.0933,road
36,1,nearest,Peak,Road Only,3.8881,0.7776,2332.88,0.0933,road
36,1,nearest,Peak,Road + Metro,3.8881,0.7776,2332.88,0.0933,road
36,1,nearest,Peak,Road + Waterbus,3.8881,0.7776,2332.88,0.0933,road
36,1,nearest,Peak,Full Multimodal,3.8881,0.7776,2332.88,0.0933,road
36,1,centralized,Off-Peak,Central Road Only,1.5553,0.7776,2332.88,0.0933,road
36,1,centralized,Off-Peak,Central Road + Metro,1.5553,0.7776,2332.88,0.0933,road
36,1,centralized,Off-Peak,Central Road + Waterbus,1.5553,0.7776,2332.88,0.0933,road
36,1,centralized,Off-Peak,Central Full Multimodal,1.5553,0.7776,2332.88,0.0933,road
36,1,centralized,Peak,Central Road Only,3.8881,0.7776,2332.88,0.0933,road
36,1,centralized,Peak,Central Road + Metro,3.8881,0.7776,2332.88,0.0933,road
36,1,centralized,Peak,Central Road + Waterbus,3.8881,0.7776,2332.88,0.0933,road
36,1,centralized,Peak,Central Full Multimodal,3.8881,0.7776,2332.88,0.0933,road
37,2,nearest,Off-Peak,Road Only,1.1991,0.5996,1798.69,0.0719,road
37,2,nearest,Off-Peak,Road + Metro,1.1991,0.5996,1798.69,0.0719,road
37,2,nearest,Off-Peak,Road + Waterbus,1.1991,0.5996,1798.69,0.0719,road
37,2,nearest,Off-Peak,Full Multimodal,1.1991,0.5996,1798.69,0.0719,road
37,2,nearest,Peak,Road Only,2.9978,0.5996,1798.69,0.0719,road
37,2,nearest,Peak,Road + Metro,2.9978,0.5996,1798.69,0.0719,road
37,2,nearest,Peak,Road + Waterbus,2.9978,0.5996,1798.69,0.0719,road
37,2,nearest,Peak,Full Multimodal,2.9978,0.5996,1798.69,0.0719,road
37,1,centralized,Off-Peak,Central Road Only,2.9199,1.46,4379.9,0.1752,road
37,1,centralized,Off-Peak,Central Road + Metro,2.9199,1.46,4379.9,0.1752,road
37,1,centralized,Off-Peak,Central Road + Waterbus,2.9199,1.46,4379.9,0.1752,road
37,1,centralized,Off-Peak,Central Full Multimodal,2.9199,1.46,4379.9,0.1752,road
37,1,centralized,Peak,Central Road Only,7.2998,1.46,4379.9,0.1752,road
37,1,centralized,Peak,Central Road + Metro,7.2998,1.46,4379.9,0.1752,road
37,1,centralized,Peak,Central Road + Waterbus,7.2998,1.46,4379.9,0.1752,road
37,1,centralized,Peak,Central Full Multimodal,7.2998,1.46,4379.9,0.1752,road
39,1,nearest,Off-Peak,Road Only,2.0402,1.0201,3060.29,0.1224,road
39,1,nearest,Off-Peak,Road + Metro,2.0402,1.0201,3060.29,0.1224,road
39,1,nearest,Off-Peak,Road + Waterbus,2.0402,1.0201,3060.29,0.1224,road
39,1,nearest,Off-Peak,Full Multimodal,2.0402,1.0201,3060.29,0.1224,road
39,1,nearest,Peak,Road Only,5.1005,1.0201,3060.29,0.1224,road
39,1,nearest,Peak,Road + Metro,5.1005,1.0201,3060.29,0.1224,road
39,1,nearest,Peak,Road + Waterbus,5.1005,1.0201,3060.29,0.1224,road
39,1,nearest,Peak,Full Multimodal,5.1005,1.0201,3060.29,0.1224,road
39,1,centralized,Off-Peak,Central Road Only,2.0402,1.0201,3060.29,0.1224,road
39,1,centralized,Off-Peak,Central Road + Metro,2.0402,1.0201,3060.29,0.1224,road
39,1,centralized,Off-Peak,Central Road + Waterbus,2.0402,1.0201,3060.29,0.1224,road
39,1,centralized,Off-Peak,Central Full Multimodal,2.0402,1.0201,3060.29,0.1224,road
39,1,centralized,Peak,Central Road Only,5.1005,1.0201,3060.29,0.1224,road
39,1,centralized,Peak,Central Road + Metro,5.1005,1.0201,3060.29,0.1224,road
39,1,centralized,Peak,Central Road + Waterbus,5.1005,1.0201,3060.29,0.1224,road
39,1,centralized,Peak,Central Full Multimodal,5.1005,1.0201,3060.29,0.1224,road
40,2,nearest,Off-Peak,Road Only,0.0449,0.0224,67.32,0.0027,road
40,2,nearest,Off-Peak,Road + Metro,0.0449,0.0224,67.32,0.0027,road
40,2,nearest,Off-Peak,Road + Waterbus,0.0449,0.0224,67.32,0.0027,road
40,2,nearest,Off-Peak,Full Multimodal,0.0449,0.0224,67.32,0.0027,road
40,2,nearest,Peak,Road Only,0.1122,0.0224,67.32,0.0027,road
40,2,nearest,Peak,Road + Metro,0.1122,0.0224,67.32,0.0027,road
40,2,nearest,Peak,Road + Waterbus,0.1122,0.0224,67.32,0.0027,road
40,2,nearest,Peak,Full Multimodal,0.1122,0.0224,67.32,0.0027,road
40,1,centralized,Off-Peak,Central Road Only,1.7657,0.8828,2648.54,0.1059,road
40,1,centralized,Off-Peak,Central Road + Metro,1.7657,0.8828,2648.54,0.1059,road
40,1,centralized,Off-Peak,Central Road + Waterbus,1.7657,0.8828,2648.54,0.1059,road
40,1,centralized,Off-Peak,Central Full Multimodal,1.7657,0.8828,2648.54,0.1059,road
40,1,centralized,Peak,Central Road Only,4.4142,0.8828,2648.54,0.1059,road
40,1,centralized,Peak,Central Road + Metro,4.4142,0.8828,2648.54,0.1059,road
40,1,centralized,Peak,Central Road + Waterbus,4.4142,0.8828,2648.54,0.1059,road
40,1,centralized,Peak,Central Full Multimodal,4.4142,0.8828,2648.54,0.1059,road
41,1,nearest,Off-Peak,Road Only,2.9466,1.4733,4419.86,0.1768,road
41,1,nearest,Off-Peak,Road + Metro,2.9466,1.4733,4419.86,0.1768,road
41,1,nearest,Off-Peak,Road + Waterbus,2.9466,1.4733,4419.86,0.1768,road
41,1,nearest,Off-Peak,Full Multimodal,2.9466,1.4733,4419.86,0.1768,road
41,1,nearest,Peak,Road Only,7.3664,1.4733,4419.86,0.1768,road
41,1,nearest,Peak,Road + Metro,7.3664,1.4733,4419.86,0.1768,road
41,1,nearest,Peak,Road + Waterbus,7.3664,1.4733,4419.86,0.1768,road
41,1,nearest,Peak,Full Multimodal,7.3664,1.4733,4419.86,0.1768,road
41,1,centralized,Off-Peak,Central Road Only,2.9466,1.4733,4419.86,0.1768,road
41,1,centralized,Off-Peak,Central Road + Metro,2.9466,1.4733,4419.86,0.1768,road
41,1,centralized,Off-Peak,Central Road + Waterbus,2.9466,1.4733,4419.86,0.1768,road
41,1,centralized,Off-Peak,Central Full Multimodal,2.9466,1.4733,4419.86,0.1768,road
41,1,centralized,Peak,Central Road Only,7.3664,1.4733,4419.86,0.1768,road
41,1,centralized,Peak,Central Road + Metro,7.3664,1.4733,4419.86,0.1768,road
41,1,centralized,Peak,Central Road + Waterbus,7.3664,1.4733,4419.86,0.1768,road
41,1,centralized,Peak,Central Full Multimodal,7.3664,1.4733,4419.86,0.1768,road
42,2,nearest,Off-Peak,Road Only,0.1862,0.0931,279.32,0.0112,road
42,2,nearest,Off-Peak,Road + Metro,0.1862,0.0931,279.32,0.0112,road
42,2,nearest,Off-Peak,Road + Waterbus,0.1862,0.0931,279.32,0.0112,road
42,2,nearest,Off-Peak,Full Multimodal,0.1862,0.0931,279.32,0.0112,road
42,2,nearest,Peak,Road Only,0.4655,0.0931,279.32,0.0112,road
42,2,nearest,Peak,Road + Metro,0.4655,0.0931,279.32,0.0112,road
42,2,nearest,Peak,Road + Waterbus,0.4655,0.0931,279.32,0.0112,road
42,2,nearest,Peak,Full Multimodal,0.4655,0.0931,279.32,0.0112,road
42,1,centralized,Off-Peak,Central Road Only,1.907,0.9535,2860.53,0.1144,road
42,1,centralized,Off-Peak,Central Road + Metro,1.907,0.9535,2860.53,0.1144,road
42,1,centralized,Off-Peak,Central Road + Waterbus,1.907,0.9535,2860.53,0.1144,road
42,1,centralized,Off-Peak,Central Full Multimodal,1.907,0.9535,2860.53,0.1144,road
42,1,centralized,Peak,Central Road Only,4.7676,0.9535,2860.53,0.1144,road
42,1,centralized,Peak,Central Road + Metro,4.7676,0.9535,2860.53,0.1144,road
42,1,centralized,Peak,Central Road + Waterbus,4.7676,0.9535,2860.53,0.1144,road
42,1,centralized,Peak,Central Full Multimodal,4.7676,0.9535,2860.53,0.1144,road
43,2,nearest,Off-Peak,Road Only,0.9363,0.4682,1404.48,0.0562,road
43,2,nearest,Off-Peak,Road + Metro,0.9363,0.4682,1404.48,0.0562,road
43,2,nearest,Off-Peak,Road + Waterbus,0.9363,0.4682,1404.48,0.0562,road
43,2,nearest,Off-Peak,Full Multimodal,0.9363,0.4682,1404.48,0.0562,road
43,2,nearest,Peak,Road Only,2.3408,0.4682,1404.48,0.0562,road
43,2,nearest,Peak,Road + Metro,2.3408,0.4682,1404.48,0.0562,road
43,2,nearest,Peak,Road + Waterbus,2.3408,0.4682,1404.48,0.0562,road
43,2,nearest,Peak,Full Multimodal,2.3408,0.4682,1404.48,0.0562,road
43,1,centralized,Off-Peak,Central Road Only,2.6571,1.3286,3985.7,0.1594,road
43,1,centralized,Off-Peak,Central Road + Metro,2.6571,1.3286,3985.7,0.1594,road
43,1,centralized,Off-Peak,Central Road + Waterbus,2.6571,1.3286,3985.7,0.1594,road
43,1,centralized,Off-Peak,Central Full Multimodal,2.6571,1.3286,3985.7,0.1594,road
43,1,centralized,Peak,Central Road Only,6.6428,1.3286,3985.7,0.1594,road
43,1,centralized,Peak,Central Road + Metro,6.6428,1.3286,3985.7,0.1594,road
43,1,centralized,Peak,Central Road + Waterbus,6.6428,1.3286,3985.7,0.1594,road
43,1,centralized,Peak,Central Full Multimodal,6.6428,1.3286,3985.7,0.1594,road
44,1,nearest,Off-Peak,Road Only,1.1124,0.5562,1668.55,0.0667,road
44,1,nearest,Off-Peak,Road + Metro,1.1124,0.5562,1668.55,0.0667,road
44,1,nearest,Off-Peak,Road + Waterbus,1.1124,0.5562,1668.55,0.0667,road
44,1,nearest,Off-Peak,Full Multimodal,1.1124,0.5562,1668.55,0.0667,road
44,1,nearest,Peak,Road Only,2.7809,0.5562,1668.55,0.0667,road
44,1,nearest,Peak,Road + Metro,2.7809,0.5562,1668.55,0.0667,road
44,1,nearest,Peak,Road + Waterbus,2.7809,0.5562,1668.55,0.0667,road
44,1,nearest,Peak,Full Multimodal,2.7809,0.5562,1668.55,0.0667,road
44,1,centralized,Off-Peak,Central Road Only,1.1124,0.5562,1668.55,0.0667,road
44,1,centralized,Off-Peak,Central Road + Metro,1.1124,0.5562,1668.55,0.0667,road
44,1,centralized,Off-Peak,Central Road + Waterbus,1.1124,0.5562,1668.55,0.0667,road
44,1,centralized,Off-Peak,Central Full Multimodal,1.1124,0.5562,1668.55,0.0667,road
44,1,centralized,Peak,Central Road Only,2.7809,0.5562,1668.55,0.0667,road
44,1,centralized,Peak,Central Road + Metro,2.7809,0.5562,1668.55,0.0667,road
44,1,centralized,Peak,Central Road + Waterbus,2.7809,0.5562,1668.55,0.0667,road
44,1,centralized,Peak,Central Full Multimodal,2.7809,0.5562,1668.55,0.0667,road
45,1,nearest,Off-Peak,Road Only,1.7829,0.8915,2674.39,0.107,road
45,1,nearest,Off-Peak,Road + Metro,1.7829,0.8915,2674.39,0.107,road
45,1,nearest,Off-Peak,Road + Waterbus,1.7829,0.8915,2674.39,0.107,road
45,1,nearest,Off-Peak,Full Multimodal,1.7829,0.8915,2674.39,0.107,road
45,1,nearest,Peak,Road Only,4.4573,0.8915,2674.39,0.107,road
45,1,nearest,Peak,Road + Metro,4.4573,0.8915,2674.39,0.107,road
45,1,nearest,Peak,Road + Waterbus,4.4573,0.8915,2674.39,0.107,road
45,1,nearest,Peak,Full Multimodal,4.4573,0.8915,2674.39,0.107,road
45,1,centralized,Off-Peak,Central Road Only,1.7829,0.8915,2674.39,0.107,road
45,1,centralized,Off-Peak,Central Road + Metro,1.7829,0.8915,2674.39,0.107,road
45,1,centralized,Off-Peak,Central Road + Waterbus,1.7829,0.8915,2674.39,0.107,road
45,1,centralized,Off-Peak,Central Full Multimodal,1.7829,0.8915,2674.39,0.107,road
45,1,centralized,Peak,Central Road Only,4.4573,0.8915,2674.39,0.107,road
45,1,centralized,Peak,Central Road + Metro,4.4573,0.8915,2674.39,0.107,road
45,1,centralized,Peak,Central Road + Waterbus,4.4573,0.8915,2674.39,0.107,road
45,1,centralized,Peak,Central Full Multimodal,4.4573,0.8915,2674.39,0.107,road
46,1,nearest,Off-Peak,Road Only,1.2679,0.634,1901.91,0.0761,road
46,1,nearest,Off-Peak,Road + Metro,1.2679,0.634,1901.91,0.0761,road
46,1,nearest,Off-Peak,Road + Waterbus,1.2679,0.634,1901.91,0.0761,road
46,1,nearest,Off-Peak,Full Multimodal,1.2679,0.634,1901.91,0.0761,road
46,1,nearest,Peak,Road Only,3.1698,0.634,1901.91,0.0761,road
46,1,nearest,Peak,Road + Metro,3.1698,0.634,1901.91,0.0761,road
46,1,nearest,Peak,Road + Waterbus,3.1698,0.634,1901.91,0.0761,road
46,1,nearest,Peak,Full Multimodal,3.1698,0.634,1901.91,0.0761,road
46,1,centralized,Off-Peak,Central Road Only,1.2679,0.634,1901.91,0.0761,road
46,1,centralized,Off-Peak,Central Road + Metro,1.2679,0.634,1901.91,0.0761,road
46,1,centralized,Off-Peak,Central Road + Waterbus,1.2679,0.634,1901.91,0.0761,road
46,1,centralized,Off-Peak,Central Full Multimodal,1.2679,0.634,1901.91,0.0761,road
46,1,centralized,Peak,Central Road Only,3.1698,0.634,1901.91,0.0761,road
46,1,centralized,Peak,Central Road + Metro,3.1698,0.634,1901.91,0.0761,road
46,1,centralized,Peak,Central Road + Waterbus,3.1698,0.634,1901.91,0.0761,road
46,1,centralized,Peak,Central Full Multimodal,3.1698,0.634,1901.91,0.0761,road
47,2,nearest,Off-Peak,Road Only,1.6025,0.8013,2403.77,0.0962,road
47,2,nearest,Off-Peak,Road + Metro,1.6025,0.8013,2403.77,0.0962,road
47,2,nearest,Off-Peak,Road + Waterbus,1.6025,0.8013,2403.77,0.0962,road
47,2,nearest,Off-Peak,Full Multimodal,1.6025,0.8013,2403.77,0.0962,road
47,2,nearest,Peak,Road Only,4.0063,0.8013,2403.77,0.0962,road
47,2,nearest,Peak,Road + Metro,4.0063,0.8013,2403.77,0.0962,road
47,2,nearest,Peak,Road + Waterbus,4.0063,0.8013,2403.77,0.0962,road
47,2,nearest,Peak,Full Multimodal,4.0063,0.8013,2403.77,0.0962,road
47,1,centralized,Off-Peak,Central Road Only,1.9515,0.9757,2927.22,0.1171,road
47,1,centralized,Off-Peak,Central Road + Metro,1.9515,0.9757,2927.22,0.1171,road
47,1,centralized,Off-Peak,Central Road + Waterbus,1.9515,0.9757,2927.22,0.1171,road
47,1,centralized,Off-Peak,Central Full Multimodal,1.9515,0.9757,2927.22,0.1171,road
47,1,centralized,Peak,Central Road Only,4.8787,0.9757,2927.22,0.1171,road
47,1,centralized,Peak,Central Road + Metro,4.8787,0.9757,2927.22,0.1171,road
47,1,centralized,Peak,Central Road + Waterbus,4.8787,0.9757,2927.22,0.1171,road
47,1,centralized,Peak,Central Full Multimodal,4.8787,0.9757,2927.22,0.1171,road
49,2,nearest,Off-Peak,Road Only,2.0603,1.0302,3090.52,0.1236,road
49,2,nearest,Off-Peak,Road + Metro,2.0603,1.0302,3090.52,0.1236,road
49,2,nearest,Off-Peak,Road + Waterbus,2.0603,1.0302,3090.52,0.1236,road
49,2,nearest,Off-Peak,Full Multimodal,2.0603,1.0302,3090.52,0.1236,road
49,2,nearest,Peak,Road Only,5.1509,1.0302,3090.52,0.1236,road
49,2,nearest,Peak,Road + Metro,5.1509,1.0302,3090.52,0.1236,road
49,2,nearest,Peak,Road + Waterbus,5.1509,1.0302,3090.52,0.1236,road
49,2,nearest,Peak,Full Multimodal,5.1509,1.0302,3090.52,0.1236,road
49,1,centralized,Off-Peak,Central Road Only,2.3434,1.1717,3515.17,0.1406,road
49,1,centralized,Off-Peak,Central Road + Metro,2.3434,1.1717,3515.17,0.1406,road
49,1,centralized,Off-Peak,Central Road + Waterbus,2.3434,1.1717,3515.17,0.1406,road
49,1,centralized,Off-Peak,Central Full Multimodal,2.3434,1.1717,3515.17,0.1406,road
49,1,centralized,Peak,Central Road Only,5.8586,1.1717,3515.17,0.1406,road
49,1,centralized,Peak,Central Road + Metro,5.8586,1.1717,3515.17,0.1406,road
49,1,centralized,Peak,Central Road + Waterbus,5.8586,1.1717,3515.17,0.1406,road
49,1,centralized,Peak,Central Full Multimodal,5.8586,1.1717,3515.17,0.1406,road
50,1,nearest,Off-Peak,Road Only,1.7037,0.8519,2555.59,0.1022,road
50,1,nearest,Off-Peak,Road + Metro,1.7037,0.8519,2555.59,0.1022,road
50,1,nearest,Off-Peak,Road + Waterbus,1.7037,0.8519,2555.59,0.1022,road
50,1,nearest,Off-Peak,Full Multimodal,1.7037,0.8519,2555.59,0.1022,road
50,1,nearest,Peak,Road Only,4.2593,0.8519,2555.59,0.1022,road
50,1,nearest,Peak,Road + Metro,4.2593,0.8519,2555.59,0.1022,road
50,1,nearest,Peak,Road + Waterbus,4.2593,0.8519,2555.59,0.1022,road
50,1,nearest,Peak,Full Multimodal,4.2593,0.8519,2555.59,0.1022,road
50,1,centralized,Off-Peak,Central Road Only,1.7037,0.8519,2555.59,0.1022,road
50,1,centralized,Off-Peak,Central Road + Metro,1.7037,0.8519,2555.59,0.1022,road
50,1,centralized,Off-Peak,Central Road + Waterbus,1.7037,0.8519,2555.59,0.1022,road
50,1,centralized,Off-Peak,Central Full Multimodal,1.7037,0.8519,2555.59,0.1022,road
50,1,centralized,Peak,Central Road Only,4.2593,0.8519,2555.59,0.1022,road
50,1,centralized,Peak,Central Road + Metro,4.2593,0.8519,2555.59,0.1022,road
50,1,centralized,Peak,Central Road + Waterbus,4.2593,0.8519,2555.59,0.1022,road
50,1,centralized,Peak,Central Full Multimodal,4.2593,0.8519,2555.59,0.1022,road
51,1,nearest,Off-Peak,Road Only,1.6637,0.8318,2495.54,0.0998,road
51,1,nearest,Off-Peak,Road + Metro,1.6637,0.8318,2495.54,0.0998,road
51,1,nearest,Off-Peak,Road + Waterbus,1.6637,0.8318,2495.54,0.0998,road
51,1,nearest,Off-Peak,Full Multimodal,1.6637,0.8318,2495.54,0.0998,road
51,1,nearest,Peak,Road Only,4.1592,0.8318,2495.54,0.0998,road
51,1,nearest,Peak,Road + Metro,4.1592,0.8318,2495.54,0.0998,road
51,1,nearest,Peak,Road + Waterbus,4.1592,0.8318,2495.54,0.0998,road
51,1,nearest,Peak,Full Multimodal,4.1592,0.8318,2495.54,0.0998,road
51,1,centralized,Off-Peak,Central Road Only,1.6637,0.8318,2495.54,0.0998,road
51,1,centralized,Off-Peak,Central Road + Metro,1.6637,0.8318,2495.54,0.0998,road
51,1,centralized,Off-Peak,Central Road + Waterbus,1.6637,0.8318,2495.54,0.0998,road
51,1,centralized,Off-Peak,Central Full Multimodal,1.6637,0.8318,2495.54,0.0998,road
51,1,centralized,Peak,Central Road Only,4.1592,0.8318,2495.54,0.0998,road
51,1,centralized,Peak,Central Road + Metro,4.1592,0.8318,2495.54,0.0998,road
51,1,centralized,Peak,Central Road + Waterbus,4.1592,0.8318,2495.54,0.0998,road
51,1,centralized,Peak,Central Full Multimodal,4.1592,0.8318,2495.54,0.0998,road
52,1,nearest,Off-Peak,Road Only,1.1124,0.5562,1668.55,0.0667,road
52,1,nearest,Off-Peak,Road + Metro,1.1124,0.5562,1668.55,0.0667,road
52,1,nearest,Off-Peak,Road + Waterbus,1.1124,0.5562,1668.55,0.0667,road
52,1,nearest,Off-Peak,Full Multimodal,1.1124,0.5562,1668.55,0.0667,road
52,1,nearest,Peak,Road Only,2.7809,0.5562,1668.55,0.0667,road
52,1,nearest,Peak,Road + Metro,2.7809,0.5562,1668.55,0.0667,road
52,1,nearest,Peak,Road + Waterbus,2.7809,0.5562,1668.55,0.0667,road
52,1,nearest,Peak,Full Multimodal,2.7809,0.5562,1668.55,0.0667,road
52,1,centralized,Off-Peak,Central Road Only,1.1124,0.5562,1668.55,0.0667,road
52,1,centralized,Off-Peak,Central Road + Metro,1.1124,0.5562,1668.55,0.0667,road
52,1,centralized,Off-Peak,Central Road + Waterbus,1.1124,0.5562,1668.55,0.0667,road
52,1,centralized,Off-Peak,Central Full Multimodal,1.1124,0.5562,1668.55,0.0667,road
52,1,centralized,Peak,Central Road Only,2.7809,0.5562,1668.55,0.0667,road
52,1,centralized,Peak,Central Road + Metro,2.7809,0.5562,1668.55,0.0667,road
52,1,centralized,Peak,Central Road + Waterbus,2.7809,0.5562,1668.55,0.0667,road
52,1,centralized,Peak,Central Full Multimodal,2.7809,0.5562,1668.55,0.0667,road
53,1,nearest,Off-Peak,Road Only,0.4479,0.2239,671.84,0.0269,road
53,1,nearest,Off-Peak,Road + Metro,0.4479,0.2239,671.84,0.0269,road
53,1,nearest,Off-Peak,Road + Waterbus,0.4479,0.2239,671.84,0.0269,road
53,1,nearest,Off-Peak,Full Multimodal,0.4479,0.2239,671.84,0.0269,road
53,1,nearest,Peak,Road Only,1.1197,0.2239,671.84,0.0269,road
53,1,nearest,Peak,Road + Metro,1.1197,0.2239,671.84,0.0269,road
53,1,nearest,Peak,Road + Waterbus,1.1197,0.2239,671.84,0.0269,road
53,1,nearest,Peak,Full Multimodal,1.1197,0.2239,671.84,0.0269,road
53,1,centralized,Off-Peak,Central Road Only,0.4479,0.2239,671.84,0.0269,road
53,1,centralized,Off-Peak,Central Road + Metro,0.4479,0.2239,671.84,0.0269,road
53,1,centralized,Off-Peak,Central Road + Waterbus,0.4479,0.2239,671.84,0.0269,road
53,1,centralized,Off-Peak,Central Full Multimodal,0.4479,0.2239,671.84,0.0269,road
53,1,centralized,Peak,Central Road Only,1.1197,0.2239,671.84,0.0269,road
53,1,centralized,Peak,Central Road + Metro,1.1197,0.2239,671.84,0.0269,road
53,1,centralized,Peak,Central Road + Waterbus,1.1197,0.2239,671.84,0.0269,road
53,1,centralized,Peak,Central Full Multimodal,1.1197,0.2239,671.84,0.0269,road
54,2,nearest,Off-Peak,Road Only,1.8062,0.9031,2709.29,0.1084,road
54,2,nearest,Off-Peak,Road + Metro,1.8062,0.9031,2709.29,0.1084,road
54,2,nearest,Off-Peak,Road + Waterbus,1.8062,0.9031,2709.29,0.1084,road
54,2,nearest,Off-Peak,Full Multimodal,1.8062,0.9031,2709.29,0.1084,road
54,2,nearest,Peak,Road Only,4.5155,0.9031,2709.29,0.1084,road
54,2,nearest,Peak,Road + Metro,4.5155,0.9031,2709.29,0.1084,road
54,2,nearest,Peak,Road + Waterbus,4.5155,0.9031,2709.29,0.1084,road
54,2,nearest,Peak,Full Multimodal,4.5155,0.9031,2709.29,0.1084,road
54,1,centralized,Off-Peak,Central Road Only,2.0893,1.0446,3133.95,0.1254,road
54,1,centralized,Off-Peak,Central Road + Metro,2.0893,1.0446,3133.95,0.1254,road
54,1,centralized,Off-Peak,Central Road + Waterbus,2.0893,1.0446,3133.95,0.1254,road
54,1,centralized,Off-Peak,Central Full Multimodal,2.0893,1.0446,3133.95,0.1254,road
54,1,centralized,Peak,Central Road Only,5.2232,1.0446,3133.95,0.1254,road
54,1,centralized,Peak,Central Road + Metro,5.2232,1.0446,3133.95,0.1254,road
54,1,centralized,Peak,Central Road + Waterbus,5.2232,1.0446,3133.95,0.1254,road
54,1,centralized,Peak,Central Full Multimodal,5.2232,1.0446,3133.95,0.1254,road
55,2,nearest,Off-Peak,Road Only,1.3441,0.6721,2016.17,0.0806,road
55,2,nearest,Off-Peak,Road + Metro,1.3441,0.6721,2016.17,0.0806,road
55,2,nearest,Off-Peak,Road + Waterbus,1.3441,0.6721,2016.17,0.0806,road
55,2,nearest,Off-Peak,Full Multimodal,1.3441,0.6721,2016.17,0.0806,road
55,2,nearest,Peak,Road Only,3.3603,0.6721,2016.17,0.0806,road
55,2,nearest,Peak,Road + Metro,3.3603,0.6721,2016.17,0.0806,road
55,2,nearest,Peak,Road + Waterbus,3.3603,0.6721,2016.17,0.0806,road
55,2,nearest,Peak,Full Multimodal,3.3603,0.6721,2016.17,0.0806,road
55,1,centralized,Off-Peak,Central Road Only,2.7901,1.3951,4185.15,0.1674,road
55,1,centralized,Off-Peak,Central Road + Metro,2.7901,1.3951,4185.15,0.1674,road
55,1,centralized,Off-Peak,Central Road + Waterbus,2.7901,1.3951,4185.15,0.1674,road
55,1,centralized,Off-Peak,Central Full Multimodal,2.7901,1.3951,4185.15,0.1674,road
55,1,centralized,Peak,Central Road Only,6.9753,1.3951,4185.15,0.1674,road
55,1,centralized,Peak,Central Road + Metro,6.9753,1.3951,4185.15,0.1674,road
55,1,centralized,Peak,Central Road + Waterbus,6.9753,1.3951,4185.15,0.1674,road
55,1,centralized,Peak,Central Full Multimodal,6.9753,1.3951,4185.15,0.1674,road
56,2,nearest,Off-Peak,Road Only,1.1954,0.5977,1793.09,0.0717,road
56,2,nearest,Off-Peak,Road + Metro,1.1954,0.5977,1793.09,0.0717,road
56,2,nearest,Off-Peak,Road + Waterbus,1.1954,0.5977,1793.09,0.0717,road
56,2,nearest,Off-Peak,Full Multimodal,1.1954,0.5977,1793.09,0.0717,road
56,2,nearest,Peak,Road Only,2.9885,0.5977,1793.09,0.0717,road
56,2,nearest,Peak,Road + Metro,2.9885,0.5977,1793.09,0.0717,road
56,2,nearest,Peak,Road + Waterbus,2.9885,0.5977,1793.09,0.0717,road
56,2,nearest,Peak,Full Multimodal,2.9885,0.5977,1793.09,0.0717,road
56,1,centralized,Off-Peak,Central Road Only,2.9162,1.4581,4374.31,0.175,road
56,1,centralized,Off-Peak,Central Road + Metro,2.9162,1.4581,4374.31,0.175,road
56,1,centralized,Off-Peak,Central Road + Waterbus,2.9162,1.4581,4374.31,0.175,road
56,1,centralized,Off-Peak,Central Full Multimodal,2.9162,1.4581,4374.31,0.175,road
56,1,centralized,Peak,Central Road Only,7.2905,1.4581,4374.31,0.175,road
56,1,centralized,Peak,Central Road + Metro,7.2905,1.4581,4374.31,0.175,road
56,1,centralized,Peak,Central Road + Waterbus,7.2905,1.4581,4374.31,0.175,road
56,1,centralized,Peak,Central Full Multimodal,7.2905,1.4581,4374.31,0.175,road
57,1,nearest,Off-Peak,Road Only,0.5381,0.2691,807.19,0.0323,road
57,1,nearest,Off-Peak,Road + Metro,0.5381,0.2691,807.19,0.0323,road
57,1,nearest,Off-Peak,Road + Waterbus,0.5381,0.2691,807.19,0.0323,road
57,1,nearest,Off-Peak,Full Multimodal,0.5381,0.2691,807.19,0.0323,road
57,1,nearest,Peak,Road Only,1.3453,0.2691,807.19,0.0323,road
57,1,nearest,Peak,Road + Metro,1.3453,0.2691,807.19,0.0323,road
57,1,nearest,Peak,Road + Waterbus,1.3453,0.2691,807.19,0.0323,road
57,1,nearest,Peak,Full Multimodal,1.3453,0.2691,807.19,0.0323,road
57,1,centralized,Off-Peak,Central Road Only,0.5381,0.2691,807.19,0.0323,road
57,1,centralized,Off-Peak,Central Road + Metro,0.5381,0.2691,807.19,0.0323,road
57,1,centralized,Off-Peak,Central Road + Waterbus,0.5381,0.2691,807.19,0.0323,road
57,1,centralized,Off-Peak,Central Full Multimodal,0.5381,0.2691,807.19,0.0323,road
57,1,centralized,Peak,Central Road Only,1.3453,0.2691,807.19,0.0323,road
57,1,centralized,Peak,Central Road + Metro,1.3453,0.2691,807.19,0.0323,road
57,1,centralized,Peak,Central Road + Waterbus,1.3453,0.2691,807.19,0.0323,road
57,1,centralized,Peak,Central Full Multimodal,1.3453,0.2691,807.19,0.0323,road
58,2,nearest,Off-Peak,Road Only,1.0308,0.5154,1546.24,0.0618,road
58,2,nearest,Off-Peak,Road + Metro,1.0308,0.5154,1546.24,0.0618,road
58,2,nearest,Off-Peak,Road + Waterbus,1.0308,0.5154,1546.24,0.0618,road
58,2,nearest,Off-Peak,Full Multimodal,1.0308,0.5154,1546.24,0.0618,road
58,2,nearest,Peak,Road Only,2.5771,0.5154,1546.24,0.0618,road
58,2,nearest,Peak,Road + Metro,2.5771,0.5154,1546.24,0.0618,road
58,2,nearest,Peak,Road + Waterbus,2.5771,0.5154,1546.24,0.0618,road
58,2,nearest,Peak,Full Multimodal,2.5771,0.5154,1546.24,0.0618,road
58,1,centralized,Off-Peak,Central Road Only,2.7516,1.3758,4127.46,0.1651,road
58,1,centralized,Off-Peak,Central Road + Metro,2.7516,1.3758,4127.46,0.1651,road
58,1,centralized,Off-Peak,Central Road + Waterbus,2.7516,1.3758,4127.46,0.1651,road
58,1,centralized,Off-Peak,Central Full Multimodal,2.7516,1.3758,4127.46,0.1651,road
58,1,centralized,Peak,Central Road Only,6.8791,1.3758,4127.46,0.1651,road
58,1,centralized,Peak,Central Road + Metro,6.8791,1.3758,4127.46,0.1651,road
58,1,centralized,Peak,Central Road + Waterbus,6.8791,1.3758,4127.46,0.1651,road
58,1,centralized,Peak,Central Full Multimodal,6.8791,1.3758,4127.46,0.1651,road
59,2,nearest,Off-Peak,Road Only,2.0603,1.0302,3090.52,0.1236,road
59,2,nearest,Off-Peak,Road + Metro,2.0603,1.0302,3090.52,0.1236,road
59,2,nearest,Off-Peak,Road + Waterbus,2.0603,1.0302,3090.52,0.1236,road
59,2,nearest,Off-Peak,Full Multimodal,2.0603,1.0302,3090.52,0.1236,road
59,2,nearest,Peak,Road Only,5.1509,1.0302,3090.52,0.1236,road
59,2,nearest,Peak,Road + Metro,5.1509,1.0302,3090.52,0.1236,road
59,2,nearest,Peak,Road + Waterbus,5.1509,1.0302,3090.52,0.1236,road
59,2,nearest,Peak,Full Multimodal,5.1509,1.0302,3090.52,0.1236,road
59,1,centralized,Off-Peak,Central Road Only,2.3434,1.1717,3515.17,0.1406,road
59,1,centralized,Off-Peak,Central Road + Metro,2.3434,1.1717,3515.17,0.1406,road
59,1,centralized,Off-Peak,Central Road + Waterbus,2.3434,1.1717,3515.17,0.1406,road
59,1,centralized,Off-Peak,Central Full Multimodal,2.3434,1.1717,3515.17,0.1406,road
59,1,centralized,Peak,Central Road Only,5.8586,1.1717,3515.17,0.1406,road
59,1,centralized,Peak,Central Road + Metro,5.8586,1.1717,3515.17,0.1406,road
59,1,centralized,Peak,Central Road + Waterbus,5.8586,1.1717,3515.17,0.1406,road
59,1,centralized,Peak,Central Full Multimodal,5.8586,1.1717,3515.17,0.1406,road
61,2,nearest,Off-Peak,Road Only,1.5825,0.7912,2373.71,0.0949,road
61,2,nearest,Off-Peak,Road + Metro,1.5825,0.7912,2373.71,0.0949,road
61,2,nearest,Off-Peak,Road + Waterbus,1.5825,0.7912,2373.71,0.0949,road
61,2,nearest,Off-Peak,Full Multimodal,1.5825,0.7912,2373.71,0.0949,road
61,2,nearest,Peak,Road Only,3.9562,0.7912,2373.71,0.0949,road
61,2,nearest,Peak,Road + Metro,3.9562,0.7912,2373.71,0.0949,road
61,2,nearest,Peak,Road + Waterbus,3.9562,0.7912,2373.71,0.0949,road
61,2,nearest,Peak,Full Multimodal,3.9562,0.7912,2373.71,0.0949,road
61,1,centralized,Off-Peak,Central Road Only,1.2842,0.6421,1926.33,0.0771,road
61,1,centralized,Off-Peak,Central Road + Metro,1.2842,0.6421,1926.33,0.0771,road
61,1,centralized,Off-Peak,Central Road + Waterbus,1.2842,0.6421,1926.33,0.0771,road
61,1,centralized,Off-Peak,Central Full Multimodal,1.2842,0.6421,1926.33,0.0771,road
61,1,centralized,Peak,Central Road Only,3.2106,0.6421,1926.33,0.0771,road
61,1,centralized,Peak,Central Road + Metro,3.2106,0.6421,1926.33,0.0771,road
61,1,centralized,Peak,Central Road + Waterbus,3.2106,0.6421,1926.33,0.0771,road
61,1,centralized,Peak,Central Full Multimodal,3.2106,0.6421,1926.33,0.0771,road
62,1,nearest,Off-Peak,Road Only,1.2609,0.6304,1891.33,0.0757,road
62,1,nearest,Off-Peak,Road + Metro,1.2609,0.6304,1891.33,0.0757,road
62,1,nearest,Off-Peak,Road + Waterbus,1.2609,0.6304,1891.33,0.0757,road
62,1,nearest,Off-Peak,Full Multimodal,1.2609,0.6304,1891.33,0.0757,road
62,1,nearest,Peak,Road Only,3.1522,0.6304,1891.33,0.0757,road
62,1,nearest,Peak,Road + Metro,3.1522,0.6304,1891.33,0.0757,road
62,1,nearest,Peak,Road + Waterbus,3.1522,0.6304,1891.33,0.0757,road
62,1,nearest,Peak,Full Multimodal,3.1522,0.6304,1891.33,0.0757,road
62,1,centralized,Off-Peak,Central Road Only,1.2609,0.6304,1891.33,0.0757,road
62,1,centralized,Off-Peak,Central Road + Metro,1.2609,0.6304,1891.33,0.0757,road
62,1,centralized,Off-Peak,Central Road + Waterbus,1.2609,0.6304,1891.33,0.0757,road
62,1,centralized,Off-Peak,Central Full Multimodal,1.2609,0.6304,1891.33,0.0757,road
62,1,centralized,Peak,Central Road Only,3.1522,0.6304,1891.33,0.0757,road
62,1,centralized,Peak,Central Road + Metro,3.1522,0.6304,1891.33,0.0757,road
62,1,centralized,Peak,Central Road + Waterbus,3.1522,0.6304,1891.33,0.0757,road
62,1,centralized,Peak,Central Full Multimodal,3.1522,0.6304,1891.33,0.0757,road
63,1,nearest,Off-Peak,Road Only,1.1868,0.5934,1780.18,0.0712,road
63,1,nearest,Off-Peak,Road + Metro,1.1868,0.5934,1780.18,0.0712,road
63,1,nearest,Off-Peak,Road + Waterbus,1.1868,0.5934,1780.18,0.0712,road
63,1,nearest,Off-Peak,Full Multimodal,1.1868,0.5934,1780.18,0.0712,road
63,1,nearest,Peak,Road Only,2.967,0.5934,1780.18,0.0712,road
63,1,nearest,Peak,Road + Metro,2.967,0.5934,1780.18,0.0712,road
63,1,nearest,Peak,Road + Waterbus,2.967,0.5934,1780.18,0.0712,road
63,1,nearest,Peak,Full Multimodal,2.967,0.5934,1780.18,0.0712,road
63,1,centralized,Off-Peak,Central Road Only,1.1868,0.5934,1780.18,0.0712,road
63,1,centralized,Off-Peak,Central Road + Metro,1.1868,0.5934,1780.18,0.0712,road
63,1,centralized,Off-Peak,Central Road + Waterbus,1.1868,0.5934,1780.18,0.0712,road
63,1,centralized,Off-Peak,Central Full Multimodal,1.1868,0.5934,1780.18,0.0712,road
63,1,centralized,Peak,Central Road Only,2.967,0.5934,1780.18,0.0712,road
63,1,centralized,Peak,Central Road + Metro,2.967,0.5934,1780.18,0.0712,road
63,1,centralized,Peak,Central Road + Waterbus,2.967,0.5934,1780.18,0.0712,road
63,1,centralized,Peak,Central Full Multimodal,2.967,0.5934,1780.18,0.0712,road
64,1,nearest,Off-Peak,Road Only,1.2937,0.6468,1940.49,0.0776,road
64,1,nearest,Off-Peak,Road + Metro,1.2937,0.6468,1940.49,0.0776,road
64,1,nearest,Off-Peak,Road + Waterbus,1.2937,0.6468,1940.49,0.0776,road
64,1,nearest,Off-Peak,Full Multimodal,1.2937,0.6468,1940.49,0.0776,road
64,1,nearest,Peak,Road Only,3.2342,0.6468,1940.49,0.0776,road
64,1,nearest,Peak,Road + Metro,3.2342,0.6468,1940.49,0.0776,road
64,1,nearest,Peak,Road + Waterbus,3.2342,0.6468,1940.49,0.0776,road
64,1,nearest,Peak,Full Multimodal,3.2342,0.6468,1940.49,0.0776,road
64,1,centralized,Off-Peak,Central Road Only,1.2937,0.6468,1940.49,0.0776,road
64,1,centralized,Off-Peak,Central Road + Metro,1.2937,0.6468,1940.49,0.0776,road
64,1,centralized,Off-Peak,Central Road + Waterbus,1.2937,0.6468,1940.49,0.0776,road
64,1,centralized,Off-Peak,Central Full Multimodal,1.2937,0.6468,1940.49,0.0776,road
64,1,centralized,Peak,Central Road Only,3.2342,0.6468,1940.49,0.0776,road
64,1,centralized,Peak,Central Road + Metro,3.2342,0.6468,1940.49,0.0776,road
64,1,centralized,Peak,Central Road + Waterbus,3.2342,0.6468,1940.49,0.0776,road
64,1,centralized,Peak,Central Full Multimodal,3.2342,0.6468,1940.49,0.0776,road
65,2,nearest,Off-Peak,Road Only,2.323,1.1615,3484.45,0.1394,road
65,2,nearest,Off-Peak,Road + Metro,2.323,1.1615,3484.45,0.1394,road
65,2,nearest,Off-Peak,Road + Waterbus,2.323,1.1615,3484.45,0.1394,road
65,2,nearest,Off-Peak,Full Multimodal,2.323,1.1615,3484.45,0.1394,road
65,2,nearest,Peak,Road Only,5.8074,1.1615,3484.45,0.1394,road
65,2,nearest,Peak,Road + Metro,5.8074,1.1615,3484.45,0.1394,road
65,2,nearest,Peak,Road + Waterbus,5.8074,1.1615,3484.45,0.1394,road
65,2,nearest,Peak,Full Multimodal,5.8074,1.1615,3484.45,0.1394,road
65,1,centralized,Off-Peak,Central Road Only,2.6317,1.3159,3947.57,0.1579,road
65,1,centralized,Off-Peak,Central Road + Metro,2.6317,1.3159,3947.57,0.1579,road
65,1,centralized,Off-Peak,Central Road + Waterbus,2.6317,1.3159,3947.57,0.1579,road
65,1,centralized,Off-Peak,Central Full Multimodal,2.6317,1.3159,3947.57,0.1579,road
65,1,centralized,Peak,Central Road Only,6.5793,1.3159,3947.57,0.1579,road
65,1,centralized,Peak,Central Road + Metro,6.5793,1.3159,3947.57,0.1579,road
65,1,centralized,Peak,Central Road + Waterbus,6.5793,1.3159,3947.57,0.1579,road
65,1,centralized,Peak,Central Full Multimodal,6.5793,1.3159,3947.57,0.1579,road
66,2,nearest,Off-Peak,Road Only,1.9618,0.9809,2942.74,0.1177,road
66,2,nearest,Off-Peak,Road + Metro,1.9618,0.9809,2942.74,0.1177,road
66,2,nearest,Off-Peak,Road + Waterbus,1.9618,0.9809,2942.74,0.1177,road
66,2,nearest,Off-Peak,Full Multimodal,1.9618,0.9809,2942.74,0.1177,road
66,2,nearest,Peak,Road Only,4.9046,0.9809,2942.74,0.1177,road
66,2,nearest,Peak,Road + Metro,4.9046,0.9809,2942.74,0.1177,road
66,2,nearest,Peak,Road + Waterbus,4.9046,0.9809,2942.74,0.1177,road
66,2,nearest,Peak,Full Multimodal,4.9046,0.9809,2942.74,0.1177,road
66,1,centralized,Off-Peak,Central Road Only,3.4078,1.7039,5111.72,0.2045,road
66,1,centralized,Off-Peak,Central Road + Metro,3.4078,1.7039,5111.72,0.2045,road
66,1,centralized,Off-Peak,Central Road + Waterbus,3.4078,1.7039,5111.72,0.2045,road
66,1,centralized,Off-Peak,Central Full Multimodal,3.4078,1.7039,5111.72,0.2045,road
66,1,centralized,Peak,Central Road Only,8.5195,1.7039,5111.72,0.2045,road
66,1,centralized,Peak,Central Road + Metro,8.5195,1.7039,5111.72,0.2045,road
66,1,centralized,Peak,Central Road + Waterbus,8.5195,1.7039,5111.72,0.2045,road
66,1,centralized,Peak,Central Full Multimodal,8.5195,1.7039,5111.72,0.2045,road
67,2,nearest,Off-Peak,Road Only,0.3848,0.1924,577.22,0.0231,road
67,2,nearest,Off-Peak,Road + Metro,0.3848,0.1924,577.22,0.0231,road
67,2,nearest,Off-Peak,Road + Waterbus,0.3848,0.1924,577.22,0.0231,road
67,2,nearest,Off-Peak,Full Multimodal,0.3848,0.1924,577.22,0.0231,road
67,2,nearest,Peak,Road Only,0.962,0.1924,577.22,0.0231,road
67,2,nearest,Peak,Road + Metro,0.962,0.1924,577.22,0.0231,road
67,2,nearest,Peak,Road + Waterbus,0.962,0.1924,577.22,0.0231,road
67,2,nearest,Peak,Full Multimodal,0.962,0.1924,577.22,0.0231,road
67,1,centralized,Off-Peak,Central Road Only,2.1056,1.0528,3158.43,0.1263,road
67,1,centralized,Off-Peak,Central Road + Metro,2.1056,1.0528,3158.43,0.1263,road
67,1,centralized,Off-Peak,Central Road + Waterbus,2.1056,1.0528,3158.43,0.1263,road
67,1,centralized,Off-Peak,Central Full Multimodal,2.1056,1.0528,3158.43,0.1263,road
67,1,centralized,Peak,Central Road Only,5.2641,1.0528,3158.43,0.1263,road
67,1,centralized,Peak,Central Road + Metro,5.2641,1.0528,3158.43,0.1263,road
67,1,centralized,Peak,Central Road + Waterbus,5.2641,1.0528,3158.43,0.1263,road
67,1,centralized,Peak,Central Full Multimodal,5.2641,1.0528,3158.43,0.1263,road
68,2,nearest,Off-Peak,Road Only,2.0221,1.0111,3033.21,0.1213,road
68,2,nearest,Off-Peak,Road + Metro,2.0221,1.0111,3033.21,0.1213,road
68,2,nearest,Off-Peak,Road + Waterbus,2.0221,1.0111,3033.21,0.1213,road
68,2,nearest,Off-Peak,Full Multimodal,2.0221,1.0111,3033.21,0.1213,road
68,2,nearest,Peak,Road Only,5.0554,1.0111,3033.21,0.1213,road
68,2,nearest,Peak,Road + Metro,5.0554,1.0111,3033.21,0.1213,road
68,2,nearest,Peak,Road + Waterbus,5.0554,1.0111,3033.21,0.1213,road
68,2,nearest,Peak,Full Multimodal,5.0554,1.0111,3033.21,0.1213,road
68,1,centralized,Off-Peak,Central Road Only,3.4172,1.7086,5125.77,0.205,road
68,1,centralized,Off-Peak,Central Road + Metro,3.4172,1.7086,5125.77,0.205,road
68,1,centralized,Off-Peak,Central Road + Waterbus,3.4172,1.7086,5125.77,0.205,road
68,1,centralized,Off-Peak,Central Full Multimodal,3.4172,1.7086,5125.77,0.205,road
68,1,centralized,Peak,Central Road Only,8.543,1.7086,5125.77,0.205,road
68,1,centralized,Peak,Central Road + Metro,8.543,1.7086,5125.77,0.205,road
68,1,centralized,Peak,Central Road + Waterbus,8.543,1.7086,5125.77,0.205,road
68,1,centralized,Peak,Central Full Multimodal,8.543,1.7086,5125.77,0.205,road
69,1,nearest,Off-Peak,Road Only,2.6236,1.3118,3935.33,0.1574,road
69,1,nearest,Off-Peak,Road + Metro,2.6236,1.3118,3935.33,0.1574,road
69,1,nearest,Off-Peak,Road + Waterbus,2.6236,1.3118,3935.33,0.1574,road
69,1,nearest,Off-Peak,Full Multimodal,2.6236,1.3118,3935.33,0.1574,road
69,1,nearest,Peak,Road Only,6.5589,1.3118,3935.33,0.1574,road
69,1,nearest,Peak,Road + Metro,6.5589,1.3118,3935.33,0.1574,road
69,1,nearest,Peak,Road + Waterbus,6.5589,1.3118,3935.33,0.1574,road
69,1,nearest,Peak,Full Multimodal,6.5589,1.3118,3935.33,0.1574,road
69,1,centralized,Off-Peak,Central Road Only,2.6236,1.3118,3935.33,0.1574,road
69,1,centralized,Off-Peak,Central Road + Metro,2.6236,1.3118,3935.33,0.1574,road
69,1,centralized,Off-Peak,Central Road + Waterbus,2.6236,1.3118,3935.33,0.1574,road
69,1,centralized,Off-Peak,Central Full Multimodal,2.6236,1.3118,3935.33,0.1574,road
69,1,centralized,Peak,Central Road Only,6.5589,1.3118,3935.33,0.1574,road
69,1,centralized,Peak,Central Road + Metro,6.5589,1.3118,3935.33,0.1574,road
69,1,centralized,Peak,Central Road + Waterbus,6.5589,1.3118,3935.33,0.1574,road
69,1,centralized,Peak,Central Full Multimodal,6.5589,1.3118,3935.33,0.1574,road
70,1,nearest,Off-Peak,Road Only,1.5338,0.7669,2300.67,0.092,road
70,1,nearest,Off-Peak,Road + Metro,1.5338,0.7669,2300.67,0.092,road
70,1,nearest,Off-Peak,Road + Waterbus,1.5338,0.7669,2300.67,0.092,road
70,1,nearest,Off-Peak,Full Multimodal,1.5338,0.7669,2300.67,0.092,road
70,1,nearest,Peak,Road Only,3.8345,0.7669,2300.67,0.092,road
70,1,nearest,Peak,Road + Metro,3.8345,0.7669,2300.67,0.092,road
70,1,nearest,Peak,Road + Waterbus,3.8345,0.7669,2300.67,0.092,road
70,1,nearest,Peak,Full Multimodal,3.8345,0.7669,2300.67,0.092,road
70,1,centralized,Off-Peak,Central Road Only,1.5338,0.7669,2300.67,0.092,road
70,1,centralized,Off-Peak,Central Road + Metro,1.5338,0.7669,2300.67,0.092,road
70,1,centralized,Off-Peak,Central Road + Waterbus,1.5338,0.7669,2300.67,0.092,road
70,1,centralized,Off-Peak,Central Full Multimodal,1.5338,0.7669,2300.67,0.092,road
70,1,centralized,Peak,Central Road Only,3.8345,0.7669,2300.67,0.092,road
70,1,centralized,Peak,Central Road + Metro,3.8345,0.7669,2300.67,0.092,road
70,1,centralized,Peak,Central Road + Waterbus,3.8345,0.7669,2300.67,0.092,road
70,1,centralized,Peak,Central Full Multimodal,3.8345,0.7669,2300.67,0.092,road
71,1,nearest,Off-Peak,Road Only,2.3434,1.1717,3515.17,0.1406,road
71,1,nearest,Off-Peak,Road + Metro,2.3434,1.1717,3515.17,0.1406,road
71,1,nearest,Off-Peak,Road + Waterbus,2.3434,1.1717,3515.17,0.1406,road
71,1,nearest,Off-Peak,Full Multimodal,2.3434,1.1717,3515.17,0.1406,road
71,1,nearest,Peak,Road Only,5.8586,1.1717,3515.17,0.1406,road
71,1,nearest,Peak,Road + Metro,5.8586,1.1717,3515.17,0.1406,road
71,1,nearest,Peak,Road + Waterbus,5.8586,1.1717,3515.17,0.1406,road
71,1,nearest,Peak,Full Multimodal,5.8586,1.1717,3515.17,0.1406,road
71,1,centralized,Off-Peak,Central Road Only,2.3434,1.1717,3515.17,0.1406,road
71,1,centralized,Off-Peak,Central Road + Metro,2.3434,1.1717,3515.17,0.1406,road
71,1,centralized,Off-Peak,Central Road + Waterbus,2.3434,1.1717,3515.17,0.1406,road
71,1,centralized,Off-Peak,Central Full Multimodal,2.3434,1.1717,3515.17,0.1406,road
71,1,centralized,Peak,Central Road Only,5.8586,1.1717,3515.17,0.1406,road
71,1,centralized,Peak,Central Road + Metro,5.8586,1.1717,3515.17,0.1406,road
71,1,centralized,Peak,Central Road + Waterbus,5.8586,1.1717,3515.17,0.1406,road
71,1,centralized,Peak,Central Full Multimodal,5.8586,1.1717,3515.17,0.1406,road
72,2,nearest,Off-Peak,Road Only,1.9618,0.9809,2942.74,0.1177,road
72,2,nearest,Off-Peak,Road + Metro,1.9618,0.9809,2942.74,0.1177,road
72,2,nearest,Off-Peak,Road + Waterbus,1.9618,0.9809,2942.74,0.1177,road
72,2,nearest,Off-Peak,Full Multimodal,1.9618,0.9809,2942.74,0.1177,road
72,2,nearest,Peak,Road Only,4.9046,0.9809,2942.74,0.1177,road
72,2,nearest,Peak,Road + Metro,4.9046,0.9809,2942.74,0.1177,road
72,2,nearest,Peak,Road + Waterbus,4.9046,0.9809,2942.74,0.1177,road
72,2,nearest,Peak,Full Multimodal,4.9046,0.9809,2942.74,0.1177,road
72,1,centralized,Off-Peak,Central Road Only,3.4078,1.7039,5111.72,0.2045,road
72,1,centralized,Off-Peak,Central Road + Metro,3.4078,1.7039,5111.72,0.2045,road
72,1,centralized,Off-Peak,Central Road + Waterbus,3.4078,1.7039,5111.72,0.2045,road
72,1,centralized,Off-Peak,Central Full Multimodal,3.4078,1.7039,5111.72,0.2045,road
72,1,centralized,Peak,Central Road Only,8.5195,1.7039,5111.72,0.2045,road
72,1,centralized,Peak,Central Road + Metro,8.5195,1.7039,5111.72,0.2045,road
72,1,centralized,Peak,Central Road + Waterbus,8.5195,1.7039,5111.72,0.2045,road
72,1,centralized,Peak,Central Full Multimodal,8.5195,1.7039,5111.72,0.2045,road
73,2,nearest,Off-Peak,Road Only,1.0221,0.511,1533.11,0.0613,road
73,2,nearest,Off-Peak,Road + Metro,1.0221,0.511,1533.11,0.0613,road
73,2,nearest,Off-Peak,Road + Waterbus,1.0221,0.511,1533.11,0.0613,road
73,2,nearest,Off-Peak,Full Multimodal,1.0221,0.511,1533.11,0.0613,road
73,2,nearest,Peak,Road Only,2.5552,0.511,1533.11,0.0613,road
73,2,nearest,Peak,Road + Metro,2.5552,0.511,1533.11,0.0613,road
73,2,nearest,Peak,Road + Waterbus,2.5552,0.511,1533.11,0.0613,road
73,2,nearest,Peak,Full Multimodal,2.5552,0.511,1533.11,0.0613,road
73,1,centralized,Off-Peak,Central Road Only,1.1754,0.5877,1763.08,0.0705,road
73,1,centralized,Off-Peak,Central Road + Metro,1.1754,0.5877,1763.08,0.0705,road
73,1,centralized,Off-Peak,Central Road + Waterbus,1.1754,0.5877,1763.08,0.0705,road
73,1,centralized,Off-Peak,Central Full Multimodal,1.1754,0.5877,1763.08,0.0705,road
73,1,centralized,Peak,Central Road Only,2.9385,0.5877,1763.08,0.0705,road
73,1,centralized,Peak,Central Road + Metro,2.9385,0.5877,1763.08,0.0705,road
73,1,centralized,Peak,Central Road + Waterbus,2.9385,0.5877,1763.08,0.0705,road
73,1,centralized,Peak,Central Full Multimodal,2.9385,0.5877,1763.08,0.0705,road
75,1,nearest,Off-Peak,Road Only,2.6477,1.3239,3971.57,0.1589,road
75,1,nearest,Off-Peak,Road + Metro,2.6477,1.3239,3971.57,0.1589,road
75,1,nearest,Off-Peak,Road + Waterbus,2.6477,1.3239,3971.57,0.1589,road
75,1,nearest,Off-Peak,Full Multimodal,2.6477,1.3239,3971.57,0.1589,road
75,1,nearest,Peak,Road Only,6.6193,1.3239,3971.57,0.1589,road
75,1,nearest,Peak,Road + Metro,6.6193,1.3239,3971.57,0.1589,road
75,1,nearest,Peak,Road + Waterbus,6.6193,1.3239,3971.57,0.1589,road
75,1,nearest,Peak,Full Multimodal,6.6193,1.3239,3971.57,0.1589,road
75,1,centralized,Off-Peak,Central Road Only,2.6477,1.3239,3971.57,0.1589,road
75,1,centralized,Off-Peak,Central Road + Metro,2.6477,1.3239,3971.57,0.1589,road
75,1,centralized,Off-Peak,Central Road + Waterbus,2.6477,1.3239,3971.57,0.1589,road
75,1,centralized,Off-Peak,Central Full Multimodal,2.6477,1.3239,3971.57,0.1589,road
75,1,centralized,Peak,Central Road Only,6.6193,1.3239,3971.57,0.1589,road
75,1,centralized,Peak,Central Road + Metro,6.6193,1.3239,3971.57,0.1589,road
75,1,centralized,Peak,Central Road + Waterbus,6.6193,1.3239,3971.57,0.1589,road
75,1,centralized,Peak,Central Full Multimodal,6.6193,1.3239,3971.57,0.1589,road
76,2,nearest,Off-Peak,Road Only,1.0157,0.5078,1523.5,0.0609,road
76,2,nearest,Off-Peak,Road + Metro,1.0157,0.5078,1523.5,0.0609,road
76,2,nearest,Off-Peak,Road + Waterbus,1.0157,0.5078,1523.5,0.0609,road
76,2,nearest,Off-Peak,Full Multimodal,1.0157,0.5078,1523.5,0.0609,road
76,2,nearest,Peak,Road Only,2.5392,0.5078,1523.5,0.0609,road
76,2,nearest,Peak,Road + Metro,2.5392,0.5078,1523.5,0.0609,road
76,2,nearest,Peak,Road + Waterbus,2.5392,0.5078,1523.5,0.0609,road
76,2,nearest,Peak,Full Multimodal,2.5392,0.5078,1523.5,0.0609,road
76,1,centralized,Off-Peak,Central Road Only,2.4617,1.2308,3692.48,0.1477,road
76,1,centralized,Off-Peak,Central Road + Metro,2.4617,1.2308,3692.48,0.1477,road
76,1,centralized,Off-Peak,Central Road + Waterbus,2.4617,1.2308,3692.48,0.1477,road
76,1,centralized,Off-Peak,Central Full Multimodal,2.4617,1.2308,3692.48,0.1477,road
76,1,centralized,Peak,Central Road Only,6.1541,1.2308,3692.48,0.1477,road
76,1,centralized,Peak,Central Road + Metro,6.1541,1.2308,3692.48,0.1477,road
76,1,centralized,Peak,Central Road + Waterbus,6.1541,1.2308,3692.48,0.1477,road
76,1,centralized,Peak,Central Full Multimodal,6.1541,1.2308,3692.48,0.1477,road
77,1,nearest,Off-Peak,Road Only,1.9641,0.982,2946.12,0.1178,road
77,1,nearest,Off-Peak,Road + Metro,1.9641,0.982,2946.12,0.1178,road
77,1,nearest,Off-Peak,Road + Waterbus,1.9641,0.982,2946.12,0.1178,road
77,1,nearest,Off-Peak,Full Multimodal,1.9641,0.982,2946.12,0.1178,road
77,1,nearest,Peak,Road Only,4.9102,0.982,2946.12,0.1178,road
77,1,nearest,Peak,Road + Metro,4.9102,0.982,2946.12,0.1178,road
77,1,nearest,Peak,Road + Waterbus,4.9102,0.982,2946.12,0.1178,road
77,1,nearest,Peak,Full Multimodal,4.9102,0.982,2946.12,0.1178,road
77,1,centralized,Off-Peak,Central Road Only,1.9641,0.982,2946.12,0.1178,road
77,1,centralized,Off-Peak,Central Road + Metro,1.9641,0.982,2946.12,0.1178,road
77,1,centralized,Off-Peak,Central Road + Waterbus,1.9641,0.982,2946.12,0.1178,road
77,1,centralized,Off-Peak,Central Full Multimodal,1.9641,0.982,2946.12,0.1178,road
77,1,centralized,Peak,Central Road Only,4.9102,0.982,2946.12,0.1178,road
77,1,centralized,Peak,Central Road + Metro,4.9102,0.982,2946.12,0.1178,road
77,1,centralized,Peak,Central Road + Waterbus,4.9102,0.982,2946.12,0.1178,road
77,1,centralized,Peak,Central Full Multimodal,4.9102,0.982,2946.12,0.1178,road
78,1,nearest,Off-Peak,Road Only,0.8235,0.4118,1235.26,0.0494,road
78,1,nearest,Off-Peak,Road + Metro,0.8235,0.4118,1235.26,0.0494,road
78,1,nearest,Off-Peak,Road + Waterbus,0.8235,0.4118,1235.26,0.0494,road
78,1,nearest,Off-Peak,Full Multimodal,0.8235,0.4118,1235.26,0.0494,road
78,1,nearest,Peak,Road Only,2.0588,0.4118,1235.26,0.0494,road
78,1,nearest,Peak,Road + Metro,2.0588,0.4118,1235.26,0.0494,road
78,1,nearest,Peak,Road + Waterbus,2.0588,0.4118,1235.26,0.0494,road
78,1,nearest,Peak,Full Multimodal,2.0588,0.4118,1235.26,0.0494,road
78,1,centralized,Off-Peak,Central Road Only,0.8235,0.4118,1235.26,0.0494,road
78,1,centralized,Off-Peak,Central Road + Metro,0.8235,0.4118,1235.26,0.0494,road
78,1,centralized,Off-Peak,Central Road + Waterbus,0.8235,0.4118,1235.26,0.0494,road
78,1,centralized,Off-Peak,Central Full Multimodal,0.8235,0.4118,1235.26,0.0494,road
78,1,centralized,Peak,Central Road Only,2.0588,0.4118,1235.26,0.0494,road
78,1,centralized,Peak,Central Road + Metro,2.0588,0.4118,1235.26,0.0494,road
78,1,centralized,Peak,Central Road + Waterbus,2.0588,0.4118,1235.26,0.0494,road
78,1,centralized,Peak,Central Full Multimodal,2.0588,0.4118,1235.26,0.0494,road
79,2,nearest,Off-Peak,Road Only,1.1771,0.5885,1765.59,0.0706,road
79,2,nearest,Off-Peak,Road + Metro,1.1771,0.5885,1765.59,0.0706,road
79,2,nearest,Off-Peak,Road + Waterbus,1.1771,0.5885,1765.59,0.0706,road
79,2,nearest,Off-Peak,Full Multimodal,1.1771,0.5885,1765.59,0.0706,road
79,2,nearest,Peak,Road Only,2.9426,0.5885,1765.59,0.0706,road
79,2,nearest,Peak,Road + Metro,2.9426,0.5885,1765.59,0.0706,road
79,2,nearest,Peak,Road + Waterbus,2.9426,0.5885,1765.59,0.0706,road
79,2,nearest,Peak,Full Multimodal,2.9426,0.5885,1765.59,0.0706,road
79,1,centralized,Off-Peak,Central Road Only,1.4602,0.7301,2190.25,0.0876,road
79,1,centralized,Off-Peak,Central Road + Metro,1.4602,0.7301,2190.25,0.0876,road
79,1,centralized,Off-Peak,Central Road + Waterbus,1.4602,0.7301,2190.25,0.0876,road
79,1,centralized,Off-Peak,Central Full Multimodal,1.4602,0.7301,2190.25,0.0876,road
79,1,centralized,Peak,Central Road Only,3.6504,0.7301,2190.25,0.0876,road
79,1,centralized,Peak,Central Road + Metro,3.6504,0.7301,2190.25,0.0876,road
79,1,centralized,Peak,Central Road + Waterbus,3.6504,0.7301,2190.25,0.0876,road
79,1,centralized,Peak,Central Full Multimodal,3.6504,0.7301,2190.25,0.0876,road
80,1,nearest,Off-Peak,Road Only,2.0406,1.0203,3060.9,0.1224,road
80,1,nearest,Off-Peak,Road + Metro,2.0406,1.0203,3060.9,0.1224,road
80,1,nearest,Off-Peak,Road + Waterbus,2.0406,1.0203,3060.9,0.1224,road
80,1,nearest,Off-Peak,Full Multimodal,2.0406,1.0203,3060.9,0.1224,road
80,1,nearest,Peak,Road Only,5.1015,1.0203,3060.9,0.1224,road
80,1,nearest,Peak,Road + Metro,5.1015,1.0203,3060.9,0.1224,road
80,1,nearest,Peak,Road + Waterbus,5.1015,1.0203,3060.9,0.1224,road
80,1,nearest,Peak,Full Multimodal,5.1015,1.0203,3060.9,0.1224,road
80,1,centralized,Off-Peak,Central Road Only,2.0406,1.0203,3060.9,0.1224,road
80,1,centralized,Off-Peak,Central Road + Metro,2.0406,1.0203,3060.9,0.1224,road
80,1,centralized,Off-Peak,Central Road + Waterbus,2.0406,1.0203,3060.9,0.1224,road
80,1,centralized,Off-Peak,Central Full Multimodal,2.0406,1.0203,3060.9,0.1224,road
80,1,centralized,Peak,Central Road Only,5.1015,1.0203,3060.9,0.1224,road
80,1,centralized,Peak,Central Road + Metro,5.1015,1.0203,3060.9,0.1224,road
80,1,centralized,Peak,Central Road + Waterbus,5.1015,1.0203,3060.9,0.1224,road
80,1,centralized,Peak,Central Full Multimodal,5.1015,1.0203,3060.9,0.1224,road
81,2,nearest,Off-Peak,Road Only,1.4277,0.7139,2141.58,0.0857,road
81,2,nearest,Off-Peak,Road + Metro,1.4277,0.7139,2141.58,0.0857,road
81,2,nearest,Off-Peak,Road + Waterbus,1.4277,0.7139,2141.58,0.0857,road
81,2,nearest,Off-Peak,Full Multimodal,1.4277,0.7139,2141.58,0.0857,road
81,2,nearest,Peak,Road Only,3.5693,0.7139,2141.58,0.0857,road
81,2,nearest,Peak,Road + Metro,3.5693,0.7139,2141.58,0.0857,road
81,2,nearest,Peak,Road + Waterbus,3.5693,0.7139,2141.58,0.0857,road
81,2,nearest,Peak,Full Multimodal,3.5693,0.7139,2141.58,0.0857,road
81,1,centralized,Off-Peak,Central Road Only,1.439,0.7195,2158.46,0.0863,road
81,1,centralized,Off-Peak,Central Road + Metro,1.439,0.7195,2158.46,0.0863,road
81,1,centralized,Off-Peak,Central Road + Waterbus,1.439,0.7195,2158.46,0.0863,road
81,1,centralized,Off-Peak,Central Full Multimodal,1.439,0.7195,2158.46,0.0863,road
81,1,centralized,Peak,Central Road Only,3.5974,0.7195,2158.46,0.0863,road
81,1,centralized,Peak,Central Road + Metro,3.5974,0.7195,2158.46,0.0863,road
81,1,centralized,Peak,Central Road + Waterbus,3.5974,0.7195,2158.46,0.0863,road
81,1,centralized,Peak,Central Full Multimodal,3.5974,0.7195,2158.46,0.0863,road
82,2,nearest,Off-Peak,Road Only,0.8633,0.4317,1295.02,0.0518,road
82,2,nearest,Off-Peak,Road + Metro,0.8633,0.4317,1295.02,0.0518,road
82,2,nearest,Off-Peak,Road + Waterbus,0.8633,0.4317,1295.02,0.0518,road
82,2,nearest,Off-Peak,Full Multimodal,0.8633,0.4317,1295.02,0.0518,road
82,2,nearest,Peak,Road Only,2.1584,0.4317,1295.02,0.0518,road
82,2,nearest,Peak,Road + Metro,2.1584,0.4317,1295.02,0.0518,road
82,2,nearest,Peak,Road + Waterbus,2.1584,0.4317,1295.02,0.0518,road
82,2,nearest,Peak,Full Multimodal,2.1584,0.4317,1295.02,0.0518,road
82,1,centralized,Off-Peak,Central Road Only,2.5479,1.2739,3821.81,0.1529,road
82,1,centralized,Off-Peak,Central Road + Metro,2.5479,1.2739,3821.81,0.1529,road
82,1,centralized,Off-Peak,Central Road + Waterbus,2.5479,1.2739,3821.81,0.1529,road
82,1,centralized,Off-Peak,Central Full Multimodal,2.5479,1.2739,3821.81,0.1529,road
82,1,centralized,Peak,Central Road Only,6.3697,1.2739,3821.81,0.1529,road
82,1,centralized,Peak,Central Road + Metro,6.3697,1.2739,3821.81,0.1529,road
82,1,centralized,Peak,Central Road + Waterbus,6.3697,1.2739,3821.81,0.1529,road
82,1,centralized,Peak,Central Full Multimodal,6.3697,1.2739,3821.81,0.1529,road
83,2,nearest,Off-Peak,Road Only,2.6076,1.3038,3911.33,0.1565,road
83,2,nearest,Off-Peak,Road + Metro,2.6076,1.3038,3911.33,0.1565,road
83,2,nearest,Off-Peak,Road + Waterbus,2.6076,1.3038,3911.33,0.1565,road
83,2,nearest,Off-Peak,Full Multimodal,2.6076,1.3038,3911.33,0.1565,road
83,2,nearest,Peak,Road Only,6.5189,1.3038,3911.33,0.1565,road
83,2,nearest,Peak,Road + Metro,6.5189,1.3038,3911.33,0.1565,road
83,2,nearest,Peak,Road + Waterbus,6.5189,1.3038,3911.33,0.1565,road
83,2,nearest,Peak,Full Multimodal,6.5189,1.3038,3911.33,0.1565,road
83,1,centralized,Off-Peak,Central Road Only,4.0535,2.0268,6080.31,0.2432,road
83,1,centralized,Off-Peak,Central Road + Metro,4.0535,2.0268,6080.31,0.2432,road
83,1,centralized,Off-Peak,Central Road + Waterbus,4.0535,2.0268,6080.31,0.2432,road
83,1,centralized,Off-Peak,Central Full Multimodal,4.0535,2.0268,6080.31,0.2432,road
83,1,centralized,Peak,Central Road Only,10.1338,2.0268,6080.31,0.2432,road
83,1,centralized,Peak,Central Road + Metro,10.1338,2.0268,6080.31,0.2432,road
83,1,centralized,Peak,Central Road + Waterbus,10.1338,2.0268,6080.31,0.2432,road
83,1,centralized,Peak,Central Full Multimodal,10.1338,2.0268,6080.31,0.2432,road
84,2,nearest,Off-Peak,Road Only,1.7782,0.8891,2667.27,0.1067,road
84,2,nearest,Off-Peak,Road + Metro,1.7782,0.8891,2667.27,0.1067,road
84,2,nearest,Off-Peak,Road + Waterbus,1.7782,0.8891,2667.27,0.1067,road
84,2,nearest,Off-Peak,Full Multimodal,1.7782,0.8891,2667.27,0.1067,road
84,2,nearest,Peak,Road Only,4.4454,0.8891,2667.27,0.1067,road
84,2,nearest,Peak,Road + Metro,4.4454,0.8891,2667.27,0.1067,road
84,2,nearest,Peak,Road + Waterbus,4.4454,0.8891,2667.27,0.1067,road
84,2,nearest,Peak,Full Multimodal,4.4454,0.8891,2667.27,0.1067,road
84,1,centralized,Off-Peak,Central Road Only,2.0803,1.0401,3120.39,0.1248,road
84,1,centralized,Off-Peak,Central Road + Metro,2.0803,1.0401,3120.39,0.1248,road
84,1,centralized,Off-Peak,Central Road + Waterbus,2.0803,1.0401,3120.39,0.1248,road
84,1,centralized,Off-Peak,Central Full Multimodal,2.0803,1.0401,3120.39,0.1248,road
84,1,centralized,Peak,Central Road Only,5.2006,1.0401,3120.39,0.1248,road
84,1,centralized,Peak,Central Road + Metro,5.2006,1.0401,3120.39,0.1248,road
84,1,centralized,Peak,Central Road + Waterbus,5.2006,1.0401,3120.39,0.1248,road
84,1,centralized,Peak,Central Full Multimodal,5.2006,1.0401,3120.39,0.1248,road
85,1,nearest,Off-Peak,Road Only,1.386,0.693,2078.93,0.0832,road
85,1,nearest,Off-Peak,Road + Metro,1.386,0.693,2078.93,0.0832,road
85,1,nearest,Off-Peak,Road + Waterbus,1.386,0.693,2078.93,0.0832,road
85,1,nearest,Off-Peak,Full Multimodal,1.386,0.693,2078.93,0.0832,road
85,1,nearest,Peak,Road Only,3.4649,0.693,2078.93,0.0832,road
85,1,nearest,Peak,Road + Metro,3.4649,0.693,2078.93,0.0832,road
85,1,nearest,Peak,Road + Waterbus,3.4649,0.693,2078.93,0.0832,road
85,1,nearest,Peak,Full Multimodal,3.4649,0.693,2078.93,0.0832,road
85,1,centralized,Off-Peak,Central Road Only,1.386,0.693,2078.93,0.0832,road
85,1,centralized,Off-Peak,Central Road + Metro,1.386,0.693,2078.93,0.0832,road
85,1,centralized,Off-Peak,Central Road + Waterbus,1.386,0.693,2078.93,0.0832,road
85,1,centralized,Off-Peak,Central Full Multimodal,1.386,0.693,2078.93,0.0832,road
85,1,centralized,Peak,Central Road Only,3.4649,0.693,2078.93,0.0832,road
85,1,centralized,Peak,Central Road + Metro,3.4649,0.693,2078.93,0.0832,road
85,1,centralized,Peak,Central Road + Waterbus,3.4649,0.693,2078.93,0.0832,road
85,1,centralized,Peak,Central Full Multimodal,3.4649,0.693,2078.93,0.0832,road
86,1,nearest,Off-Peak,Road Only,0.9875,0.4937,1481.21,0.0592,road
86,1,nearest,Off-Peak,Road + Metro,0.9875,0.4937,1481.21,0.0592,road
86,1,nearest,Off-Peak,Road + Waterbus,0.9875,0.4937,1481.21,0.0592,road
86,1,nearest,Off-Peak,Full Multimodal,0.9875,0.4937,1481.21,0.0592,road
86,1,nearest,Peak,Road Only,2.4687,0.4937,1481.21,0.0592,road
86,1,nearest,Peak,Road + Metro,2.4687,0.4937,1481.21,0.0592,road
86,1,nearest,Peak,Road + Waterbus,2.4687,0.4937,1481.21,0.0592,road
86,1,nearest,Peak,Full Multimodal,2.4687,0.4937,1481.21,0.0592,road
86,1,centralized,Off-Peak,Central Road Only,0.9875,0.4937,1481.21,0.0592,road
86,1,centralized,Off-Peak,Central Road + Metro,0.9875,0.4937,1481.21,0.0592,road
86,1,centralized,Off-Peak,Central Road + Waterbus,0.9875,0.4937,1481.21,0.0592,road
86,1,centralized,Off-Peak,Central Full Multimodal,0.9875,0.4937,1481.21,0.0592,road
86,1,centralized,Peak,Central Road Only,2.4687,0.4937,1481.21,0.0592,road
86,1,centralized,Peak,Central Road + Metro,2.4687,0.4937,1481.21,0.0592,road
86,1,centralized,Peak,Central Road + Waterbus,2.4687,0.4937,1481.21,0.0592,road
86,1,centralized,Peak,Central Full Multimodal,2.4687,0.4937,1481.21,0.0592,road
87,2,nearest,Off-Peak,Road Only,1.0157,0.5078,1523.5,0.0609,road
87,2,nearest,Off-Peak,Road + Metro,1.0157,0.5078,1523.5,0.0609,road
87,2,nearest,Off-Peak,Road + Waterbus,1.0157,0.5078,1523.5,0.0609,road
87,2,nearest,Off-Peak,Full Multimodal,1.0157,0.5078,1523.5,0.0609,road
87,2,nearest,Peak,Road Only,2.5392,0.5078,1523.5,0.0609,road
87,2,nearest,Peak,Road + Metro,2.5392,0.5078,1523.5,0.0609,road
87,2,nearest,Peak,Road + Waterbus,2.5392,0.5078,1523.5,0.0609,road
87,2,nearest,Peak,Full Multimodal,2.5392,0.5078,1523.5,0.0609,road
87,1,centralized,Off-Peak,Central Road Only,2.4617,1.2308,3692.48,0.1477,road
87,1,centralized,Off-Peak,Central Road + Metro,2.4617,1.2308,3692.48,0.1477,road
87,1,centralized,Off-Peak,Central Road + Waterbus,2.4617,1.2308,3692.48,0.1477,road
87,1,centralized,Off-Peak,Central Full Multimodal,2.4617,1.2308,3692.48,0.1477,road
87,1,centralized,Peak,Central Road Only,6.1541,1.2308,3692.48,0.1477,road
87,1,centralized,Peak,Central Road + Metro,6.1541,1.2308,3692.48,0.1477,road
87,1,centralized,Peak,Central Road + Waterbus,6.1541,1.2308,3692.48,0.1477,road
87,1,centralized,Peak,Central Full Multimodal,6.1541,1.2308,3692.48,0.1477,road
88,2,nearest,Off-Peak,Road Only,0.8633,0.4317,1295.02,0.0518,road
88,2,nearest,Off-Peak,Road + Metro,0.8633,0.4317,1295.02,0.0518,road
88,2,nearest,Off-Peak,Road + Waterbus,0.8633,0.4317,1295.02,0.0518,road
88,2,nearest,Off-Peak,Full Multimodal,0.8633,0.4317,1295.02,0.0518,road
88,2,nearest,Peak,Road Only,2.1584,0.4317,1295.02,0.0518,road
88,2,nearest,Peak,Road + Metro,2.1584,0.4317,1295.02,0.0518,road
88,2,nearest,Peak,Road + Waterbus,2.1584,0.4317,1295.02,0.0518,road
88,2,nearest,Peak,Full Multimodal,2.1584,0.4317,1295.02,0.0518,road
88,1,centralized,Off-Peak,Central Road Only,2.5479,1.2739,3821.81,0.1529,road
88,1,centralized,Off-Peak,Central Road + Metro,2.5479,1.2739,3821.81,0.1529,road
88,1,centralized,Off-Peak,Central Road + Waterbus,2.5479,1.2739,3821.81,0.1529,road
88,1,centralized,Off-Peak,Central Full Multimodal,2.5479,1.2739,3821.81,0.1529,road
88,1,centralized,Peak,Central Road Only,6.3697,1.2739,3821.81,0.1529,road
88,1,centralized,Peak,Central Road + Metro,6.3697,1.2739,3821.81,0.1529,road
88,1,centralized,Peak,Central Road + Waterbus,6.3697,1.2739,3821.81,0.1529,road
88,1,centralized,Peak,Central Full Multimodal,6.3697,1.2739,3821.81,0.1529,road
89,2,nearest,Off-Peak,Road Only,1.5825,0.7912,2373.71,0.0949,road
89,2,nearest,Off-Peak,Road + Metro,1.5825,0.7912,2373.71,0.0949,road
89,2,nearest,Off-Peak,Road + Waterbus,1.5825,0.7912,2373.71,0.0949,road
89,2,nearest,Off-Peak,Full Multimodal,1.5825,0.7912,2373.71,0.0949,road
89,2,nearest,Peak,Road Only,3.9562,0.7912,2373.71,0.0949,road
89,2,nearest,Peak,Road + Metro,3.9562,0.7912,2373.71,0.0949,road
89,2,nearest,Peak,Road + Waterbus,3.9562,0.7912,2373.71,0.0949,road
89,2,nearest,Peak,Full Multimodal,3.9562,0.7912,2373.71,0.0949,road
89,1,centralized,Off-Peak,Central Road Only,1.2842,0.6421,1926.33,0.0771,road
89,1,centralized,Off-Peak,Central Road + Metro,1.2842,0.6421,1926.33,0.0771,road
89,1,centralized,Off-Peak,Central Road + Waterbus,1.2842,0.6421,1926.33,0.0771,road
89,1,centralized,Off-Peak,Central Full Multimodal,1.2842,0.6421,1926.33,0.0771,road
89,1,centralized,Peak,Central Road Only,3.2106,0.6421,1926.33,0.0771,road
89,1,centralized,Peak,Central Road + Metro,3.2106,0.6421,1926.33,0.0771,road
89,1,centralized,Peak,Central Road + Waterbus,3.2106,0.6421,1926.33,0.0771,road
89,1,centralized,Peak,Central Full Multimodal,3.2106,0.6421,1926.33,0.0771,road
91,2,nearest,Off-Peak,Road Only,0.5706,0.2853,855.94,0.0342,road
91,2,nearest,Off-Peak,Road + Metro,0.5706,0.2853,855.94,0.0342,road
91,2,nearest,Off-Peak,Road + Waterbus,0.5706,0.2853,855.94,0.0342,road
91,2,nearest,Off-Peak,Full Multimodal,0.5706,0.2853,855.94,0.0342,road
91,2,nearest,Peak,Road Only,1.4266,0.2853,855.94,0.0342,road
91,2,nearest,Peak,Road + Metro,1.4266,0.2853,855.94,0.0342,road
91,2,nearest,Peak,Road + Waterbus,1.4266,0.2853,855.94,0.0342,road
91,2,nearest,Peak,Full Multimodal,1.4266,0.2853,855.94,0.0342,road
91,1,centralized,Off-Peak,Central Road Only,1.5229,0.7615,2284.39,0.0914,road
91,1,centralized,Off-Peak,Central Road + Metro,1.5229,0.7615,2284.39,0.0914,road
91,1,centralized,Off-Peak,Central Road + Waterbus,1.5229,0.7615,2284.39,0.0914,road
91,1,centralized,Off-Peak,Central Full Multimodal,1.5229,0.7615,2284.39,0.0914,road
91,1,centralized,Peak,Central Road Only,3.8073,0.7615,2284.39,0.0914,road
91,1,centralized,Peak,Central Road + Metro,3.8073,0.7615,2284.39,0.0914,road
91,1,centralized,Peak,Central Road + Waterbus,3.8073,0.7615,2284.39,0.0914,road
91,1,centralized,Peak,Central Full Multimodal,3.8073,0.7615,2284.39,0.0914,road
92,2,nearest,Off-Peak,Road Only,1.1544,0.5772,1731.62,0.0693,road
92,2,nearest,Off-Peak,Road + Metro,1.1544,0.5772,1731.62,0.0693,road
92,2,nearest,Off-Peak,Road + Waterbus,1.1544,0.5772,1731.62,0.0693,road
92,2,nearest,Off-Peak,Full Multimodal,1.1544,0.5772,1731.62,0.0693,road
92,2,nearest,Peak,Road Only,2.886,0.5772,1731.62,0.0693,road
92,2,nearest,Peak,Road + Metro,2.886,0.5772,1731.62,0.0693,road
92,2,nearest,Peak,Road + Waterbus,2.886,0.5772,1731.62,0.0693,road
92,2,nearest,Peak,Full Multimodal,2.886,0.5772,1731.62,0.0693,road
92,1,centralized,Off-Peak,Central Road Only,2.8752,1.4376,4312.83,0.1725,road
92,1,centralized,Off-Peak,Central Road + Metro,2.8752,1.4376,4312.83,0.1725,road
92,1,centralized,Off-Peak,Central Road + Waterbus,2.8752,1.4376,4312.83,0.1725,road
92,1,centralized,Off-Peak,Central Full Multimodal,2.8752,1.4376,4312.83,0.1725,road
92,1,centralized,Peak,Central Road Only,7.1881,1.4376,4312.83,0.1725,road
92,1,centralized,Peak,Central Road + Metro,7.1881,1.4376,4312.83,0.1725,road
92,1,centralized,Peak,Central Road + Waterbus,7.1881,1.4376,4312.83,0.1725,road
92,1,centralized,Peak,Central Full Multimodal,7.1881,1.4376,4312.83,0.1725,road
93,2,nearest,Off-Peak,Road Only,1.9466,0.9733,2919.94,0.1168,road
93,2,nearest,Off-Peak,Road + Metro,1.9466,0.9733,2919.94,0.1168,road
93,2,nearest,Off-Peak,Road + Waterbus,1.9466,0.9733,2919.94,0.1168,road
93,2,nearest,Off-Peak,Full Multimodal,1.9466,0.9733,2919.94,0.1168,road
93,2,nearest,Peak,Road Only,4.8666,0.9733,2919.94,0.1168,road
93,2,nearest,Peak,Road + Metro,4.8666,0.9733,2919.94,0.1168,road
93,2,nearest,Peak,Road + Waterbus,4.8666,0.9733,2919.94,0.1168,road
93,2,nearest,Peak,Full Multimodal,4.8666,0.9733,2919.94,0.1168,road
93,1,centralized,Off-Peak,Central Road Only,1.7426,0.8713,2613.86,0.1046,road
93,1,centralized,Off-Peak,Central Road + Metro,1.7426,0.8713,2613.86,0.1046,road
93,1,centralized,Off-Peak,Central Road + Waterbus,1.7426,0.8713,2613.86,0.1046,road
93,1,centralized,Off-Peak,Central Full Multimodal,1.7426,0.8713,2613.86,0.1046,road
93,1,centralized,Peak,Central Road Only,4.3564,0.8713,2613.86,0.1046,road
93,1,centralized,Peak,Central Road + Metro,4.3564,0.8713,2613.86,0.1046,road
93,1,centralized,Peak,Central Road + Waterbus,4.3564,0.8713,2613.86,0.1046,road
93,1,centralized,Peak,Central Full Multimodal,4.3564,0.8713,2613.86,0.1046,road
94,2,nearest,Off-Peak,Road Only,1.4233,0.7117,2135.02,0.0854,road
94,2,nearest,Off-Peak,Road + Metro,1.4233,0.7117,2135.02,0.0854,road
94,2,nearest,Off-Peak,Road + Waterbus,1.4233,0.7117,2135.02,0.0854,road
94,2,nearest,Off-Peak,Full Multimodal,1.4233,0.7117,2135.02,0.0854,road
94,2,nearest,Peak,Road Only,3.5584,0.7117,2135.02,0.0854,road
94,2,nearest,Peak,Road + Metro,3.5584,0.7117,2135.02,0.0854,road
94,2,nearest,Peak,Road + Waterbus,3.5584,0.7117,2135.02,0.0854,road
94,2,nearest,Peak,Full Multimodal,3.5584,0.7117,2135.02,0.0854,road
94,1,centralized,Off-Peak,Central Road Only,1.4411,0.7205,2161.61,0.0865,road
94,1,centralized,Off-Peak,Central Road + Metro,1.4411,0.7205,2161.61,0.0865,road
94,1,centralized,Off-Peak,Central Road + Waterbus,1.4411,0.7205,2161.61,0.0865,road
94,1,centralized,Off-Peak,Central Full Multimodal,1.4411,0.7205,2161.61,0.0865,road
94,1,centralized,Peak,Central Road Only,3.6027,0.7205,2161.61,0.0865,road
94,1,centralized,Peak,Central Road + Metro,3.6027,0.7205,2161.61,0.0865,road
94,1,centralized,Peak,Central Road + Waterbus,3.6027,0.7205,2161.61,0.0865,road
94,1,centralized,Peak,Central Full Multimodal,3.6027,0.7205,2161.61,0.0865,road
95,1,nearest,Off-Peak,Road Only,1.2537,0.6268,1880.49,0.0752,road
95,1,nearest,Off-Peak,Road + Metro,1.2537,0.6268,1880.49,0.0752,road
95,1,nearest,Off-Peak,Road + Waterbus,1.2537,0.6268,1880.49,0.0752,road
95,1,nearest,Off-Peak,Full Multimodal,1.2537,0.6268,1880.49,0.0752,road
95,1,nearest,Peak,Road Only,3.1341,0.6268,1880.49,0.0752,road
95,1,nearest,Peak,Road + Metro,3.1341,0.6268,1880.49,0.0752,road
95,1,nearest,Peak,Road + Waterbus,3.1341,0.6268,1880.49,0.0752,road
95,1,nearest,Peak,Full Multimodal,3.1341,0.6268,1880.49,0.0752,road
95,1,centralized,Off-Peak,Central Road Only,1.2537,0.6268,1880.49,0.0752,road
95,1,centralized,Off-Peak,Central Road + Metro,1.2537,0.6268,1880.49,0.0752,road
95,1,centralized,Off-Peak,Central Road + Waterbus,1.2537,0.6268,1880.49,0.0752,road
95,1,centralized,Off-Peak,Central Full Multimodal,1.2537,0.6268,1880.49,0.0752,road
95,1,centralized,Peak,Central Road Only,3.1341,0.6268,1880.49,0.0752,road
95,1,centralized,Peak,Central Road + Metro,3.1341,0.6268,1880.49,0.0752,road
95,1,centralized,Peak,Central Road + Waterbus,3.1341,0.6268,1880.49,0.0752,road
95,1,centralized,Peak,Central Full Multimodal,3.1341,0.6268,1880.49,0.0752,road
96,1,nearest,Off-Peak,Road Only,2.0487,1.0243,3072.99,0.1229,road
96,1,nearest,Off-Peak,Road + Metro,2.0487,1.0243,3072.99,0.1229,road
96,1,nearest,Off-Peak,Road + Waterbus,2.0487,1.0243,3072.99,0.1229,road
96,1,nearest,Off-Peak,Full Multimodal,2.0487,1.0243,3072.99,0.1229,road
96,1,nearest,Peak,Road Only,5.1216,1.0243,3072.99,0.1229,road
96,1,nearest,Peak,Road + Metro,5.1216,1.0243,3072.99,0.1229,road
96,1,nearest,Peak,Road + Waterbus,5.1216,1.0243,3072.99,0.1229,road
96,1,nearest,Peak,Full Multimodal,5.1216,1.0243,3072.99,0.1229,road
96,1,centralized,Off-Peak,Central Road Only,2.0487,1.0243,3072.99,0.1229,road
96,1,centralized,Off-Peak,Central Road + Metro,2.0487,1.0243,3072.99,0.1229,road
96,1,centralized,Off-Peak,Central Road + Waterbus,2.0487,1.0243,3072.99,0.1229,road
96,1,centralized,Off-Peak,Central Full Multimodal,2.0487,1.0243,3072.99,0.1229,road
96,1,centralized,Peak,Central Road Only,5.1216,1.0243,3072.99,0.1229,road
96,1,centralized,Peak,Central Road + Metro,5.1216,1.0243,3072.99,0.1229,road
96,1,centralized,Peak,Central Road + Waterbus,5.1216,1.0243,3072.99,0.1229,road
96,1,centralized,Peak,Central Full Multimodal,5.1216,1.0243,3072.99,0.1229,road
97,1,nearest,Off-Peak,Road Only,1.6637,0.8318,2495.54,0.0998,road
97,1,nearest,Off-Peak,Road + Metro,1.6637,0.8318,2495.54,0.0998,road
97,1,nearest,Off-Peak,Road + Waterbus,1.6637,0.8318,2495.54,0.0998,road
97,1,nearest,Off-Peak,Full Multimodal,1.6637,0.8318,2495.54,0.0998,road
97,1,nearest,Peak,Road Only,4.1592,0.8318,2495.54,0.0998,road
97,1,nearest,Peak,Road + Metro,4.1592,0.8318,2495.54,0.0998,road
97,1,nearest,Peak,Road + Waterbus,4.1592,0.8318,2495.54,0.0998,road
97,1,nearest,Peak,Full Multimodal,4.1592,0.8318,2495.54,0.0998,road
97,1,centralized,Off-Peak,Central Road Only,1.6637,0.8318,2495.54,0.0998,road
97,1,centralized,Off-Peak,Central Road + Metro,1.6637,0.8318,2495.54,0.0998,road
97,1,centralized,Off-Peak,Central Road + Waterbus,1.6637,0.8318,2495.54,0.0998,road
97,1,centralized,Off-Peak,Central Full Multimodal,1.6637,0.8318,2495.54,0.0998,road
97,1,centralized,Peak,Central Road Only,4.1592,0.8318,2495.54,0.0998,road
97,1,centralized,Peak,Central Road + Metro,4.1592,0.8318,2495.54,0.0998,road
97,1,centralized,Peak,Central Road + Waterbus,4.1592,0.8318,2495.54,0.0998,road
97,1,centralized,Peak,Central Full Multimodal,4.1592,0.8318,2495.54,0.0998,road
98,1,nearest,Off-Peak,Road Only,1.6367,0.8183,2454.98,0.0982,road
98,1,nearest,Off-Peak,Road + Metro,1.6367,0.8183,2454.98,0.0982,road
98,1,nearest,Off-Peak,Road + Waterbus,1.6367,0.8183,2454.98,0.0982,road
98,1,nearest,Off-Peak,Full Multimodal,1.6367,0.8183,2454.98,0.0982,road
98,1,nearest,Peak,Road Only,4.0916,0.8183,2454.98,0.0982,road
98,1,nearest,Peak,Road + Metro,4.0916,0.8183,2454.98,0.0982,road
98,1,nearest,Peak,Road + Waterbus,4.0916,0.8183,2454.98,0.0982,road
98,1,nearest,Peak,Full Multimodal,4.0916,0.8183,2454.98,0.0982,road
98,1,centralized,Off-Peak,Central Road Only,1.6367,0.8183,2454.98,0.0982,road
98,1,centralized,Off-Peak,Central Road + Metro,1.6367,0.8183,2454.98,0.0982,road
98,1,centralized,Off-Peak,Central Road + Waterbus,1.6367,0.8183,2454.98,0.0982,road
98,1,centralized,Off-Peak,Central Full Multimodal,1.6367,0.8183,2454.98,0.0982,road
98,1,centralized,Peak,Central Road Only,4.0916,0.8183,2454.98,0.0982,road
98,1,centralized,Peak,Central Road + Metro,4.0916,0.8183,2454.98,0.0982,road
98,1,centralized,Peak,Central Road + Waterbus,4.0916,0.8183,2454.98,0.0982,road
98,1,centralized,Peak,Central Full Multimodal,4.0916,0.8183,2454.98,0.0982,road
99,1,nearest,Off-Peak,Road Only,1.4472,0.7236,2170.73,0.0868,road
99,1,nearest,Off-Peak,Road + Metro,1.4472,0.7236,2170.73,0.0868,road
99,1,nearest,Off-Peak,Road + Waterbus,1.4472,0.7236,2170.73,0.0868,road
99,1,nearest,Off-Peak,Full Multimodal,1.4472,0.7236,2170.73,0.0868,road
99,1,nearest,Peak,Road Only,3.6179,0.7236,2170.73,0.0868,road
99,1,nearest,Peak,Road + Metro,3.6179,0.7236,2170.73,0.0868,road
99,1,nearest,Peak,Road + Waterbus,3.6179,0.7236,2170.73,0.0868,road
99,1,nearest,Peak,Full Multimodal,3.6179,0.7236,2170.73,0.0868,road
99,1,centralized,Off-Peak,Central Road Only,1.4472,0.7236,2170.73,0.0868,road
99,1,centralized,Off-Peak,Central Road + Metro,1.4472,0.7236,2170.73,0.0868,road
99,1,centralized,Off-Peak,Central Road + Waterbus,1.4472,0.7236,2170.73,0.0868,road
99,1,centralized,Off-Peak,Central Full Multimodal,1.4472,0.7236,2170.73,0.0868,road
99,1,centralized,Peak,Central Road Only,3.6179,0.7236,2170.73,0.0868,road
99,1,centralized,Peak,Central Road + Metro,3.6179,0.7236,2170.73,0.0868,road
99,1,centralized,Peak,Central Road + Waterbus,3.6179,0.7236,2170.73,0.0868,road
99,1,centralized,Peak,Central Full Multimodal,3.6179,0.7236,2170.73,0.0868,road
100,1,nearest,Off-Peak,Road Only,1.4653,0.7327,2198.0,0.0879,road
100,1,nearest,Off-Peak,Road + Metro,1.4653,0.7327,2198.0,0.0879,road
100,1,nearest,Off-Peak,Road + Waterbus,1.4653,0.7327,2198.0,0.0879,road
100,1,nearest,Off-Peak,Full Multimodal,1.4653,0.7327,2198.0,0.0879,road
100,1,nearest,Peak,Road Only,3.6633,0.7327,2198.0,0.0879,road
100,1,nearest,Peak,Road + Metro,3.6633,0.7327,2198.0,0.0879,road
100,1,nearest,Peak,Road + Waterbus,3.6633,0.7327,2198.0,0.0879,road
100,1,nearest,Peak,Full Multimodal,3.6633,0.7327,2198.0,0.0879,road
100,1,centralized,Off-Peak,Central Road Only,1.4653,0.7327,2198.0,0.0879,road
100,1,centralized,Off-Peak,Central Road + Metro,1.4653,0.7327,2198.0,0.0879,road
100,1,centralized,Off-Peak,Central Road + Waterbus,1.4653,0.7327,2198.0,0.0879,road
100,1,centralized,Off-Peak,Central Full Multimodal,1.4653,0.7327,2198.0,0.0879,road
100,1,centralized,Peak,Central Road Only,3.6633,0.7327,2198.0,0.0879,road
100,1,centralized,Peak,Central Road + Metro,3.6633,0.7327,2198.0,0.0879,road
100,1,centralized,Peak,Central Road + Waterbus,3.6633,0.7327,2198.0,0.0879,road
100,1,centralized,Peak,Central Full Multimodal,3.6633,0.7327,2198.0,0.0879,road
101,2,nearest,Off-Peak,Road Only,2.413,1.2065,3619.56,0.1448,road
101,2,nearest,Off-Peak,Road + Metro,2.413,1.2065,3619.56,0.1448,road
101,2,nearest,Off-Peak,Road + Waterbus,2.413,1.2065,3619.56,0.1448,road
101,2,nearest,Off-Peak,Full Multimodal,2.413,1.2065,3619.56,0.1448,road
101,2,nearest,Peak,Road Only,6.0326,1.2065,3619.56,0.1448,road
101,2,nearest,Peak,Road + Metro,6.0326,1.2065,3619.56,0.1448,road
101,2,nearest,Peak,Road + Waterbus,6.0326,1.2065,3619.56,0.1448,road
101,2,nearest,Peak,Full Multimodal,6.0326,1.2065,3619.56,0.1448,road
101,1,centralized,Off-Peak,Central Road Only,2.3972,1.1986,3595.76,0.1438,road
101,1,centralized,Off-Peak,Central Road + Metro,2.3972,1.1986,3595.76,0.1438,road
101,1,centralized,Off-Peak,Central Road + Waterbus,2.3972,1.1986,3595.76,0.1438,road
101,1,centralized,Off-Peak,Central Full Multimodal,2.3972,1.1986,3595.76,0.1438,road
101,1,centralized,Peak,Central Road Only,5.9929,1.1986,3595.76,0.1438,road
101,1,centralized,Peak,Central Road + Metro,5.9929,1.1986,3595.76,0.1438,road
101,1,centralized,Peak,Central Road + Waterbus,5.9929,1.1986,3595.76,0.1438,road
101,1,centralized,Peak,Central Full Multimodal,5.9929,1.1986,3595.76,0.1438,road
102,1,nearest,Off-Peak,Road Only,1.8434,0.9217,2765.08,0.1106,road
102,1,nearest,Off-Peak,Road + Metro,1.8434,0.9217,2765.08,0.1106,road
102,1,nearest,Off-Peak,Road + Waterbus,1.8434,0.9217,2765.08,0.1106,road
102,1,nearest,Off-Peak,Full Multimodal,1.8434,0.9217,2765.08,0.1106,road
102,1,nearest,Peak,Road Only,4.6085,0.9217,2765.08,0.1106,road
102,1,nearest,Peak,Road + Metro,4.6085,0.9217,2765.08,0.1106,road
102,1,nearest,Peak,Road + Waterbus,4.6085,0.9217,2765.08,0.1106,road
102,1,nearest,Peak,Full Multimodal,4.6085,0.9217,2765.08,0.1106,road
102,1,centralized,Off-Peak,Central Road Only,1.8434,0.9217,2765.08,0.1106,road
102,1,centralized,Off-Peak,Central Road + Metro,1.8434,0.9217,2765.08,0.1106,road
102,1,centralized,Off-Peak,Central Road + Waterbus,1.8434,0.9217,2765.08,0.1106,road
102,1,centralized,Off-Peak,Central Full Multimodal,1.8434,0.9217,2765.08,0.1106,road
102,1,centralized,Peak,Central Road Only,4.6085,0.9217,2765.08,0.1106,road
102,1,centralized,Peak,Central Road + Metro,4.6085,0.9217,2765.08,0.1106,road
102,1,centralized,Peak,Central Road + Waterbus,4.6085,0.9217,2765.08,0.1106,road
102,1,centralized,Peak,Central Full Multimodal,4.6085,0.9217,2765.08,0.1106,road
103,2,nearest,Off-Peak,Road Only,1.4233,0.7117,2135.02,0.0854,road
103,2,nearest,Off-Peak,Road + Metro,1.4233,0.7117,2135.02,0.0854,road
103,2,nearest,Off-Peak,Road + Waterbus,1.4233,0.7117,2135.02,0.0854,road
103,2,nearest,Off-Peak,Full Multimodal,1.4233,0.7117,2135.02,0.0854,road
103,2,nearest,Peak,Road Only,3.5584,0.7117,2135.02,0.0854,road
103,2,nearest,Peak,Road + Metro,3.5584,0.7117,2135.02,0.0854,road
103,2,nearest,Peak,Road + Waterbus,3.5584,0.7117,2135.02,0.0854,road
103,2,nearest,Peak,Full Multimodal,3.5584,0.7117,2135.02,0.0854,road
103,1,centralized,Off-Peak,Central Road Only,1.4411,0.7205,2161.61,0.0865,road
103,1,centralized,Off-Peak,Central Road + Metro,1.4411,0.7205,2161.61,0.0865,road
103,1,centralized,Off-Peak,Central Road + Waterbus,1.4411,0.7205,2161.61,0.0865,road
103,1,centralized,Off-Peak,Central Full Multimodal,1.4411,0.7205,2161.61,0.0865,road
103,1,centralized,Peak,Central Road Only,3.6027,0.7205,2161.61,0.0865,road
103,1,centralized,Peak,Central Road + Metro,3.6027,0.7205,2161.61,0.0865,road
103,1,centralized,Peak,Central Road + Waterbus,3.6027,0.7205,2161.61,0.0865,road
103,1,centralized,Peak,Central Full Multimodal,3.6027,0.7205,2161.61,0.0865,road
104,1,nearest,Off-Peak,Road Only,1.7665,0.8832,2649.7,0.106,road
104,1,nearest,Off-Peak,Road + Metro,1.7665,0.8832,2649.7,0.106,road
104,1,nearest,Off-Peak,Road + Waterbus,1.7665,0.8832,2649.7,0.106,road
104,1,nearest,Off-Peak,Full Multimodal,1.7665,0.8832,2649.7,0.106,road
104,1,nearest,Peak,Road Only,4.4162,0.8832,2649.7,0.106,road
104,1,nearest,Peak,Road + Metro,4.4162,0.8832,2649.7,0.106,road
104,1,nearest,Peak,Road + Waterbus,4.4162,0.8832,2649.7,0.106,road
104,1,nearest,Peak,Full Multimodal,4.4162,0.8832,2649.7,0.106,road
104,1,centralized,Off-Peak,Central Road Only,1.7665,0.8832,2649.7,0.106,road
104,1,centralized,Off-Peak,Central Road + Metro,1.7665,0.8832,2649.7,0.106,road
104,1,centralized,Off-Peak,Central Road + Waterbus,1.7665,0.8832,2649.7,0.106,road
104,1,centralized,Off-Peak,Central Full Multimodal,1.7665,0.8832,2649.7,0.106,road
104,1,centralized,Peak,Central Road Only,4.4162,0.8832,2649.7,0.106,road
104,1,centralized,Peak,Central Road + Metro,4.4162,0.8832,2649.7,0.106,road
104,1,centralized,Peak,Central Road + Waterbus,4.4162,0.8832,2649.7,0.106,road
104,1,centralized,Peak,Central Full Multimodal,4.4162,0.8832,2649.7,0.106,road
105,1,nearest,Off-Peak,Road Only,1.4446,0.7223,2166.97,0.0867,road
105,1,nearest,Off-Peak,Road + Metro,1.4446,0.7223,2166.97,0.0867,road
105,1,nearest,Off-Peak,Road + Waterbus,1.4446,0.7223,2166.97,0.0867,road
105,1,nearest,Off-Peak,Full Multimodal,1.4446,0.7223,2166.97,0.0867,road
105,1,nearest,Peak,Road Only,3.6116,0.7223,2166.97,0.0867,road
105,1,nearest,Peak,Road + Metro,3.6116,0.7223,2166.97,0.0867,road
105,1,nearest,Peak,Road + Waterbus,3.6116,0.7223,2166.97,0.0867,road
105,1,nearest,Peak,Full Multimodal,3.6116,0.7223,2166.97,0.0867,road
105,1,centralized,Off-Peak,Central Road Only,1.4446,0.7223,2166.97,0.0867,road
105,1,centralized,Off-Peak,Central Road + Metro,1.4446,0.7223,2166.97,0.0867,road
105,1,centralized,Off-Peak,Central Road + Waterbus,1.4446,0.7223,2166.97,0.0867,road
105,1,centralized,Off-Peak,Central Full Multimodal,1.4446,0.7223,2166.97,0.0867,road
105,1,centralized,Peak,Central Road Only,3.6116,0.7223,2166.97,0.0867,road
105,1,centralized,Peak,Central Road + Metro,3.6116,0.7223,2166.97,0.0867,road
105,1,centralized,Peak,Central Road + Waterbus,3.6116,0.7223,2166.97,0.0867,road
105,1,centralized,Peak,Central Full Multimodal,3.6116,0.7223,2166.97,0.0867,road
106,2,nearest,Off-Peak,Road Only,0.8789,0.4395,1318.36,0.0527,road
106,2,nearest,Off-Peak,Road + Metro,0.8789,0.4395,1318.36,0.0527,road
106,2,nearest,Off-Peak,Road + Waterbus,0.8789,0.4395,1318.36,0.0527,road
106,2,nearest,Off-Peak,Full Multimodal,0.8789,0.4395,1318.36,0.0527,road
106,2,nearest,Peak,Road Only,2.1973,0.4395,1318.36,0.0527,road
106,2,nearest,Peak,Road + Metro,2.1973,0.4395,1318.36,0.0527,road
106,2,nearest,Peak,Road + Waterbus,2.1973,0.4395,1318.36,0.0527,road
106,2,nearest,Peak,Full Multimodal,2.1973,0.4395,1318.36,0.0527,road
106,1,centralized,Off-Peak,Central Road Only,2.5997,1.2999,3899.57,0.156,road
106,1,centralized,Off-Peak,Central Road + Metro,2.5997,1.2999,3899.57,0.156,road
106,1,centralized,Off-Peak,Central Road + Waterbus,2.5997,1.2999,3899.57,0.156,road
106,1,centralized,Off-Peak,Central Full Multimodal,2.5997,1.2999,3899.57,0.156,road
106,1,centralized,Peak,Central Road Only,6.4993,1.2999,3899.57,0.156,road
106,1,centralized,Peak,Central Road + Metro,6.4993,1.2999,3899.57,0.156,road
106,1,centralized,Peak,Central Road + Waterbus,6.4993,1.2999,3899.57,0.156,road
106,1,centralized,Peak,Central Full Multimodal,6.4993,1.2999,3899.57,0.156,road
107,2,nearest,Off-Peak,Road Only,3.9796,1.9898,5969.45,0.2388,road
107,2,nearest,Off-Peak,Road + Metro,3.9796,1.9898,5969.45,0.2388,road
107,2,nearest,Off-Peak,Road + Waterbus,3.9796,1.9898,5969.45,0.2388,road
107,2,nearest,Off-Peak,Full Multimodal,3.9796,1.9898,5969.45,0.2388,road
107,2,nearest,Peak,Road Only,9.9491,1.9898,5969.45,0.2388,road
107,2,nearest,Peak,Road + Metro,9.9491,1.9898,5969.45,0.2388,road
107,2,nearest,Peak,Road + Waterbus,9.9491,1.9898,5969.45,0.2388,road
107,2,nearest,Peak,Full Multimodal,9.9491,1.9898,5969.45,0.2388,road
107,1,centralized,Off-Peak,Central Road Only,5.4256,2.7128,8138.43,0.3255,road
107,1,centralized,Off-Peak,Central Road + Metro,5.4256,2.7128,8138.43,0.3255,road
107,1,centralized,Off-Peak,Central Road + Waterbus,5.4256,2.7128,8138.43,0.3255,road
107,1,centralized,Off-Peak,Central Full Multimodal,5.4256,2.7128,8138.43,0.3255,road
107,1,centralized,Peak,Central Road Only,13.5641,2.7128,8138.43,0.3255,road
107,1,centralized,Peak,Central Road + Metro,13.5641,2.7128,8138.43,0.3255,road
107,1,centralized,Peak,Central Road + Waterbus,13.5641,2.7128,8138.43,0.3255,road
107,1,centralized,Peak,Central Full Multimodal,13.5641,2.7128,8138.43,0.3255,road
108,1,nearest,Off-Peak,Road Only,1.9641,0.982,2946.12,0.1178,road
108,1,nearest,Off-Peak,Road + Metro,1.9641,0.982,2946.12,0.1178,road
108,1,nearest,Off-Peak,Road + Waterbus,1.9641,0.982,2946.12,0.1178,road
108,1,nearest,Off-Peak,Full Multimodal,1.9641,0.982,2946.12,0.1178,road
108,1,nearest,Peak,Road Only,4.9102,0.982,2946.12,0.1178,road
108,1,nearest,Peak,Road + Metro,4.9102,0.982,2946.12,0.1178,road
108,1,nearest,Peak,Road + Waterbus,4.9102,0.982,2946.12,0.1178,road
108,1,nearest,Peak,Full Multimodal,4.9102,0.982,2946.12,0.1178,road
108,1,centralized,Off-Peak,Central Road Only,1.9641,0.982,2946.12,0.1178,road
108,1,centralized,Off-Peak,Central Road + Metro,1.9641,0.982,2946.12,0.1178,road
108,1,centralized,Off-Peak,Central Road + Waterbus,1.9641,0.982,2946.12,0.1178,road
108,1,centralized,Off-Peak,Central Full Multimodal,1.9641,0.982,2946.12,0.1178,road
108,1,centralized,Peak,Central Road Only,4.9102,0.982,2946.12,0.1178,road
108,1,centralized,Peak,Central Road + Metro,4.9102,0.982,2946.12,0.1178,road
108,1,centralized,Peak,Central Road + Waterbus,4.9102,0.982,2946.12,0.1178,road
108,1,centralized,Peak,Central Full Multimodal,4.9102,0.982,2946.12,0.1178,road
109,1,nearest,Off-Peak,Road Only,1.6637,0.8318,2495.54,0.0998,road
109,1,nearest,Off-Peak,Road + Metro,1.6637,0.8318,2495.54,0.0998,road
109,1,nearest,Off-Peak,Road + Waterbus,1.6637,0.8318,2495.54,0.0998,road
109,1,nearest,Off-Peak,Full Multimodal,1.6637,0.8318,2495.54,0.0998,road
109,1,nearest,Peak,Road Only,4.1592,0.8318,2495.54,0.0998,road
109,1,nearest,Peak,Road + Metro,4.1592,0.8318,2495.54,0.0998,road
109,1,nearest,Peak,Road + Waterbus,4.1592,0.8318,2495.54,0.0998,road
109,1,nearest,Peak,Full Multimodal,4.1592,0.8318,2495.54,0.0998,road
109,1,centralized,Off-Peak,Central Road Only,1.6637,0.8318,2495.54,0.0998,road
109,1,centralized,Off-Peak,Central Road + Metro,1.6637,0.8318,2495.54,0.0998,road
109,1,centralized,Off-Peak,Central Road + Waterbus,1.6637,0.8318,2495.54,0.0998,road
109,1,centralized,Off-Peak,Central Full Multimodal,1.6637,0.8318,2495.54,0.0998,road
109,1,centralized,Peak,Central Road Only,4.1592,0.8318,2495.54,0.0998,road
109,1,centralized,Peak,Central Road + Metro,4.1592,0.8318,2495.54,0.0998,road
109,1,centralized,Peak,Central Road + Waterbus,4.1592,0.8318,2495.54,0.0998,road
109,1,centralized,Peak,Central Full Multimodal,4.1592,0.8318,2495.54,0.0998,road
110,2,nearest,Off-Peak,Road Only,1.1561,0.578,1734.14,0.0694,road
110,2,nearest,Off-Peak,Road + Metro,1.1561,0.578,1734.14,0.0694,road
110,2,nearest,Off-Peak,Road + Waterbus,1.1561,0.578,1734.14,0.0694,road
110,2,nearest,Off-Peak,Full Multimodal,1.1561,0.578,1734.14,0.0694,road
110,2,nearest,Peak,Road Only,2.8902,0.578,1734.14,0.0694,road
110,2,nearest,Peak,Road + Metro,2.8902,0.578,1734.14,0.0694,road
110,2,nearest,Peak,Road + Waterbus,2.8902,0.578,1734.14,0.0694,road
110,2,nearest,Peak,Full Multimodal,2.8902,0.578,1734.14,0.0694,road
110,1,centralized,Off-Peak,Central Road Only,1.7106,0.8553,2565.91,0.1026,road
110,1,centralized,Off-Peak,Central Road + Metro,1.7106,0.8553,2565.91,0.1026,road
110,1,centralized,Off-Peak,Central Road + Waterbus,1.7106,0.8553,2565.91,0.1026,road
110,1,centralized,Off-Peak,Central Full Multimodal,1.7106,0.8553,2565.91,0.1026,road
110,1,centralized,Peak,Central Road Only,4.2765,0.8553,2565.91,0.1026,road
110,1,centralized,Peak,Central Road + Metro,4.2765,0.8553,2565.91,0.1026,road
110,1,centralized,Peak,Central Road + Waterbus,4.2765,0.8553,2565.91,0.1026,road
110,1,centralized,Peak,Central Full Multimodal,4.2765,0.8553,2565.91,0.1026,road
111,1,nearest,Off-Peak,Road Only,1.8214,0.9107,2732.17,0.1093,road
111,1,nearest,Off-Peak,Road + Metro,1.8214,0.9107,2732.17,0.1093,road
111,1,nearest,Off-Peak,Road + Waterbus,1.8214,0.9107,2732.17,0.1093,road
111,1,nearest,Off-Peak,Full Multimodal,1.8214,0.9107,2732.17,0.1093,road
111,1,nearest,Peak,Road Only,4.5536,0.9107,2732.17,0.1093,road
111,1,nearest,Peak,Road + Metro,4.5536,0.9107,2732.17,0.1093,road
111,1,nearest,Peak,Road + Waterbus,4.5536,0.9107,2732.17,0.1093,road
111,1,nearest,Peak,Full Multimodal,4.5536,0.9107,2732.17,0.1093,road
111,1,centralized,Off-Peak,Central Road Only,1.8214,0.9107,2732.17,0.1093,road
111,1,centralized,Off-Peak,Central Road + Metro,1.8214,0.9107,2732.17,0.1093,road
111,1,centralized,Off-Peak,Central Road + Waterbus,1.8214,0.9107,2732.17,0.1093,road
111,1,centralized,Off-Peak,Central Full Multimodal,1.8214,0.9107,2732.17,0.1093,road
111,1,centralized,Peak,Central Road Only,4.5536,0.9107,2732.17,0.1093,road
111,1,centralized,Peak,Central Road + Metro,4.5536,0.9107,2732.17,0.1093,road
111,1,centralized,Peak,Central Road + Waterbus,4.5536,0.9107,2732.17,0.1093,road
111,1,centralized,Peak,Central Full Multimodal,4.5536,0.9107,2732.17,0.1093,road
112,2,nearest,Off-Peak,Road Only,1.0221,0.511,1533.11,0.0613,road
112,2,nearest,Off-Peak,Road + Metro,1.0221,0.511,1533.11,0.0613,road
112,2,nearest,Off-Peak,Road + Waterbus,1.0221,0.511,1533.11,0.0613,road
112,2,nearest,Off-Peak,Full Multimodal,1.0221,0.511,1533.11,0.0613,road
112,2,nearest,Peak,Road Only,2.5552,0.511,1533.11,0.0613,road
112,2,nearest,Peak,Road + Metro,2.5552,0.511,1533.11,0.0613,road
112,2,nearest,Peak,Road + Waterbus,2.5552,0.511,1533.11,0.0613,road
112,2,nearest,Peak,Full Multimodal,2.5552,0.511,1533.11,0.0613,road
112,1,centralized,Off-Peak,Central Road Only,1.1754,0.5877,1763.08,0.0705,road
112,1,centralized,Off-Peak,Central Road + Metro,1.1754,0.5877,1763.08,0.0705,road
112,1,centralized,Off-Peak,Central Road + Waterbus,1.1754,0.5877,1763.08,0.0705,road
112,1,centralized,Off-Peak,Central Full Multimodal,1.1754,0.5877,1763.08,0.0705,road
112,1,centralized,Peak,Central Road Only,2.9385,0.5877,1763.08,0.0705,road
112,1,centralized,Peak,Central Road + Metro,2.9385,0.5877,1763.08,0.0705,road
112,1,centralized,Peak,Central Road + Waterbus,2.9385,0.5877,1763.08,0.0705,road
112,1,centralized,Peak,Central Full Multimodal,2.9385,0.5877,1763.08,0.0705,road
113,2,nearest,Off-Peak,Road Only,1.1771,0.5885,1765.59,0.0706,road
113,2,nearest,Off-Peak,Road + Metro,1.1771,0.5885,1765.59,0.0706,road
113,2,nearest,Off-Peak,Road + Waterbus,1.1771,0.5885,1765.59,0.0706,road
113,2,nearest,Off-Peak,Full Multimodal,1.1771,0.5885,1765.59,0.0706,road
113,2,nearest,Peak,Road Only,2.9426,0.5885,1765.59,0.0706,road
113,2,nearest,Peak,Road + Metro,2.9426,0.5885,1765.59,0.0706,road
113,2,nearest,Peak,Road + Waterbus,2.9426,0.5885,1765.59,0.0706,road
113,2,nearest,Peak,Full Multimodal,2.9426,0.5885,1765.59,0.0706,road
113,1,centralized,Off-Peak,Central Road Only,1.4602,0.7301,2190.25,0.0876,road
113,1,centralized,Off-Peak,Central Road + Metro,1.4602,0.7301,2190.25,0.0876,road
113,1,centralized,Off-Peak,Central Road + Waterbus,1.4602,0.7301,2190.25,0.0876,road
113,1,centralized,Off-Peak,Central Full Multimodal,1.4602,0.7301,2190.25,0.0876,road
113,1,centralized,Peak,Central Road Only,3.6504,0.7301,2190.25,0.0876,road
113,1,centralized,Peak,Central Road + Metro,3.6504,0.7301,2190.25,0.0876,road
113,1,centralized,Peak,Central Road + Waterbus,3.6504,0.7301,2190.25,0.0876,road
113,1,centralized,Peak,Central Full Multimodal,3.6504,0.7301,2190.25,0.0876,road
114,2,nearest,Off-Peak,Road Only,4.8918,2.4459,7337.76,0.2935,road
114,2,nearest,Off-Peak,Road + Metro,4.8918,2.4459,7337.76,0.2935,road
114,2,nearest,Off-Peak,Road + Waterbus,4.8918,2.4459,7337.76,0.2935,road
114,2,nearest,Off-Peak,Full Multimodal,4.8918,2.4459,7337.76,0.2935,road
114,2,nearest,Peak,Road Only,12.2296,2.4459,7337.76,0.2935,road
114,2,nearest,Peak,Road + Metro,12.2296,2.4459,7337.76,0.2935,road
114,2,nearest,Peak,Road + Waterbus,12.2296,2.4459,7337.76,0.2935,road
114,2,nearest,Peak,Full Multimodal,12.2296,2.4459,7337.76,0.2935,road
114,1,centralized,Off-Peak,Central Road Only,6.3378,3.1689,9506.74,0.3803,road
114,1,centralized,Off-Peak,Central Road + Metro,6.3378,3.1689,9506.74,0.3803,road
114,1,centralized,Off-Peak,Central Road + Waterbus,6.3378,3.1689,9506.74,0.3803,road
114,1,centralized,Off-Peak,Central Full Multimodal,6.3378,3.1689,9506.74,0.3803,road
114,1,centralized,Peak,Central Road Only,15.8446,3.1689,9506.74,0.3803,road
114,1,centralized,Peak,Central Road + Metro,15.8446,3.1689,9506.74,0.3803,road
114,1,centralized,Peak,Central Road + Waterbus,15.8446,3.1689,9506.74,0.3803,road
114,1,centralized,Peak,Central Full Multimodal,15.8446,3.1689,9506.74,0.3803,road
115,2,nearest,Off-Peak,Road Only,1.0588,0.5294,1588.18,0.0635,road
115,2,nearest,Off-Peak,Road + Metro,1.0588,0.5294,1588.18,0.0635,road
115,2,nearest,Off-Peak,Road + Waterbus,1.0588,0.5294,1588.18,0.0635,road
115,2,nearest,Off-Peak,Full Multimodal,1.0588,0.5294,1588.18,0.0635,road
115,2,nearest,Peak,Road Only,2.647,0.5294,1588.18,0.0635,road
115,2,nearest,Peak,Road + Metro,2.647,0.5294,1588.18,0.0635,road
115,2,nearest,Peak,Road + Waterbus,2.647,0.5294,1588.18,0.0635,road
115,2,nearest,Peak,Full Multimodal,2.647,0.5294,1588.18,0.0635,road
115,1,centralized,Off-Peak,Central Road Only,2.7796,1.3898,4169.39,0.1668,road
115,1,centralized,Off-Peak,Central Road + Metro,2.7796,1.3898,4169.39,0.1668,road
115,1,centralized,Off-Peak,Central Road + Waterbus,2.7796,1.3898,4169.39,0.1668,road
115,1,centralized,Off-Peak,Central Full Multimodal,2.7796,1.3898,4169.39,0.1668,road
115,1,centralized,Peak,Central Road Only,6.949,1.3898,4169.39,0.1668,road
115,1,centralized,Peak,Central Road + Metro,6.949,1.3898,4169.39,0.1668,road
115,1,centralized,Peak,Central Road + Waterbus,6.949,1.3898,4169.39,0.1668,road
115,1,centralized,Peak,Central Full Multimodal,6.949,1.3898,4169.39,0.1668,road
116,1,centralized,Off-Peak,Central Road Only,1.7208,0.8604,2581.22,0.1032,road
116,1,centralized,Off-Peak,Central Road + Metro,1.7208,0.8604,2581.22,0.1032,road
116,1,centralized,Off-Peak,Central Road + Waterbus,1.7208,0.8604,2581.22,0.1032,road
116,1,centralized,Off-Peak,Central Full Multimodal,1.7208,0.8604,2581.22,0.1032,road
116,1,centralized,Peak,Central Road Only,4.302,0.8604,2581.22,0.1032,road
116,1,centralized,Peak,Central Road + Metro,4.302,0.8604,2581.22,0.1032,road
116,1,centralized,Peak,Central Road + Waterbus,4.302,0.8604,2581.22,0.1032,road
116,1,centralized,Peak,Central Full Multimodal,4.302,0.8604,2581.22,0.1032,road
117,1,nearest,Off-Peak,Road Only,2.5297,1.2648,3794.53,0.1518,road
117,1,nearest,Off-Peak,Road + Metro,2.5297,1.2648,3794.53,0.1518,road
117,1,nearest,Off-Peak,Road + Waterbus,2.5297,1.2648,3794.53,0.1518,road
117,1,nearest,Off-Peak,Full Multimodal,2.5297,1.2648,3794.53,0.1518,road
117,1,nearest,Peak,Road Only,6.3242,1.2648,3794.53,0.1518,road
117,1,nearest,Peak,Road + Metro,6.3242,1.2648,3794.53,0.1518,road
117,1,nearest,Peak,Road + Waterbus,6.3242,1.2648,3794.53,0.1518,road
117,1,nearest,Peak,Full Multimodal,6.3242,1.2648,3794.53,0.1518,road
117,1,centralized,Off-Peak,Central Road Only,2.5297,1.2648,3794.53,0.1518,road
117,1,centralized,Off-Peak,Central Road + Metro,2.5297,1.2648,3794.53,0.1518,road
117,1,centralized,Off-Peak,Central Road + Waterbus,2.5297,1.2648,3794.53,0.1518,road
117,1,centralized,Off-Peak,Central Full Multimodal,2.5297,1.2648,3794.53,0.1518,road
117,1,centralized,Peak,Central Road Only,6.3242,1.2648,3794.53,0.1518,road
117,1,centralized,Peak,Central Road + Metro,6.3242,1.2648,3794.53,0.1518,road
117,1,centralized,Peak,Central Road + Waterbus,6.3242,1.2648,3794.53,0.1518,road
117,1,centralized,Peak,Central Full Multimodal,6.3242,1.2648,3794.53,0.1518,road
118,1,nearest,Off-Peak,Road Only,1.064,0.532,1596.05,0.0638,road
118,1,nearest,Off-Peak,Road + Metro,1.064,0.532,1596.05,0.0638,road
118,1,nearest,Off-Peak,Road + Waterbus,1.064,0.532,1596.05,0.0638,road
118,1,nearest,Off-Peak,Full Multimodal,1.064,0.532,1596.05,0.0638,road
118,1,nearest,Peak,Road Only,2.6601,0.532,1596.05,0.0638,road
118,1,nearest,Peak,Road + Metro,2.6601,0.532,1596.05,0.0638,road
118,1,nearest,Peak,Road + Waterbus,2.6601,0.532,1596.05,0.0638,road
118,1,nearest,Peak,Full Multimodal,2.6601,0.532,1596.05,0.0638,road
118,1,centralized,Off-Peak,Central Road Only,1.064,0.532,1596.05,0.0638,road
118,1,centralized,Off-Peak,Central Road + Metro,1.064,0.532,1596.05,0.0638,road
118,1,centralized,Off-Peak,Central Road + Waterbus,1.064,0.532,1596.05,0.0638,road
118,1,centralized,Off-Peak,Central Full Multimodal,1.064,0.532,1596.05,0.0638,road
118,1,centralized,Peak,Central Road Only,2.6601,0.532,1596.05,0.0638,road
118,1,centralized,Peak,Central Road + Metro,2.6601,0.532,1596.05,0.0638,road
118,1,centralized,Peak,Central Road + Waterbus,2.6601,0.532,1596.05,0.0638,road
118,1,centralized,Peak,Central Full Multimodal,2.6601,0.532,1596.05,0.0638,road
119,2,nearest,Off-Peak,Road Only,2.3804,1.1902,3570.63,0.1428,road
119,2,nearest,Off-Peak,Road + Metro,2.3804,1.1902,3570.63,0.1428,road
119,2,nearest,Off-Peak,Road + Waterbus,2.3804,1.1902,3570.63,0.1428,road
119,2,nearest,Off-Peak,Full Multimodal,2.3804,1.1902,3570.63,0.1428,road
119,2,nearest,Peak,Road Only,5.951,1.1902,3570.63,0.1428,road
119,2,nearest,Peak,Road + Metro,5.951,1.1902,3570.63,0.1428,road
119,2,nearest,Peak,Road + Waterbus,5.951,1.1902,3570.63,0.1428,road
119,2,nearest,Peak,Full Multimodal,5.951,1.1902,3570.63,0.1428,road
119,1,centralized,Off-Peak,Central Road Only,2.6635,1.3318,3995.29,0.1598,road
119,1,centralized,Off-Peak,Central Road + Metro,2.6635,1.3318,3995.29,0.1598,road
119,1,centralized,Off-Peak,Central Road + Waterbus,2.6635,1.3318,3995.29,0.1598,road
119,1,centralized,Off-Peak,Central Full Multimodal,2.6635,1.3318,3995.29,0.1598,road
119,1,centralized,Peak,Central Road Only,6.6588,1.3318,3995.29,0.1598,road
119,1,centralized,Peak,Central Road + Metro,6.6588,1.3318,3995.29,0.1598,road
119,1,centralized,Peak,Central Road + Waterbus,6.6588,1.3318,3995.29,0.1598,road
119,1,centralized,Peak,Central Full Multimodal,6.6588,1.3318,3995.29,0.1598,road
120,2,nearest,Off-Peak,Road Only,1.0524,0.5262,1578.64,0.0631,road
120,2,nearest,Off-Peak,Road + Metro,1.0524,0.5262,1578.64,0.0631,road
120,2,nearest,Off-Peak,Road + Waterbus,1.0524,0.5262,1578.64,0.0631,road
120,2,nearest,Off-Peak,Full Multimodal,1.0524,0.5262,1578.64,0.0631,road
120,2,nearest,Peak,Road Only,2.6311,0.5262,1578.64,0.0631,road
120,2,nearest,Peak,Road + Metro,2.6311,0.5262,1578.64,0.0631,road
120,2,nearest,Peak,Road + Waterbus,2.6311,0.5262,1578.64,0.0631,road
120,2,nearest,Peak,Full Multimodal,2.6311,0.5262,1578.64,0.0631,road
120,1,centralized,Off-Peak,Central Road Only,2.7732,1.3866,4159.85,0.1664,road
120,1,centralized,Off-Peak,Central Road + Metro,2.7732,1.3866,4159.85,0.1664,road
120,1,centralized,Off-Peak,Central Road + Waterbus,2.7732,1.3866,4159.85,0.1664,road
120,1,centralized,Off-Peak,Central Full Multimodal,2.7732,1.3866,4159.85,0.1664,road
120,1,centralized,Peak,Central Road Only,6.9331,1.3866,4159.85,0.1664,road
120,1,centralized,Peak,Central Road + Metro,6.9331,1.3866,4159.85,0.1664,road
120,1,centralized,Peak,Central Road + Waterbus,6.9331,1.3866,4159.85,0.1664,road
120,1,centralized,Peak,Central Full Multimodal,6.9331,1.3866,4159.85,0.1664,road
121,1,centralized,Off-Peak,Central Road Only,6.5699,3.2849,9854.8,0.3942,road
121,1,centralized,Off-Peak,Central Road + Metro,6.5699,3.2849,9854.8,0.3942,road
121,1,centralized,Off-Peak,Central Road + Waterbus,6.5699,3.2849,9854.8,0.3942,road
121,1,centralized,Off-Peak,Central Full Multimodal,6.5699,3.2849,9854.8,0.3942,road
121,1,centralized,Peak,Central Road Only,16.4247,3.2849,9854.8,0.3942,road
121,1,centralized,Peak,Central Road + Metro,13.6219,3.3528,19338.71,0.2088,metro+road+transfer
121,1,centralized,Peak,Central Road + Waterbus,16.4247,3.2849,9854.8,0.3942,road
121,1,centralized,Peak,Central Full Multimodal,13.6219,3.3528,19338.71,0.2088,metro+road+transfer
122,4,nearest,Off-Peak,Road Only,6.4154,3.2077,9623.05,0.3849,road
122,4,nearest,Off-Peak,Road + Metro,6.4154,3.2077,9623.05,0.3849,road
122,4,nearest,Off-Peak,Road + Waterbus,6.4154,3.2077,9623.05,0.3849,road
122,4,nearest,Off-Peak,Full Multimodal,6.4154,3.2077,9623.05,0.3849,road
122,4,nearest,Peak,Road Only,16.0384,3.2077,9623.05,0.3849,road
122,4,nearest,Peak,Road + Metro,16.0384,3.2077,9623.05,0.3849,road
122,4,nearest,Peak,Road + Waterbus,16.0384,3.2077,9623.05,0.3849,road
122,4,nearest,Peak,Full Multimodal,16.0384,3.2077,9623.05,0.3849,road
122,1,centralized,Off-Peak,Central Road Only,7.496,3.748,11243.99,0.4498,road
122,1,centralized,Off-Peak,Central Road + Metro,7.496,3.748,11243.99,0.4498,road
122,1,centralized,Off-Peak,Central Road + Waterbus,7.496,3.748,11243.99,0.4498,road
122,1,centralized,Off-Peak,Central Full Multimodal,7.496,3.748,11243.99,0.4498,road
122,1,centralized,Peak,Central Road Only,18.74,3.748,11243.99,0.4498,road
122,1,centralized,Peak,Central Road + Metro,18.74,3.748,11243.99,0.4498,road
122,1,centralized,Peak,Central Road + Waterbus,18.74,3.748,11243.99,0.4498,road
122,1,centralized,Peak,Central Full Multimodal,18.74,3.748,11243.99,0.4498,road
123,4,nearest,Off-Peak,Road Only,6.4154,3.2077,9623.05,0.3849,road
123,4,nearest,Off-Peak,Road + Metro,6.4154,3.2077,9623.05,0.3849,road
123,4,nearest,Off-Peak,Road + Waterbus,6.4154,3.2077,9623.05,0.3849,road
123,4,nearest,Off-Peak,Full Multimodal,6.4154,3.2077,9623.05,0.3849,road
123,4,nearest,Peak,Road Only,16.0384,3.2077,9623.05,0.3849,road
123,4,nearest,Peak,Road + Metro,16.0384,3.2077,9623.05,0.3849,road
123,4,nearest,Peak,Road + Waterbus,16.0384,3.2077,9623.05,0.3849,road
123,4,nearest,Peak,Full Multimodal,16.0384,3.2077,9623.05,0.3849,road
123,1,centralized,Off-Peak,Central Road Only,7.496,3.748,11243.99,0.4498,road
123,1,centralized,Off-Peak,Central Road + Metro,7.496,3.748,11243.99,0.4498,road
123,1,centralized,Off-Peak,Central Road + Waterbus,7.496,3.748,11243.99,0.4498,road
123,1,centralized,Off-Peak,Central Full Multimodal,7.496,3.748,11243.99,0.4498,road
123,1,centralized,Peak,Central Road Only,18.74,3.748,11243.99,0.4498,road
123,1,centralized,Peak,Central Road + Metro,18.74,3.748,11243.99,0.4498,road
123,1,centralized,Peak,Central Road + Waterbus,18.74,3.748,11243.99,0.4498,road
123,1,centralized,Peak,Central Full Multimodal,18.74,3.748,11243.99,0.4498,road
124,4,nearest,Off-Peak,Road Only,6.4154,3.2077,9623.05,0.3849,road
124,4,nearest,Off-Peak,Road + Metro,6.4154,3.2077,9623.05,0.3849,road
124,4,nearest,Off-Peak,Road + Waterbus,6.4154,3.2077,9623.05,0.3849,road
124,4,nearest,Off-Peak,Full Multimodal,6.4154,3.2077,9623.05,0.3849,road
124,4,nearest,Peak,Road Only,16.0384,3.2077,9623.05,0.3849,road
124,4,nearest,Peak,Road + Metro,16.0384,3.2077,9623.05,0.3849,road
124,4,nearest,Peak,Road + Waterbus,16.0384,3.2077,9623.05,0.3849,road
124,4,nearest,Peak,Full Multimodal,16.0384,3.2077,9623.05,0.3849,road
124,1,centralized,Off-Peak,Central Road Only,7.496,3.748,11243.99,0.4498,road
124,1,centralized,Off-Peak,Central Road + Metro,7.496,3.748,11243.99,0.4498,road
124,1,centralized,Off-Peak,Central Road + Waterbus,7.496,3.748,11243.99,0.4498,road
124,1,centralized,Off-Peak,Central Full Multimodal,7.496,3.748,11243.99,0.4498,road
124,1,centralized,Peak,Central Road Only,18.74,3.748,11243.99,0.4498,road
124,1,centralized,Peak,Central Road + Metro,18.74,3.748,11243.99,0.4498,road
124,1,centralized,Peak,Central Road + Waterbus,18.74,3.748,11243.99,0.4498,road
124,1,centralized,Peak,Central Full Multimodal,18.74,3.748,11243.99,0.4498,road
125,1,centralized,Off-Peak,Central Road Only,6.5699,3.2849,9854.8,0.3942,road
125,1,centralized,Off-Peak,Central Road + Metro,6.5699,3.2849,9854.8,0.3942,road
125,1,centralized,Off-Peak,Central Road + Waterbus,6.5699,3.2849,9854.8,0.3942,road
125,1,centralized,Off-Peak,Central Full Multimodal,6.5699,3.2849,9854.8,0.3942,road
125,1,centralized,Peak,Central Road Only,16.4247,3.2849,9854.8,0.3942,road
125,1,centralized,Peak,Central Road + Metro,13.6219,3.3528,19338.71,0.2088,metro+road+transfer
125,1,centralized,Peak,Central Road + Waterbus,16.4247,3.2849,9854.8,0.3942,road
125,1,centralized,Peak,Central Full Multimodal,13.6219,3.3528,19338.71,0.2088,metro+road+transfer
126,4,nearest,Off-Peak,Road Only,6.4154,3.2077,9623.05,0.3849,road
126,4,nearest,Off-Peak,Road + Metro,6.4154,3.2077,9623.05,0.3849,road
126,4,nearest,Off-Peak,Road + Waterbus,6.4154,3.2077,9623.05,0.3849,road
126,4,nearest,Off-Peak,Full Multimodal,6.4154,3.2077,9623.05,0.3849,road
126,4,nearest,Peak,Road Only,16.0384,3.2077,9623.05,0.3849,road
126,4,nearest,Peak,Road + Metro,16.0384,3.2077,9623.05,0.3849,road
126,4,nearest,Peak,Road + Waterbus,16.0384,3.2077,9623.05,0.3849,road
126,4,nearest,Peak,Full Multimodal,16.0384,3.2077,9623.05,0.3849,road
126,1,centralized,Off-Peak,Central Road Only,7.496,3.748,11243.99,0.4498,road
126,1,centralized,Off-Peak,Central Road + Metro,7.496,3.748,11243.99,0.4498,road
126,1,centralized,Off-Peak,Central Road + Waterbus,7.496,3.748,11243.99,0.4498,road
126,1,centralized,Off-Peak,Central Full Multimodal,7.496,3.748,11243.99,0.4498,road
126,1,centralized,Peak,Central Road Only,18.74,3.748,11243.99,0.4498,road
126,1,centralized,Peak,Central Road + Metro,18.74,3.748,11243.99,0.4498,road
126,1,centralized,Peak,Central Road + Waterbus,18.74,3.748,11243.99,0.4498,road
126,1,centralized,Peak,Central Full Multimodal,18.74,3.748,11243.99,0.4498,road
127,4,nearest,Off-Peak,Road Only,6.4154,3.2077,9623.05,0.3849,road
127,4,nearest,Off-Peak,Road + Metro,6.4154,3.2077,9623.05,0.3849,road
127,4,nearest,Off-Peak,Road + Waterbus,6.4154,3.2077,9623.05,0.3849,road
127,4,nearest,Off-Peak,Full Multimodal,6.4154,3.2077,9623.05,0.3849,road
127,4,nearest,Peak,Road Only,16.0384,3.2077,9623.05,0.3849,road
127,4,nearest,Peak,Road + Metro,16.0384,3.2077,9623.05,0.3849,road
127,4,nearest,Peak,Road + Waterbus,16.0384,3.2077,9623.05,0.3849,road
127,4,nearest,Peak,Full Multimodal,16.0384,3.2077,9623.05,0.3849,road
127,1,centralized,Off-Peak,Central Road Only,7.496,3.748,11243.99,0.4498,road
127,1,centralized,Off-Peak,Central Road + Metro,7.496,3.748,11243.99,0.4498,road
127,1,centralized,Off-Peak,Central Road + Waterbus,7.496,3.748,11243.99,0.4498,road
127,1,centralized,Off-Peak,Central Full Multimodal,7.496,3.748,11243.99,0.4498,road
127,1,centralized,Peak,Central Road Only,18.74,3.748,11243.99,0.4498,road
127,1,centralized,Peak,Central Road + Metro,18.74,3.748,11243.99,0.4498,road
127,1,centralized,Peak,Central Road + Waterbus,18.74,3.748,11243.99,0.4498,road
127,1,centralized,Peak,Central Full Multimodal,18.74,3.748,11243.99,0.4498,road
128,4,nearest,Off-Peak,Road Only,0.0876,0.0438,131.37,0.0053,road
128,4,nearest,Off-Peak,Road + Metro,0.0876,0.0438,131.37,0.0053,road
128,4,nearest,Off-Peak,Road + Waterbus,0.0876,0.0438,131.37,0.0053,road
128,4,nearest,Off-Peak,Full Multimodal,0.0876,0.0438,131.37,0.0053,road
128,4,nearest,Peak,Road Only,0.219,0.0438,131.37,0.0053,road
128,4,nearest,Peak,Road + Metro,0.219,0.0438,131.37,0.0053,road
128,4,nearest,Peak,Road + Waterbus,0.219,0.0438,131.37,0.0053,road
128,4,nearest,Peak,Full Multimodal,0.219,0.0438,131.37,0.0053,road
128,1,centralized,Off-Peak,Central Road Only,6.4823,3.2411,9723.43,0.3889,road
128,1,centralized,Off-Peak,Central Road + Metro,6.4823,3.2411,9723.43,0.3889,road
128,1,centralized,Off-Peak,Central Road + Waterbus,6.4823,3.2411,9723.43,0.3889,road
128,1,centralized,Off-Peak,Central Full Multimodal,6.4823,3.2411,9723.43,0.3889,road
128,1,centralized,Peak,Central Road Only,16.2057,3.2411,9723.43,0.3889,road
128,1,centralized,Peak,Central Road + Metro,13.4029,3.309,19207.33,0.2035,metro+road+transfer
128,1,centralized,Peak,Central Road + Waterbus,16.2057,3.2411,9723.43,0.3889,road
128,1,centralized,Peak,Central Full Multimodal,13.4029,3.309,19207.33,0.2035,metro+road+transfer
129,4,nearest,Off-Peak,Road Only,6.4154,3.2077,9623.05,0.3849,road
129,4,nearest,Off-Peak,Road + Metro,6.4154,3.2077,9623.05,0.3849,road
129,4,nearest,Off-Peak,Road + Waterbus,6.4154,3.2077,9623.05,0.3849,road
129,4,nearest,Off-Peak,Full Multimodal,6.4154,3.2077,9623.05,0.3849,road
129,4,nearest,Peak,Road Only,16.0384,3.2077,9623.05,0.3849,road
129,4,nearest,Peak,Road + Metro,16.0384,3.2077,9623.05,0.3849,road
129,4,nearest,Peak,Road + Waterbus,16.0384,3.2077,9623.05,0.3849,road
129,4,nearest,Peak,Full Multimodal,16.0384,3.2077,9623.05,0.3849,road
129,1,centralized,Off-Peak,Central Road Only,7.496,3.748,11243.99,0.4498,road
129,1,centralized,Off-Peak,Central Road + Metro,7.496,3.748,11243.99,0.4498,road
129,1,centralized,Off-Peak,Central Road + Waterbus,7.496,3.748,11243.99,0.4498,road
129,1,centralized,Off-Peak,Central Full Multimodal,7.496,3.748,11243.99,0.4498,road
129,1,centralized,Peak,Central Road Only,18.74,3.748,11243.99,0.4498,road
129,1,centralized,Peak,Central Road + Metro,18.74,3.748,11243.99,0.4498,road
129,1,centralized,Peak,Central Road + Waterbus,18.74,3.748,11243.99,0.4498,road
129,1,centralized,Peak,Central Full Multimodal,18.74,3.748,11243.99,0.4498,road
130,4,nearest,Off-Peak,Road Only,6.4154,3.2077,9623.05,0.3849,road
130,4,nearest,Off-Peak,Road + Metro,6.4154,3.2077,9623.05,0.3849,road
130,4,nearest,Off-Peak,Road + Waterbus,6.4154,3.2077,9623.05,0.3849,road
130,4,nearest,Off-Peak,Full Multimodal,6.4154,3.2077,9623.05,0.3849,road
130,4,nearest,Peak,Road Only,16.0384,3.2077,9623.05,0.3849,road
130,4,nearest,Peak,Road + Metro,16.0384,3.2077,9623.05,0.3849,road
130,4,nearest,Peak,Road + Waterbus,16.0384,3.2077,9623.05,0.3849,road
130,4,nearest,Peak,Full Multimodal,16.0384,3.2077,9623.05,0.3849,road
130,1,centralized,Off-Peak,Central Road Only,7.496,3.748,11243.99,0.4498,road
130,1,centralized,Off-Peak,Central Road + Metro,7.496,3.748,11243.99,0.4498,road
130,1,centralized,Off-Peak,Central Road + Waterbus,7.496,3.748,11243.99,0.4498,road
130,1,centralized,Off-Peak,Central Full Multimodal,7.496,3.748,11243.99,0.4498,road
130,1,centralized,Peak,Central Road Only,18.74,3.748,11243.99,0.4498,road
130,1,centralized,Peak,Central Road + Metro,18.74,3.748,11243.99,0.4498,road
130,1,centralized,Peak,Central Road + Waterbus,18.74,3.748,11243.99,0.4498,road
130,1,centralized,Peak,Central Full Multimodal,18.74,3.748,11243.99,0.4498,road
131,4,nearest,Off-Peak,Road Only,6.6793,3.3397,10018.95,0.4008,road
131,4,nearest,Off-Peak,Road + Metro,6.6793,3.3397,10018.95,0.4008,road
131,4,nearest,Off-Peak,Road + Waterbus,6.6793,3.3397,10018.95,0.4008,road
131,4,nearest,Off-Peak,Full Multimodal,6.6793,3.3397,10018.95,0.4008,road
131,4,nearest,Peak,Road Only,16.6983,3.3397,10018.95,0.4008,road
131,4,nearest,Peak,Road + Metro,16.6983,3.3397,10018.95,0.4008,road
131,4,nearest,Peak,Road + Waterbus,16.6983,3.3397,10018.95,0.4008,road
131,4,nearest,Peak,Full Multimodal,16.6983,3.3397,10018.95,0.4008,road
131,1,centralized,Off-Peak,Central Road Only,7.7599,3.88,11639.89,0.4656,road
131,1,centralized,Off-Peak,Central Road + Metro,7.7599,3.88,11639.89,0.4656,road
131,1,centralized,Off-Peak,Central Road + Waterbus,7.7599,3.88,11639.89,0.4656,road
131,1,centralized,Off-Peak,Central Full Multimodal,7.7599,3.88,11639.89,0.4656,road
131,1,centralized,Peak,Central Road Only,19.3998,3.88,11639.89,0.4656,road
131,1,centralized,Peak,Central Road + Metro,19.3998,3.88,11639.89,0.4656,road
131,1,centralized,Peak,Central Road + Waterbus,19.3998,3.88,11639.89,0.4656,road
131,1,centralized,Peak,Central Full Multimodal,19.3998,3.88,11639.89,0.4656,road
132,4,nearest,Off-Peak,Road Only,6.4154,3.2077,9623.05,0.3849,road
132,4,nearest,Off-Peak,Road + Metro,6.4154,3.2077,9623.05,0.3849,road
132,4,nearest,Off-Peak,Road + Waterbus,6.4154,3.2077,9623.05,0.3849,road
132,4,nearest,Off-Peak,Full Multimodal,6.4154,3.2077,9623.05,0.3849,road
132,4,nearest,Peak,Road Only,16.0384,3.2077,9623.05,0.3849,road
132,4,nearest,Peak,Road + Metro,16.0384,3.2077,9623.05,0.3849,road
132,4,nearest,Peak,Road + Waterbus,16.0384,3.2077,9623.05,0.3849,road
132,4,nearest,Peak,Full Multimodal,16.0384,3.2077,9623.05,0.3849,road
132,1,centralized,Off-Peak,Central Road Only,7.496,3.748,11243.99,0.4498,road
132,1,centralized,Off-Peak,Central Road + Metro,7.496,3.748,11243.99,0.4498,road
132,1,centralized,Off-Peak,Central Road + Waterbus,7.496,3.748,11243.99,0.4498,road
132,1,centralized,Off-Peak,Central Full Multimodal,7.496,3.748,11243.99,0.4498,road
132,1,centralized,Peak,Central Road Only,18.74,3.748,11243.99,0.4498,road
132,1,centralized,Peak,Central Road + Metro,18.74,3.748,11243.99,0.4498,road
132,1,centralized,Peak,Central Road + Waterbus,18.74,3.748,11243.99,0.4498,road
132,1,centralized,Peak,Central Full Multimodal,18.74,3.748,11243.99,0.4498,road
133,4,nearest,Off-Peak,Road Only,6.4154,3.2077,9623.05,0.3849,road
133,4,nearest,Off-Peak,Road + Metro,6.4154,3.2077,9623.05,0.3849,road
133,4,nearest,Off-Peak,Road + Waterbus,6.4154,3.2077,9623.05,0.3849,road
133,4,nearest,Off-Peak,Full Multimodal,6.4154,3.2077,9623.05,0.3849,road
133,4,nearest,Peak,Road Only,16.0384,3.2077,9623.05,0.3849,road
133,4,nearest,Peak,Road + Metro,16.0384,3.2077,9623.05,0.3849,road
133,4,nearest,Peak,Road + Waterbus,16.0384,3.2077,9623.05,0.3849,road
133,4,nearest,Peak,Full Multimodal,16.0384,3.2077,9623.05,0.3849,road
133,1,centralized,Off-Peak,Central Road Only,7.496,3.748,11243.99,0.4498,road
133,1,centralized,Off-Peak,Central Road + Metro,7.496,3.748,11243.99,0.4498,road
133,1,centralized,Off-Peak,Central Road + Waterbus,7.496,3.748,11243.99,0.4498,road
133,1,centralized,Off-Peak,Central Full Multimodal,7.496,3.748,11243.99,0.4498,road
133,1,centralized,Peak,Central Road Only,18.74,3.748,11243.99,0.4498,road
133,1,centralized,Peak,Central Road + Metro,18.74,3.748,11243.99,0.4498,road
133,1,centralized,Peak,Central Road + Waterbus,18.74,3.748,11243.99,0.4498,road
133,1,centralized,Peak,Central Full Multimodal,18.74,3.748,11243.99,0.4498,road
134,4,nearest,Off-Peak,Road Only,6.4154,3.2077,9623.05,0.3849,road
134,4,nearest,Off-Peak,Road + Metro,6.4154,3.2077,9623.05,0.3849,road
134,4,nearest,Off-Peak,Road + Waterbus,6.4154,3.2077,9623.05,0.3849,road
134,4,nearest,Off-Peak,Full Multimodal,6.4154,3.2077,9623.05,0.3849,road
134,4,nearest,Peak,Road Only,16.0384,3.2077,9623.05,0.3849,road
134,4,nearest,Peak,Road + Metro,16.0384,3.2077,9623.05,0.3849,road
134,4,nearest,Peak,Road + Waterbus,16.0384,3.2077,9623.05,0.3849,road
134,4,nearest,Peak,Full Multimodal,16.0384,3.2077,9623.05,0.3849,road
134,1,centralized,Off-Peak,Central Road Only,7.496,3.748,11243.99,0.4498,road
134,1,centralized,Off-Peak,Central Road + Metro,7.496,3.748,11243.99,0.4498,road
134,1,centralized,Off-Peak,Central Road + Waterbus,7.496,3.748,11243.99,0.4498,road
134,1,centralized,Off-Peak,Central Full Multimodal,7.496,3.748,11243.99,0.4498,road
134,1,centralized,Peak,Central Road Only,18.74,3.748,11243.99,0.4498,road
134,1,centralized,Peak,Central Road + Metro,18.74,3.748,11243.99,0.4498,road
134,1,centralized,Peak,Central Road + Waterbus,18.74,3.748,11243.99,0.4498,road
134,1,centralized,Peak,Central Full Multimodal,18.74,3.748,11243.99,0.4498,road
135,4,nearest,Off-Peak,Road Only,0.2155,0.1078,323.3,0.0129,road
135,4,nearest,Off-Peak,Road + Metro,0.2155,0.1078,323.3,0.0129,road
135,4,nearest,Off-Peak,Road + Waterbus,0.2155,0.1078,323.3,0.0129,road
135,4,nearest,Off-Peak,Full Multimodal,0.2155,0.1078,323.3,0.0129,road
135,4,nearest,Peak,Road Only,0.5388,0.1078,323.3,0.0129,road
135,4,nearest,Peak,Road + Metro,0.5388,0.1078,323.3,0.0129,road
135,4,nearest,Peak,Road + Waterbus,0.5388,0.1078,323.3,0.0129,road
135,4,nearest,Peak,Full Multimodal,0.5388,0.1078,323.3,0.0129,road
135,1,centralized,Off-Peak,Central Road Only,6.3543,3.1772,9531.5,0.3813,road
135,1,centralized,Off-Peak,Central Road + Metro,6.3543,3.1772,9531.5,0.3813,road
135,1,centralized,Off-Peak,Central Road + Waterbus,6.3543,3.1772,9531.5,0.3813,road
135,1,centralized,Off-Peak,Central Full Multimodal,6.3543,3.1772,9531.5,0.3813,road
135,1,centralized,Peak,Central Road Only,15.8858,3.1772,9531.5,0.3813,road
135,1,centralized,Peak,Central Road + Metro,13.0831,3.245,19015.41,0.1958,metro+road+transfer
135,1,centralized,Peak,Central Road + Waterbus,15.8858,3.1772,9531.5,0.3813,road
135,1,centralized,Peak,Central Full Multimodal,13.0831,3.245,19015.41,0.1958,metro+road+transfer
136,1,centralized,Off-Peak,Central Road Only,6.5699,3.2849,9854.8,0.3942,road
136,1,centralized,Off-Peak,Central Road + Metro,6.5699,3.2849,9854.8,0.3942,road
136,1,centralized,Off-Peak,Central Road + Waterbus,6.5699,3.2849,9854.8,0.3942,road
136,1,centralized,Off-Peak,Central Full Multimodal,6.5699,3.2849,9854.8,0.3942,road
136,1,centralized,Peak,Central Road Only,16.4247,3.2849,9854.8,0.3942,road
136,1,centralized,Peak,Central Road + Metro,13.6219,3.3528,19338.71,0.2088,metro+road+transfer
136,1,centralized,Peak,Central Road + Waterbus,16.4247,3.2849,9854.8,0.3942,road
136,1,centralized,Peak,Central Full Multimodal,13.6219,3.3528,19338.71,0.2088,metro+road+transfer
137,4,nearest,Off-Peak,Road Only,5.6402,2.8201,8460.31,0.3384,road
137,4,nearest,Off-Peak,Road + Metro,5.6402,2.8201,8460.31,0.3384,road
137,4,nearest,Off-Peak,Road + Waterbus,5.6402,2.8201,8460.31,0.3384,road
137,4,nearest,Off-Peak,Full Multimodal,5.6402,2.8201,8460.31,0.3384,road
137,4,nearest,Peak,Road Only,14.1005,2.8201,8460.31,0.3384,road
137,4,nearest,Peak,Road + Metro,14.1005,2.8201,8460.31,0.3384,road
137,4,nearest,Peak,Road + Waterbus,14.1005,2.8201,8460.31,0.3384,road
137,4,nearest,Peak,Full Multimodal,14.1005,2.8201,8460.31,0.3384,road
137,1,centralized,Off-Peak,Central Road Only,6.7208,3.3604,10081.25,0.4032,road
137,1,centralized,Off-Peak,Central Road + Metro,6.7208,3.3604,10081.25,0.4032,road
137,1,centralized,Off-Peak,Central Road + Waterbus,6.7208,3.3604,10081.25,0.4032,road
137,1,centralized,Off-Peak,Central Full Multimodal,6.7208,3.3604,10081.25,0.4032,road
137,1,centralized,Peak,Central Road Only,16.8021,3.3604,10081.25,0.4032,road
137,1,centralized,Peak,Central Road + Metro,16.8021,3.3604,10081.25,0.4032,road
137,1,centralized,Peak,Central Road + Waterbus,16.8021,3.3604,10081.25,0.4032,road
137,1,centralized,Peak,Central Full Multimodal,16.8021,3.3604,10081.25,0.4032,road
138,4,nearest,Off-Peak,Road Only,6.3013,3.1506,9451.89,0.3781,road
138,4,nearest,Off-Peak,Road + Metro,6.3013,3.1506,9451.89,0.3781,road
138,4,nearest,Off-Peak,Road + Waterbus,6.3013,3.1506,9451.89,0.3781,road
138,4,nearest,Off-Peak,Full Multimodal,6.3013,3.1506,9451.89,0.3781,road
138,4,nearest,Peak,Road Only,15.7532,3.1506,9451.89,0.3781,road
138,4,nearest,Peak,Road + Metro,15.7532,3.1506,9451.89,0.3781,road
138,4,nearest,Peak,Road + Waterbus,15.7532,3.1506,9451.89,0.3781,road
138,4,nearest,Peak,Full Multimodal,15.7532,3.1506,9451.89,0.3781,road
138,1,centralized,Off-Peak,Central Road Only,7.3819,3.6909,11072.83,0.4429,road
138,1,centralized,Off-Peak,Central Road + Metro,7.3819,3.6909,11072.83,0.4429,road
138,1,centralized,Off-Peak,Central Road + Waterbus,7.3819,3.6909,11072.83,0.4429,road
138,1,centralized,Off-Peak,Central Full Multimodal,7.3819,3.6909,11072.83,0.4429,road
138,1,centralized,Peak,Central Road Only,18.4547,3.6909,11072.83,0.4429,road
138,1,centralized,Peak,Central Road + Metro,18.4547,3.6909,11072.83,0.4429,road
138,1,centralized,Peak,Central Road + Waterbus,18.4547,3.6909,11072.83,0.4429,road
138,1,centralized,Peak,Central Full Multimodal,18.4547,3.6909,11072.83,0.4429,road
139,4,nearest,Off-Peak,Road Only,6.4154,3.2077,9623.05,0.3849,road
139,4,nearest,Off-Peak,Road + Metro,6.4154,3.2077,9623.05,0.3849,road
139,4,nearest,Off-Peak,Road + Waterbus,6.4154,3.2077,9623.05,0.3849,road
139,4,nearest,Off-Peak,Full Multimodal,6.4154,3.2077,9623.05,0.3849,road
139,4,nearest,Peak,Road Only,16.0384,3.2077,9623.05,0.3849,road
139,4,nearest,Peak,Road + Metro,16.0384,3.2077,9623.05,0.3849,road
139,4,nearest,Peak,Road + Waterbus,16.0384,3.2077,9623.05,0.3849,road
139,4,nearest,Peak,Full Multimodal,16.0384,3.2077,9623.05,0.3849,road
139,1,centralized,Off-Peak,Central Road Only,7.496,3.748,11243.99,0.4498,road
139,1,centralized,Off-Peak,Central Road + Metro,7.496,3.748,11243.99,0.4498,road
139,1,centralized,Off-Peak,Central Road + Waterbus,7.496,3.748,11243.99,0.4498,road
139,1,centralized,Off-Peak,Central Full Multimodal,7.496,3.748,11243.99,0.4498,road
139,1,centralized,Peak,Central Road Only,18.74,3.748,11243.99,0.4498,road
139,1,centralized,Peak,Central Road + Metro,18.74,3.748,11243.99,0.4498,road
139,1,centralized,Peak,Central Road + Waterbus,18.74,3.748,11243.99,0.4498,road
139,1,centralized,Peak,Central Full Multimodal,18.74,3.748,11243.99,0.4498,road
140,4,nearest,Off-Peak,Road Only,6.4154,3.2077,9623.05,0.3849,road
140,4,nearest,Off-Peak,Road + Metro,6.4154,3.2077,9623.05,0.3849,road
140,4,nearest,Off-Peak,Road + Waterbus,6.4154,3.2077,9623.05,0.3849,road
140,4,nearest,Off-Peak,Full Multimodal,6.4154,3.2077,9623.05,0.3849,road
140,4,nearest,Peak,Road Only,16.0384,3.2077,9623.05,0.3849,road
140,4,nearest,Peak,Road + Metro,16.0384,3.2077,9623.05,0.3849,road
140,4,nearest,Peak,Road + Waterbus,16.0384,3.2077,9623.05,0.3849,road
140,4,nearest,Peak,Full Multimodal,16.0384,3.2077,9623.05,0.3849,road
140,1,centralized,Off-Peak,Central Road Only,7.496,3.748,11243.99,0.4498,road
140,1,centralized,Off-Peak,Central Road + Metro,7.496,3.748,11243.99,0.4498,road
140,1,centralized,Off-Peak,Central Road + Waterbus,7.496,3.748,11243.99,0.4498,road
140,1,centralized,Off-Peak,Central Full Multimodal,7.496,3.748,11243.99,0.4498,road
140,1,centralized,Peak,Central Road Only,18.74,3.748,11243.99,0.4498,road
140,1,centralized,Peak,Central Road + Metro,18.74,3.748,11243.99,0.4498,road
140,1,centralized,Peak,Central Road + Waterbus,18.74,3.748,11243.99,0.4498,road
140,1,centralized,Peak,Central Full Multimodal,18.74,3.748,11243.99,0.4498,road
141,1,centralized,Off-Peak,Central Road Only,6.5699,3.2849,9854.8,0.3942,road
141,1,centralized,Off-Peak,Central Road + Metro,6.5699,3.2849,9854.8,0.3942,road
141,1,centralized,Off-Peak,Central Road + Waterbus,6.5699,3.2849,9854.8,0.3942,road
141,1,centralized,Off-Peak,Central Full Multimodal,6.5699,3.2849,9854.8,0.3942,road
141,1,centralized,Peak,Central Road Only,16.4247,3.2849,9854.8,0.3942,road
141,1,centralized,Peak,Central Road + Metro,13.6219,3.3528,19338.71,0.2088,metro+road+transfer
141,1,centralized,Peak,Central Road + Waterbus,16.4247,3.2849,9854.8,0.3942,road
141,1,centralized,Peak,Central Full Multimodal,13.6219,3.3528,19338.71,0.2088,metro+road+transfer
142,1,centralized,Off-Peak,Central Road Only,6.5699,3.2849,9854.8,0.3942,road
142,1,centralized,Off-Peak,Central Road + Metro,6.5699,3.2849,9854.8,0.3942,road
142,1,centralized,Off-Peak,Central Road + Waterbus,6.5699,3.2849,9854.8,0.3942,road
142,1,centralized,Off-Peak,Central Full Multimodal,6.5699,3.2849,9854.8,0.3942,road
142,1,centralized,Peak,Central Road Only,16.4247,3.2849,9854.8,0.3942,road
142,1,centralized,Peak,Central Road + Metro,13.6219,3.3528,19338.71,0.2088,metro+road+transfer
142,1,centralized,Peak,Central Road + Waterbus,16.4247,3.2849,9854.8,0.3942,road
142,1,centralized,Peak,Central Full Multimodal,13.6219,3.3528,19338.71,0.2088,metro+road+transfer
143,2,nearest,Off-Peak,Road Only,4.3732,2.1866,6559.82,0.2624,road
143,2,nearest,Off-Peak,Road + Metro,4.3732,2.1866,6559.82,0.2624,road
143,2,nearest,Off-Peak,Road + Waterbus,4.3732,2.1866,6559.82,0.2624,road
143,2,nearest,Off-Peak,Full Multimodal,4.3732,2.1866,6559.82,0.2624,road
143,2,nearest,Peak,Road Only,10.933,2.1866,6559.82,0.2624,road
143,2,nearest,Peak,Road + Metro,10.933,2.1866,6559.82,0.2624,road
143,2,nearest,Peak,Road + Waterbus,10.933,2.1866,6559.82,0.2624,road
143,2,nearest,Peak,Full Multimodal,10.933,2.1866,6559.82,0.2624,road
143,1,centralized,Off-Peak,Central Road Only,6.094,3.047,9141.04,0.3656,road
143,1,centralized,Off-Peak,Central Road + Metro,6.094,3.047,9141.04,0.3656,road
143,1,centralized,Off-Peak,Central Road + Waterbus,6.094,3.047,9141.04,0.3656,road
143,1,centralized,Off-Peak,Central Full Multimodal,6.094,3.047,9141.04,0.3656,road
143,1,centralized,Peak,Central Road Only,15.2351,3.047,9141.04,0.3656,road
143,1,centralized,Peak,Central Road + Metro,12.4323,3.1148,18624.95,0.1802,metro+road+transfer
143,1,centralized,Peak,Central Road + Waterbus,15.2351,3.047,9141.04,0.3656,road
143,1,centralized,Peak,Central Full Multimodal,12.4323,3.1148,18624.95,0.1802,metro+road+transfer
144,4,nearest,Off-Peak,Road Only,0.063,0.0315,94.53,0.0038,road
144,4,nearest,Off-Peak,Road + Metro,0.063,0.0315,94.53,0.0038,road
144,4,nearest,Off-Peak,Road + Waterbus,0.063,0.0315,94.53,0.0038,road
144,4,nearest,Off-Peak,Full Multimodal,0.063,0.0315,94.53,0.0038,road
144,4,nearest,Peak,Road Only,0.1575,0.0315,94.53,0.0038,road
144,4,nearest,Peak,Road + Metro,0.1575,0.0315,94.53,0.0038,road
144,4,nearest,Peak,Road + Waterbus,0.1575,0.0315,94.53,0.0038,road
144,4,nearest,Peak,Full Multimodal,0.1575,0.0315,94.53,0.0038,road
144,1,centralized,Off-Peak,Central Road Only,6.5068,3.2534,9760.27,0.3904,road
144,1,centralized,Off-Peak,Central Road + Metro,6.5068,3.2534,9760.27,0.3904,road
144,1,centralized,Off-Peak,Central Road + Waterbus,6.5068,3.2534,9760.27,0.3904,road
144,1,centralized,Off-Peak,Central Full Multimodal,6.5068,3.2534,9760.27,0.3904,road
144,1,centralized,Peak,Central Road Only,16.2671,3.2534,9760.27,0.3904,road
144,1,centralized,Peak,Central Road + Metro,13.4644,3.3212,19244.18,0.205,metro+road+transfer
144,1,centralized,Peak,Central Road + Waterbus,16.2671,3.2534,9760.27,0.3904,road
144,1,centralized,Peak,Central Full Multimodal,13.4644,3.3212,19244.18,0.205,metro+road+transfer
145,4,nearest,Off-Peak,Road Only,0.0876,0.0438,131.37,0.0053,road
145,4,nearest,Off-Peak,Road + Metro,0.0876,0.0438,131.37,0.0053,road
145,4,nearest,Off-Peak,Road + Waterbus,0.0876,0.0438,131.37,0.0053,road
145,4,nearest,Off-Peak,Full Multimodal,0.0876,0.0438,131.37,0.0053,road
145,4,nearest,Peak,Road Only,0.219,0.0438,131.37,0.0053,road
145,4,nearest,Peak,Road + Metro,0.219,0.0438,131.37,0.0053,road
145,4,nearest,Peak,Road + Waterbus,0.219,0.0438,131.37,0.0053,road
145,4,nearest,Peak,Full Multimodal,0.219,0.0438,131.37,0.0053,road
145,1,centralized,Off-Peak,Central Road Only,6.4823,3.2411,9723.43,0.3889,road
145,1,centralized,Off-Peak,Central Road + Metro,6.4823,3.2411,9723.43,0.3889,road
145,1,centralized,Off-Peak,Central Road + Waterbus,6.4823,3.2411,9723.43,0.3889,road
145,1,centralized,Off-Peak,Central Full Multimodal,6.4823,3.2411,9723.43,0.3889,road
145,1,centralized,Peak,Central Road Only,16.2057,3.2411,9723.43,0.3889,road
145,1,centralized,Peak,Central Road + Metro,13.4029,3.309,19207.33,0.2035,metro+road+transfer
145,1,centralized,Peak,Central Road + Waterbus,16.2057,3.2411,9723.43,0.3889,road
145,1,centralized,Peak,Central Full Multimodal,13.4029,3.309,19207.33,0.2035,metro+road+transfer
146,4,nearest,Off-Peak,Road Only,6.6793,3.3397,10018.95,0.4008,road
146,4,nearest,Off-Peak,Road + Metro,6.6793,3.3397,10018.95,0.4008,road
146,4,nearest,Off-Peak,Road + Waterbus,6.6793,3.3397,10018.95,0.4008,road
146,4,nearest,Off-Peak,Full Multimodal,6.6793,3.3397,10018.95,0.4008,road
146,4,nearest,Peak,Road Only,16.6983,3.3397,10018.95,0.4008,road
146,4,nearest,Peak,Road + Metro,16.6983,3.3397,10018.95,0.4008,road
146,4,nearest,Peak,Road + Waterbus,16.6983,3.3397,10018.95,0.4008,road
146,4,nearest,Peak,Full Multimodal,16.6983,3.3397,10018.95,0.4008,road
146,1,centralized,Off-Peak,Central Road Only,7.7599,3.88,11639.89,0.4656,road
146,1,centralized,Off-Peak,Central Road + Metro,7.7599,3.88,11639.89,0.4656,road
146,1,centralized,Off-Peak,Central Road + Waterbus,7.7599,3.88,11639.89,0.4656,road
146,1,centralized,Off-Peak,Central Full Multimodal,7.7599,3.88,11639.89,0.4656,road
146,1,centralized,Peak,Central Road Only,19.3998,3.88,11639.89,0.4656,road
146,1,centralized,Peak,Central Road + Metro,19.3998,3.88,11639.89,0.4656,road
146,1,centralized,Peak,Central Road + Waterbus,19.3998,3.88,11639.89,0.4656,road
146,1,centralized,Peak,Central Full Multimodal,19.3998,3.88,11639.89,0.4656,road
147,4,nearest,Off-Peak,Road Only,6.4154,3.2077,9623.05,0.3849,road
147,4,nearest,Off-Peak,Road + Metro,6.4154,3.2077,9623.05,0.3849,road
147,4,nearest,Off-Peak,Road + Waterbus,6.4154,3.2077,9623.05,0.3849,road
147,4,nearest,Off-Peak,Full Multimodal,6.4154,3.2077,9623.05,0.3849,road
147,4,nearest,Peak,Road Only,16.0384,3.2077,9623.05,0.3849,road
147,4,nearest,Peak,Road + Metro,16.0384,3.2077,9623.05,0.3849,road
147,4,nearest,Peak,Road + Waterbus,16.0384,3.2077,9623.05,0.3849,road
147,4,nearest,Peak,Full Multimodal,16.0384,3.2077,9623.05,0.3849,road
147,1,centralized,Off-Peak,Central Road Only,7.496,3.748,11243.99,0.4498,road
147,1,centralized,Off-Peak,Central Road + Metro,7.496,3.748,11243.99,0.4498,road
147,1,centralized,Off-Peak,Central Road + Waterbus,7.496,3.748,11243.99,0.4498,road
147,1,centralized,Off-Peak,Central Full Multimodal,7.496,3.748,11243.99,0.4498,road
147,1,centralized,Peak,Central Road Only,18.74,3.748,11243.99,0.4498,road
147,1,centralized,Peak,Central Road + Metro,18.74,3.748,11243.99,0.4498,road
147,1,centralized,Peak,Central Road + Waterbus,18.74,3.748,11243.99,0.4498,road
147,1,centralized,Peak,Central Full Multimodal,18.74,3.748,11243.99,0.4498,road
148,4,nearest,Off-Peak,Road Only,0.0876,0.0438,131.37,0.0053,road
148,4,nearest,Off-Peak,Road + Metro,0.0876,0.0438,131.37,0.0053,road
148,4,nearest,Off-Peak,Road + Waterbus,0.0876,0.0438,131.37,0.0053,road
148,4,nearest,Off-Peak,Full Multimodal,0.0876,0.0438,131.37,0.0053,road
148,4,nearest,Peak,Road Only,0.219,0.0438,131.37,0.0053,road
148,4,nearest,Peak,Road + Metro,0.219,0.0438,131.37,0.0053,road
148,4,nearest,Peak,Road + Waterbus,0.219,0.0438,131.37,0.0053,road
148,4,nearest,Peak,Full Multimodal,0.219,0.0438,131.37,0.0053,road
148,1,centralized,Off-Peak,Central Road Only,6.4823,3.2411,9723.43,0.3889,road
148,1,centralized,Off-Peak,Central Road + Metro,6.4823,3.2411,9723.43,0.3889,road
148,1,centralized,Off-Peak,Central Road + Waterbus,6.4823,3.2411,9723.43,0.3889,road
148,1,centralized,Off-Peak,Central Full Multimodal,6.4823,3.2411,9723.43,0.3889,road
148,1,centralized,Peak,Central Road Only,16.2057,3.2411,9723.43,0.3889,road
148,1,centralized,Peak,Central Road + Metro,13.4029,3.309,19207.33,0.2035,metro+road+transfer
148,1,centralized,Peak,Central Road + Waterbus,16.2057,3.2411,9723.43,0.3889,road
148,1,centralized,Peak,Central Full Multimodal,13.4029,3.309,19207.33,0.2035,metro+road+transfer
149,1,centralized,Off-Peak,Central Road Only,6.5699,3.2849,9854.8,0.3942,road
149,1,centralized,Off-Peak,Central Road + Metro,6.5699,3.2849,9854.8,0.3942,road
149,1,centralized,Off-Peak,Central Road + Waterbus,6.5699,3.2849,9854.8,0.3942,road
149,1,centralized,Off-Peak,Central Full Multimodal,6.5699,3.2849,9854.8,0.3942,road
149,1,centralized,Peak,Central Road Only,16.4247,3.2849,9854.8,0.3942,road
149,1,centralized,Peak,Central Road + Metro,13.6219,3.3528,19338.71,0.2088,metro+road+transfer
149,1,centralized,Peak,Central Road + Waterbus,16.4247,3.2849,9854.8,0.3942,road
149,1,centralized,Peak,Central Full Multimodal,13.6219,3.3528,19338.71,0.2088,metro+road+transfer
150,4,nearest,Off-Peak,Road Only,6.4154,3.2077,9623.05,0.3849,road
150,4,nearest,Off-Peak,Road + Metro,6.4154,3.2077,9623.05,0.3849,road
150,4,nearest,Off-Peak,Road + Waterbus,6.4154,3.2077,9623.05,0.3849,road
150,4,nearest,Off-Peak,Full Multimodal,6.4154,3.2077,9623.05,0.3849,road
150,4,nearest,Peak,Road Only,16.0384,3.2077,9623.05,0.3849,road
150,4,nearest,Peak,Road + Metro,16.0384,3.2077,9623.05,0.3849,road
150,4,nearest,Peak,Road + Waterbus,16.0384,3.2077,9623.05,0.3849,road
150,4,nearest,Peak,Full Multimodal,16.0384,3.2077,9623.05,0.3849,road
150,1,centralized,Off-Peak,Central Road Only,7.496,3.748,11243.99,0.4498,road
150,1,centralized,Off-Peak,Central Road + Metro,7.496,3.748,11243.99,0.4498,road
150,1,centralized,Off-Peak,Central Road + Waterbus,7.496,3.748,11243.99,0.4498,road
150,1,centralized,Off-Peak,Central Full Multimodal,7.496,3.748,11243.99,0.4498,road
150,1,centralized,Peak,Central Road Only,18.74,3.748,11243.99,0.4498,road
150,1,centralized,Peak,Central Road + Metro,18.74,3.748,11243.99,0.4498,road
150,1,centralized,Peak,Central Road + Waterbus,18.74,3.748,11243.99,0.4498,road
150,1,centralized,Peak,Central Full Multimodal,18.74,3.748,11243.99,0.4498,road
151,4,nearest,Off-Peak,Road Only,6.4154,3.2077,9623.05,0.3849,road
151,4,nearest,Off-Peak,Road + Metro,6.4154,3.2077,9623.05,0.3849,road
151,4,nearest,Off-Peak,Road + Waterbus,6.4154,3.2077,9623.05,0.3849,road
151,4,nearest,Off-Peak,Full Multimodal,6.4154,3.2077,9623.05,0.3849,road
151,4,nearest,Peak,Road Only,16.0384,3.2077,9623.05,0.3849,road
151,4,nearest,Peak,Road + Metro,16.0384,3.2077,9623.05,0.3849,road
151,4,nearest,Peak,Road + Waterbus,16.0384,3.2077,9623.05,0.3849,road
151,4,nearest,Peak,Full Multimodal,16.0384,3.2077,9623.05,0.3849,road
151,1,centralized,Off-Peak,Central Road Only,7.496,3.748,11243.99,0.4498,road
151,1,centralized,Off-Peak,Central Road + Metro,7.496,3.748,11243.99,0.4498,road
151,1,centralized,Off-Peak,Central Road + Waterbus,7.496,3.748,11243.99,0.4498,road
151,1,centralized,Off-Peak,Central Full Multimodal,7.496,3.748,11243.99,0.4498,road
151,1,centralized,Peak,Central Road Only,18.74,3.748,11243.99,0.4498,road
151,1,centralized,Peak,Central Road + Metro,18.74,3.748,11243.99,0.4498,road
151,1,centralized,Peak,Central Road + Waterbus,18.74,3.748,11243.99,0.4498,road
151,1,centralized,Peak,Central Full Multimodal,18.74,3.748,11243.99,0.4498,road
152,1,centralized,Off-Peak,Central Road Only,6.5699,3.2849,9854.8,0.3942,road
152,1,centralized,Off-Peak,Central Road + Metro,6.5699,3.2849,9854.8,0.3942,road
152,1,centralized,Off-Peak,Central Road + Waterbus,6.5699,3.2849,9854.8,0.3942,road
152,1,centralized,Off-Peak,Central Full Multimodal,6.5699,3.2849,9854.8,0.3942,road
152,1,centralized,Peak,Central Road Only,16.4247,3.2849,9854.8,0.3942,road
152,1,centralized,Peak,Central Road + Metro,13.6219,3.3528,19338.71,0.2088,metro+road+transfer
152,1,centralized,Peak,Central Road + Waterbus,16.4247,3.2849,9854.8,0.3942,road
152,1,centralized,Peak,Central Full Multimodal,13.6219,3.3528,19338.71,0.2088,metro+road+transfer
153,4,nearest,Off-Peak,Road Only,6.4154,3.2077,9623.05,0.3849,road
153,4,nearest,Off-Peak,Road + Metro,6.4154,3.2077,9623.05,0.3849,road
153,4,nearest,Off-Peak,Road + Waterbus,6.4154,3.2077,9623.05,0.3849,road
153,4,nearest,Off-Peak,Full Multimodal,6.4154,3.2077,9623.05,0.3849,road
153,4,nearest,Peak,Road Only,16.0384,3.2077,9623.05,0.3849,road
153,4,nearest,Peak,Road + Metro,16.0384,3.2077,9623.05,0.3849,road
153,4,nearest,Peak,Road + Waterbus,16.0384,3.2077,9623.05,0.3849,road
153,4,nearest,Peak,Full Multimodal,16.0384,3.2077,9623.05,0.3849,road
153,1,centralized,Off-Peak,Central Road Only,7.496,3.748,11243.99,0.4498,road
153,1,centralized,Off-Peak,Central Road + Metro,7.496,3.748,11243.99,0.4498,road
153,1,centralized,Off-Peak,Central Road + Waterbus,7.496,3.748,11243.99,0.4498,road
153,1,centralized,Off-Peak,Central Full Multimodal,7.496,3.748,11243.99,0.4498,road
153,1,centralized,Peak,Central Road Only,18.74,3.748,11243.99,0.4498,road
153,1,centralized,Peak,Central Road + Metro,18.74,3.748,11243.99,0.4498,road
153,1,centralized,Peak,Central Road + Waterbus,18.74,3.748,11243.99,0.4498,road
153,1,centralized,Peak,Central Full Multimodal,18.74,3.748,11243.99,0.4498,road
154,1,centralized,Off-Peak,Central Road Only,6.5699,3.2849,9854.8,0.3942,road
154,1,centralized,Off-Peak,Central Road + Metro,6.5699,3.2849,9854.8,0.3942,road
154,1,centralized,Off-Peak,Central Road + Waterbus,6.5699,3.2849,9854.8,0.3942,road
154,1,centralized,Off-Peak,Central Full Multimodal,6.5699,3.2849,9854.8,0.3942,road
154,1,centralized,Peak,Central Road Only,16.4247,3.2849,9854.8,0.3942,road
154,1,centralized,Peak,Central Road + Metro,13.6219,3.3528,19338.71,0.2088,metro+road+transfer
154,1,centralized,Peak,Central Road + Waterbus,16.4247,3.2849,9854.8,0.3942,road
154,1,centralized,Peak,Central Full Multimodal,13.6219,3.3528,19338.71,0.2088,metro+road+transfer
155,1,centralized,Off-Peak,Central Road Only,6.5699,3.2849,9854.8,0.3942,road
155,1,centralized,Off-Peak,Central Road + Metro,6.5699,3.2849,9854.8,0.3942,road
155,1,centralized,Off-Peak,Central Road + Waterbus,6.5699,3.2849,9854.8,0.3942,road
155,1,centralized,Off-Peak,Central Full Multimodal,6.5699,3.2849,9854.8,0.3942,road
155,1,centralized,Peak,Central Road Only,16.4247,3.2849,9854.8,0.3942,road
155,1,centralized,Peak,Central Road + Metro,13.6219,3.3528,19338.71,0.2088,metro+road+transfer
155,1,centralized,Peak,Central Road + Waterbus,16.4247,3.2849,9854.8,0.3942,road
155,1,centralized,Peak,Central Full Multimodal,13.6219,3.3528,19338.71,0.2088,metro+road+transfer
156,4,nearest,Off-Peak,Road Only,6.4154,3.2077,9623.05,0.3849,road
156,4,nearest,Off-Peak,Road + Metro,6.4154,3.2077,9623.05,0.3849,road
156,4,nearest,Off-Peak,Road + Waterbus,6.4154,3.2077,9623.05,0.3849,road
156,4,nearest,Off-Peak,Full Multimodal,6.4154,3.2077,9623.05,0.3849,road
156,4,nearest,Peak,Road Only,16.0384,3.2077,9623.05,0.3849,road
156,4,nearest,Peak,Road + Metro,16.0384,3.2077,9623.05,0.3849,road
156,4,nearest,Peak,Road + Waterbus,16.0384,3.2077,9623.05,0.3849,road
156,4,nearest,Peak,Full Multimodal,16.0384,3.2077,9623.05,0.3849,road
156,1,centralized,Off-Peak,Central Road Only,7.496,3.748,11243.99,0.4498,road
156,1,centralized,Off-Peak,Central Road + Metro,7.496,3.748,11243.99,0.4498,road
156,1,centralized,Off-Peak,Central Road + Waterbus,7.496,3.748,11243.99,0.4498,road
156,1,centralized,Off-Peak,Central Full Multimodal,7.496,3.748,11243.99,0.4498,road
156,1,centralized,Peak,Central Road Only,18.74,3.748,11243.99,0.4498,road
156,1,centralized,Peak,Central Road + Metro,18.74,3.748,11243.99,0.4498,road
156,1,centralized,Peak,Central Road + Waterbus,18.74,3.748,11243.99,0.4498,road
156,1,centralized,Peak,Central Full Multimodal,18.74,3.748,11243.99,0.4498,road
157,1,centralized,Off-Peak,Central Road Only,6.5699,3.2849,9854.8,0.3942,road
157,1,centralized,Off-Peak,Central Road + Metro,6.5699,3.2849,9854.8,0.3942,road
157,1,centralized,Off-Peak,Central Road + Waterbus,6.5699,3.2849,9854.8,0.3942,road
157,1,centralized,Off-Peak,Central Full Multimodal,6.5699,3.2849,9854.8,0.3942,road
157,1,centralized,Peak,Central Road Only,16.4247,3.2849,9854.8,0.3942,road
157,1,centralized,Peak,Central Road + Metro,13.6219,3.3528,19338.71,0.2088,metro+road+transfer
157,1,centralized,Peak,Central Road + Waterbus,16.4247,3.2849,9854.8,0.3942,road
157,1,centralized,Peak,Central Full Multimodal,13.6219,3.3528,19338.71,0.2088,metro+road+transfer
158,1,centralized,Off-Peak,Central Road Only,6.5699,3.2849,9854.8,0.3942,road
158,1,centralized,Off-Peak,Central Road + Metro,6.5699,3.2849,9854.8,0.3942,road
158,1,centralized,Off-Peak,Central Road + Waterbus,6.5699,3.2849,9854.8,0.3942,road
158,1,centralized,Off-Peak,Central Full Multimodal,6.5699,3.2849,9854.8,0.3942,road
158,1,centralized,Peak,Central Road Only,16.4247,3.2849,9854.8,0.3942,road
158,1,centralized,Peak,Central Road + Metro,13.6219,3.3528,19338.71,0.2088,metro+road+transfer
158,1,centralized,Peak,Central Road + Waterbus,16.4247,3.2849,9854.8,0.3942,road
158,1,centralized,Peak,Central Full Multimodal,13.6219,3.3528,19338.71,0.2088,metro+road+transfer
159,4,nearest,Off-Peak,Road Only,6.4154,3.2077,9623.05,0.3849,road
159,4,nearest,Off-Peak,Road + Metro,6.4154,3.2077,9623.05,0.3849,road
159,4,nearest,Off-Peak,Road + Waterbus,6.4154,3.2077,9623.05,0.3849,road
159,4,nearest,Off-Peak,Full Multimodal,6.4154,3.2077,9623.05,0.3849,road
159,4,nearest,Peak,Road Only,16.0384,3.2077,9623.05,0.3849,road
159,4,nearest,Peak,Road + Metro,16.0384,3.2077,9623.05,0.3849,road
159,4,nearest,Peak,Road + Waterbus,16.0384,3.2077,9623.05,0.3849,road
159,4,nearest,Peak,Full Multimodal,16.0384,3.2077,9623.05,0.3849,road
159,1,centralized,Off-Peak,Central Road Only,7.496,3.748,11243.99,0.4498,road
159,1,centralized,Off-Peak,Central Road + Metro,7.496,3.748,11243.99,0.4498,road
159,1,centralized,Off-Peak,Central Road + Waterbus,7.496,3.748,11243.99,0.4498,road
159,1,centralized,Off-Peak,Central Full Multimodal,7.496,3.748,11243.99,0.4498,road
159,1,centralized,Peak,Central Road Only,18.74,3.748,11243.99,0.4498,road
159,1,centralized,Peak,Central Road + Metro,18.74,3.748,11243.99,0.4498,road
159,1,centralized,Peak,Central Road + Waterbus,18.74,3.748,11243.99,0.4498,road
159,1,centralized,Peak,Central Full Multimodal,18.74,3.748,11243.99,0.4498,road
160,4,nearest,Off-Peak,Road Only,6.4154,3.2077,9623.05,0.3849,road
160,4,nearest,Off-Peak,Road + Metro,6.4154,3.2077,9623.05,0.3849,road
160,4,nearest,Off-Peak,Road + Waterbus,6.4154,3.2077,9623.05,0.3849,road
160,4,nearest,Off-Peak,Full Multimodal,6.4154,3.2077,9623.05,0.3849,road
160,4,nearest,Peak,Road Only,16.0384,3.2077,9623.05,0.3849,road
160,4,nearest,Peak,Road + Metro,16.0384,3.2077,9623.05,0.3849,road
160,4,nearest,Peak,Road + Waterbus,16.0384,3.2077,9623.05,0.3849,road
160,4,nearest,Peak,Full Multimodal,16.0384,3.2077,9623.05,0.3849,road
160,1,centralized,Off-Peak,Central Road Only,7.496,3.748,11243.99,0.4498,road
160,1,centralized,Off-Peak,Central Road + Metro,7.496,3.748,11243.99,0.4498,road
160,1,centralized,Off-Peak,Central Road + Waterbus,7.496,3.748,11243.99,0.4498,road
160,1,centralized,Off-Peak,Central Full Multimodal,7.496,3.748,11243.99,0.4498,road
160,1,centralized,Peak,Central Road Only,18.74,3.748,11243.99,0.4498,road
160,1,centralized,Peak,Central Road + Metro,18.74,3.748,11243.99,0.4498,road
160,1,centralized,Peak,Central Road + Waterbus,18.74,3.748,11243.99,0.4498,road
160,1,centralized,Peak,Central Full Multimodal,18.74,3.748,11243.99,0.4498,road
161,4,nearest,Off-Peak,Road Only,6.4154,3.2077,9623.05,0.3849,road
161,4,nearest,Off-Peak,Road + Metro,6.4154,3.2077,9623.05,0.3849,road
161,4,nearest,Off-Peak,Road + Waterbus,6.4154,3.2077,9623.05,0.3849,road
161,4,nearest,Off-Peak,Full Multimodal,6.4154,3.2077,9623.05,0.3849,road
161,4,nearest,Peak,Road Only,16.0384,3.2077,9623.05,0.3849,road
161,4,nearest,Peak,Road + Metro,16.0384,3.2077,9623.05,0.3849,road
161,4,nearest,Peak,Road + Waterbus,16.0384,3.2077,9623.05,0.3849,road
161,4,nearest,Peak,Full Multimodal,16.0384,3.2077,9623.05,0.3849,road
161,1,centralized,Off-Peak,Central Road Only,7.496,3.748,11243.99,0.4498,road
161,1,centralized,Off-Peak,Central Road + Metro,7.496,3.748,11243.99,0.4498,road
161,1,centralized,Off-Peak,Central Road + Waterbus,7.496,3.748,11243.99,0.4498,road
161,1,centralized,Off-Peak,Central Full Multimodal,7.496,3.748,11243.99,0.4498,road
161,1,centralized,Peak,Central Road Only,18.74,3.748,11243.99,0.4498,road
161,1,centralized,Peak,Central Road + Metro,18.74,3.748,11243.99,0.4498,road
161,1,centralized,Peak,Central Road + Waterbus,18.74,3.748,11243.99,0.4498,road
161,1,centralized,Peak,Central Full Multimodal,18.74,3.748,11243.99,0.4498,road
162,4,nearest,Off-Peak,Road Only,6.4154,3.2077,9623.05,0.3849,road
162,4,nearest,Off-Peak,Road + Metro,6.4154,3.2077,9623.05,0.3849,road
162,4,nearest,Off-Peak,Road + Waterbus,6.4154,3.2077,9623.05,0.3849,road
162,4,nearest,Off-Peak,Full Multimodal,6.4154,3.2077,9623.05,0.3849,road
162,4,nearest,Peak,Road Only,16.0384,3.2077,9623.05,0.3849,road
162,4,nearest,Peak,Road + Metro,16.0384,3.2077,9623.05,0.3849,road
162,4,nearest,Peak,Road + Waterbus,16.0384,3.2077,9623.05,0.3849,road
162,4,nearest,Peak,Full Multimodal,16.0384,3.2077,9623.05,0.3849,road
162,1,centralized,Off-Peak,Central Road Only,7.496,3.748,11243.99,0.4498,road
162,1,centralized,Off-Peak,Central Road + Metro,7.496,3.748,11243.99,0.4498,road
162,1,centralized,Off-Peak,Central Road + Waterbus,7.496,3.748,11243.99,0.4498,road
162,1,centralized,Off-Peak,Central Full Multimodal,7.496,3.748,11243.99,0.4498,road
162,1,centralized,Peak,Central Road Only,18.74,3.748,11243.99,0.4498,road
162,1,centralized,Peak,Central Road + Metro,18.74,3.748,11243.99,0.4498,road
162,1,centralized,Peak,Central Road + Waterbus,18.74,3.748,11243.99,0.4498,road
162,1,centralized,Peak,Central Full Multimodal,18.74,3.748,11243.99,0.4498,road
163,1,centralized,Off-Peak,Central Road Only,6.5699,3.2849,9854.8,0.3942,road
163,1,centralized,Off-Peak,Central Road + Metro,6.5699,3.2849,9854.8,0.3942,road
163,1,centralized,Off-Peak,Central Road + Waterbus,6.5699,3.2849,9854.8,0.3942,road
163,1,centralized,Off-Peak,Central Full Multimodal,6.5699,3.2849,9854.8,0.3942,road
163,1,centralized,Peak,Central Road Only,16.4247,3.2849,9854.8,0.3942,road
163,1,centralized,Peak,Central Road + Metro,13.6219,3.3528,19338.71,0.2088,metro+road+transfer
163,1,centralized,Peak,Central Road + Waterbus,16.4247,3.2849,9854.8,0.3942,road
163,1,centralized,Peak,Central Full Multimodal,13.6219,3.3528,19338.71,0.2088,metro+road+transfer
164,1,centralized,Off-Peak,Central Road Only,6.5699,3.2849,9854.8,0.3942,road
164,1,centralized,Off-Peak,Central Road + Metro,6.5699,3.2849,9854.8,0.3942,road
164,1,centralized,Off-Peak,Central Road + Waterbus,6.5699,3.2849,9854.8,0.3942,road
164,1,centralized,Off-Peak,Central Full Multimodal,6.5699,3.2849,9854.8,0.3942,road
164,1,centralized,Peak,Central Road Only,16.4247,3.2849,9854.8,0.3942,road
164,1,centralized,Peak,Central Road + Metro,13.6219,3.3528,19338.71,0.2088,metro+road+transfer
164,1,centralized,Peak,Central Road + Waterbus,16.4247,3.2849,9854.8,0.3942,road
164,1,centralized,Peak,Central Full Multimodal,13.6219,3.3528,19338.71,0.2088,metro+road+transfer
165,1,centralized,Off-Peak,Central Road Only,6.5699,3.2849,9854.8,0.3942,road
165,1,centralized,Off-Peak,Central Road + Metro,6.5699,3.2849,9854.8,0.3942,road
165,1,centralized,Off-Peak,Central Road + Waterbus,6.5699,3.2849,9854.8,0.3942,road
165,1,centralized,Off-Peak,Central Full Multimodal,6.5699,3.2849,9854.8,0.3942,road
165,1,centralized,Peak,Central Road Only,16.4247,3.2849,9854.8,0.3942,road
165,1,centralized,Peak,Central Road + Metro,13.6219,3.3528,19338.71,0.2088,metro+road+transfer
165,1,centralized,Peak,Central Road + Waterbus,16.4247,3.2849,9854.8,0.3942,road
165,1,centralized,Peak,Central Full Multimodal,13.6219,3.3528,19338.71,0.2088,metro+road+transfer
166,2,nearest,Off-Peak,Road Only,4.3451,2.1725,6517.64,0.2607,road
166,2,nearest,Off-Peak,Road + Metro,4.3451,2.1725,6517.64,0.2607,road
166,2,nearest,Off-Peak,Road + Waterbus,4.3451,2.1725,6517.64,0.2607,road
166,2,nearest,Off-Peak,Full Multimodal,4.3451,2.1725,6517.64,0.2607,road
166,2,nearest,Peak,Road Only,10.8627,2.1725,6517.64,0.2607,road
166,2,nearest,Peak,Road + Metro,10.8627,2.1725,6517.64,0.2607,road
166,2,nearest,Peak,Road + Waterbus,10.8627,2.1725,6517.64,0.2607,road
166,2,nearest,Peak,Full Multimodal,10.8627,2.1725,6517.64,0.2607,road
166,1,centralized,Off-Peak,Central Road Only,6.0659,3.033,9098.86,0.364,road
166,1,centralized,Off-Peak,Central Road + Metro,6.0659,3.033,9098.86,0.364,road
166,1,centralized,Off-Peak,Central Road + Waterbus,6.0659,3.033,9098.86,0.364,road
166,1,centralized,Off-Peak,Central Full Multimodal,6.0659,3.033,9098.86,0.364,road
166,1,centralized,Peak,Central Road Only,15.1648,3.033,9098.86,0.364,road
166,1,centralized,Peak,Central Road + Metro,12.362,3.1008,18582.77,0.1785,metro+road+transfer
166,1,centralized,Peak,Central Road + Waterbus,15.1648,3.033,9098.86,0.364,road
166,1,centralized,Peak,Central Full Multimodal,12.362,3.1008,18582.77,0.1785,metro+road+transfer
167,1,centralized,Off-Peak,Central Road Only,6.5699,3.2849,9854.8,0.3942,road
167,1,centralized,Off-Peak,Central Road + Metro,6.5699,3.2849,9854.8,0.3942,road
167,1,centralized,Off-Peak,Central Road + Waterbus,6.5699,3.2849,9854.8,0.3942,road
167,1,centralized,Off-Peak,Central Full Multimodal,6.5699,3.2849,9854.8,0.3942,road
167,1,centralized,Peak,Central Road Only,16.4247,3.2849,9854.8,0.3942,road
167,1,centralized,Peak,Central Road + Metro,13.6219,3.3528,19338.71,0.2088,metro+road+transfer
167,1,centralized,Peak,Central Road + Waterbus,16.4247,3.2849,9854.8,0.3942,road
167,1,centralized,Peak,Central Full Multimodal,13.6219,3.3528,19338.71,0.2088,metro+road+transfer
168,4,nearest,Off-Peak,Road Only,6.4154,3.2077,9623.05,0.3849,road
168,4,nearest,Off-Peak,Road + Metro,6.4154,3.2077,9623.05,0.3849,road
168,4,nearest,Off-Peak,Road + Waterbus,6.4154,3.2077,9623.05,0.3849,road
168,4,nearest,Off-Peak,Full Multimodal,6.4154,3.2077,9623.05,0.3849,road
168,4,nearest,Peak,Road Only,16.0384,3.2077,9623.05,0.3849,road
168,4,nearest,Peak,Road + Metro,16.0384,3.2077,9623.05,0.3849,road
168,4,nearest,Peak,Road + Waterbus,16.0384,3.2077,9623.05,0.3849,road
168,4,nearest,Peak,Full Multimodal,16.0384,3.2077,9623.05,0.3849,road
168,1,centralized,Off-Peak,Central Road Only,7.496,3.748,11243.99,0.4498,road
168,1,centralized,Off-Peak,Central Road + Metro,7.496,3.748,11243.99,0.4498,road
168,1,centralized,Off-Peak,Central Road + Waterbus,7.496,3.748,11243.99,0.4498,road
168,1,centralized,Off-Peak,Central Full Multimodal,7.496,3.748,11243.99,0.4498,road
168,1,centralized,Peak,Central Road Only,18.74,3.748,11243.99,0.4498,road
168,1,centralized,Peak,Central Road + Metro,18.74,3.748,11243.99,0.4498,road
168,1,centralized,Peak,Central Road + Waterbus,18.74,3.748,11243.99,0.4498,road
168,1,centralized,Peak,Central Full Multimodal,18.74,3.748,11243.99,0.4498,road
169,1,centralized,Off-Peak,Central Road Only,6.5699,3.2849,9854.8,0.3942,road
169,1,centralized,Off-Peak,Central Road + Metro,6.5699,3.2849,9854.8,0.3942,road
169,1,centralized,Off-Peak,Central Road + Waterbus,6.5699,3.2849,9854.8,0.3942,road
169,1,centralized,Off-Peak,Central Full Multimodal,6.5699,3.2849,9854.8,0.3942,road
169,1,centralized,Peak,Central Road Only,16.4247,3.2849,9854.8,0.3942,road
169,1,centralized,Peak,Central Road + Metro,13.6219,3.3528,19338.71,0.2088,metro+road+transfer
169,1,centralized,Peak,Central Road + Waterbus,16.4247,3.2849,9854.8,0.3942,road
169,1,centralized,Peak,Central Full Multimodal,13.6219,3.3528,19338.71,0.2088,metro+road+transfer
170,4,nearest,Off-Peak,Road Only,6.4154,3.2077,9623.05,0.3849,road
170,4,nearest,Off-Peak,Road + Metro,6.4154,3.2077,9623.05,0.3849,road
170,4,nearest,Off-Peak,Road + Waterbus,6.4154,3.2077,9623.05,0.3849,road
170,4,nearest,Off-Peak,Full Multimodal,6.4154,3.2077,9623.05,0.3849,road
170,4,nearest,Peak,Road Only,16.0384,3.2077,9623.05,0.3849,road
170,4,nearest,Peak,Road + Metro,16.0384,3.2077,9623.05,0.3849,road
170,4,nearest,Peak,Road + Waterbus,16.0384,3.2077,9623.05,0.3849,road
170,4,nearest,Peak,Full Multimodal,16.0384,3.2077,9623.05,0.3849,road
170,1,centralized,Off-Peak,Central Road Only,7.496,3.748,11243.99,0.4498,road
170,1,centralized,Off-Peak,Central Road + Metro,7.496,3.748,11243.99,0.4498,road
170,1,centralized,Off-Peak,Central Road + Waterbus,7.496,3.748,11243.99,0.4498,road
170,1,centralized,Off-Peak,Central Full Multimodal,7.496,3.748,11243.99,0.4498,road
170,1,centralized,Peak,Central Road Only,18.74,3.748,11243.99,0.4498,road
170,1,centralized,Peak,Central Road + Metro,18.74,3.748,11243.99,0.4498,road
170,1,centralized,Peak,Central Road + Waterbus,18.74,3.748,11243.99,0.4498,road
170,1,centralized,Peak,Central Full Multimodal,18.74,3.748,11243.99,0.4498,road
171,4,nearest,Off-Peak,Road Only,6.4154,3.2077,9623.05,0.3849,road
171,4,nearest,Off-Peak,Road + Metro,6.4154,3.2077,9623.05,0.3849,road
171,4,nearest,Off-Peak,Road + Waterbus,6.4154,3.2077,9623.05,0.3849,road
171,4,nearest,Off-Peak,Full Multimodal,6.4154,3.2077,9623.05,0.3849,road
171,4,nearest,Peak,Road Only,16.0384,3.2077,9623.05,0.3849,road
171,4,nearest,Peak,Road + Metro,16.0384,3.2077,9623.05,0.3849,road
171,4,nearest,Peak,Road + Waterbus,16.0384,3.2077,9623.05,0.3849,road
171,4,nearest,Peak,Full Multimodal,16.0384,3.2077,9623.05,0.3849,road
171,1,centralized,Off-Peak,Central Road Only,7.496,3.748,11243.99,0.4498,road
171,1,centralized,Off-Peak,Central Road + Metro,7.496,3.748,11243.99,0.4498,road
171,1,centralized,Off-Peak,Central Road + Waterbus,7.496,3.748,11243.99,0.4498,road
171,1,centralized,Off-Peak,Central Full Multimodal,7.496,3.748,11243.99,0.4498,road
171,1,centralized,Peak,Central Road Only,18.74,3.748,11243.99,0.4498,road
171,1,centralized,Peak,Central Road + Metro,18.74,3.748,11243.99,0.4498,road
171,1,centralized,Peak,Central Road + Waterbus,18.74,3.748,11243.99,0.4498,road
171,1,centralized,Peak,Central Full Multimodal,18.74,3.748,11243.99,0.4498,road
172,4,nearest,Off-Peak,Road Only,6.4154,3.2077,9623.05,0.3849,road
172,4,nearest,Off-Peak,Road + Metro,6.4154,3.2077,9623.05,0.3849,road
172,4,nearest,Off-Peak,Road + Waterbus,6.4154,3.2077,9623.05,0.3849,road
172,4,nearest,Off-Peak,Full Multimodal,6.4154,3.2077,9623.05,0.3849,road
172,4,nearest,Peak,Road Only,16.0384,3.2077,9623.05,0.3849,road
172,4,nearest,Peak,Road + Metro,16.0384,3.2077,9623.05,0.3849,road
172,4,nearest,Peak,Road + Waterbus,16.0384,3.2077,9623.05,0.3849,road
172,4,nearest,Peak,Full Multimodal,16.0384,3.2077,9623.05,0.3849,road
172,1,centralized,Off-Peak,Central Road Only,7.496,3.748,11243.99,0.4498,road
172,1,centralized,Off-Peak,Central Road + Metro,7.496,3.748,11243.99,0.4498,road
172,1,centralized,Off-Peak,Central Road + Waterbus,7.496,3.748,11243.99,0.4498,road
172,1,centralized,Off-Peak,Central Full Multimodal,7.496,3.748,11243.99,0.4498,road
172,1,centralized,Peak,Central Road Only,18.74,3.748,11243.99,0.4498,road
172,1,centralized,Peak,Central Road + Metro,18.74,3.748,11243.99,0.4498,road
172,1,centralized,Peak,Central Road + Waterbus,18.74,3.748,11243.99,0.4498,road
172,1,centralized,Peak,Central Full Multimodal,18.74,3.748,11243.99,0.4498,road
173,4,nearest,Off-Peak,Road Only,6.0926,3.0463,9138.97,0.3656,road
173,4,nearest,Off-Peak,Road + Metro,6.0926,3.0463,9138.97,0.3656,road
173,4,nearest,Off-Peak,Road + Waterbus,6.0926,3.0463,9138.97,0.3656,road
173,4,nearest,Off-Peak,Full Multimodal,6.0926,3.0463,9138.97,0.3656,road
173,4,nearest,Peak,Road Only,15.2316,3.0463,9138.97,0.3656,road
173,4,nearest,Peak,Road + Metro,15.2316,3.0463,9138.97,0.3656,road
173,4,nearest,Peak,Road + Waterbus,15.2316,3.0463,9138.97,0.3656,road
173,4,nearest,Peak,Full Multimodal,15.2316,3.0463,9138.97,0.3656,road
173,1,centralized,Off-Peak,Central Road Only,7.1733,3.5866,10759.91,0.4304,road
173,1,centralized,Off-Peak,Central Road + Metro,7.1733,3.5866,10759.91,0.4304,road
173,1,centralized,Off-Peak,Central Road + Waterbus,7.1733,3.5866,10759.91,0.4304,road
173,1,centralized,Off-Peak,Central Full Multimodal,7.1733,3.5866,10759.91,0.4304,road
173,1,centralized,Peak,Central Road Only,17.9332,3.5866,10759.91,0.4304,road
173,1,centralized,Peak,Central Road + Metro,17.9332,3.5866,10759.91,0.4304,road
173,1,centralized,Peak,Central Road + Waterbus,17.9332,3.5866,10759.91,0.4304,road
173,1,centralized,Peak,Central Full Multimodal,17.9332,3.5866,10759.91,0.4304,road
174,4,nearest,Off-Peak,Road Only,6.4154,3.2077,9623.05,0.3849,road
174,4,nearest,Off-Peak,Road + Metro,6.4154,3.2077,9623.05,0.3849,road
174,4,nearest,Off-Peak,Road + Waterbus,6.4154,3.2077,9623.05,0.3849,road
174,4,nearest,Off-Peak,Full Multimodal,6.4154,3.2077,9623.05,0.3849,road
174,4,nearest,Peak,Road Only,16.0384,3.2077,9623.05,0.3849,road
174,4,nearest,Peak,Road + Metro,16.0384,3.2077,9623.05,0.3849,road
174,4,nearest,Peak,Road + Waterbus,16.0384,3.2077,9623.05,0.3849,road
174,4,nearest,Peak,Full Multimodal,16.0384,3.2077,9623.05,0.3849,road
174,1,centralized,Off-Peak,Central Road Only,7.496,3.748,11243.99,0.4498,road
174,1,centralized,Off-Peak,Central Road + Metro,7.496,3.748,11243.99,0.4498,road
174,1,centralized,Off-Peak,Central Road + Waterbus,7.496,3.748,11243.99,0.4498,road
174,1,centralized,Off-Peak,Central Full Multimodal,7.496,3.748,11243.99,0.4498,road
174,1,centralized,Peak,Central Road Only,18.74,3.748,11243.99,0.4498,road
174,1,centralized,Peak,Central Road + Metro,18.74,3.748,11243.99,0.4498,road
174,1,centralized,Peak,Central Road + Waterbus,18.74,3.748,11243.99,0.4498,road
174,1,centralized,Peak,Central Full Multimodal,18.74,3.748,11243.99,0.4498,road
175,4,nearest,Off-Peak,Road Only,6.4154,3.2077,9623.05,0.3849,road
175,4,nearest,Off-Peak,Road + Metro,6.4154,3.2077,9623.05,0.3849,road
175,4,nearest,Off-Peak,Road + Waterbus,6.4154,3.2077,9623.05,0.3849,road
175,4,nearest,Off-Peak,Full Multimodal,6.4154,3.2077,9623.05,0.3849,road
175,4,nearest,Peak,Road Only,16.0384,3.2077,9623.05,0.3849,road
175,4,nearest,Peak,Road + Metro,16.0384,3.2077,9623.05,0.3849,road
175,4,nearest,Peak,Road + Waterbus,16.0384,3.2077,9623.05,0.3849,road
175,4,nearest,Peak,Full Multimodal,16.0384,3.2077,9623.05,0.3849,road
175,1,centralized,Off-Peak,Central Road Only,7.496,3.748,11243.99,0.4498,road
175,1,centralized,Off-Peak,Central Road + Metro,7.496,3.748,11243.99,0.4498,road
175,1,centralized,Off-Peak,Central Road + Waterbus,7.496,3.748,11243.99,0.4498,road
175,1,centralized,Off-Peak,Central Full Multimodal,7.496,3.748,11243.99,0.4498,road
175,1,centralized,Peak,Central Road Only,18.74,3.748,11243.99,0.4498,road
175,1,centralized,Peak,Central Road + Metro,18.74,3.748,11243.99,0.4498,road
175,1,centralized,Peak,Central Road + Waterbus,18.74,3.748,11243.99,0.4498,road
175,1,centralized,Peak,Central Full Multimodal,18.74,3.748,11243.99,0.4498,road
176,1,centralized,Off-Peak,Central Road Only,6.5699,3.2849,9854.8,0.3942,road
176,1,centralized,Off-Peak,Central Road + Metro,6.5699,3.2849,9854.8,0.3942,road
176,1,centralized,Off-Peak,Central Road + Waterbus,6.5699,3.2849,9854.8,0.3942,road
176,1,centralized,Off-Peak,Central Full Multimodal,6.5699,3.2849,9854.8,0.3942,road
176,1,centralized,Peak,Central Road Only,16.4247,3.2849,9854.8,0.3942,road
176,1,centralized,Peak,Central Road + Metro,13.6219,3.3528,19338.71,0.2088,metro+road+transfer
176,1,centralized,Peak,Central Road + Waterbus,16.4247,3.2849,9854.8,0.3942,road
176,1,centralized,Peak,Central Full Multimodal,13.6219,3.3528,19338.71,0.2088,metro+road+transfer
177,4,nearest,Off-Peak,Road Only,6.4154,3.2077,9623.05,0.3849,road
177,4,nearest,Off-Peak,Road + Metro,6.4154,3.2077,9623.05,0.3849,road
177,4,nearest,Off-Peak,Road + Waterbus,6.4154,3.2077,9623.05,0.3849,road
177,4,nearest,Off-Peak,Full Multimodal,6.4154,3.2077,9623.05,0.3849,road
177,4,nearest,Peak,Road Only,16.0384,3.2077,9623.05,0.3849,road
177,4,nearest,Peak,Road + Metro,16.0384,3.2077,9623.05,0.3849,road
177,4,nearest,Peak,Road + Waterbus,16.0384,3.2077,9623.05,0.3849,road
177,4,nearest,Peak,Full Multimodal,16.0384,3.2077,9623.05,0.3849,road
177,1,centralized,Off-Peak,Central Road Only,7.496,3.748,11243.99,0.4498,road
177,1,centralized,Off-Peak,Central Road + Metro,7.496,3.748,11243.99,0.4498,road
177,1,centralized,Off-Peak,Central Road + Waterbus,7.496,3.748,11243.99,0.4498,road
177,1,centralized,Off-Peak,Central Full Multimodal,7.496,3.748,11243.99,0.4498,road
177,1,centralized,Peak,Central Road Only,18.74,3.748,11243.99,0.4498,road
177,1,centralized,Peak,Central Road + Metro,18.74,3.748,11243.99,0.4498,road
177,1,centralized,Peak,Central Road + Waterbus,18.74,3.748,11243.99,0.4498,road
177,1,centralized,Peak,Central Full Multimodal,18.74,3.748,11243.99,0.4498,road
178,1,centralized,Off-Peak,Central Road Only,6.5699,3.2849,9854.8,0.3942,road
178,1,centralized,Off-Peak,Central Road + Metro,6.5699,3.2849,9854.8,0.3942,road
178,1,centralized,Off-Peak,Central Road + Waterbus,6.5699,3.2849,9854.8,0.3942,road
178,1,centralized,Off-Peak,Central Full Multimodal,6.5699,3.2849,9854.8,0.3942,road
178,1,centralized,Peak,Central Road Only,16.4247,3.2849,9854.8,0.3942,road
178,1,centralized,Peak,Central Road + Metro,13.6219,3.3528,19338.71,0.2088,metro+road+transfer
178,1,centralized,Peak,Central Road + Waterbus,16.4247,3.2849,9854.8,0.3942,road
178,1,centralized,Peak,Central Full Multimodal,13.6219,3.3528,19338.71,0.2088,metro+road+transfer
179,1,centralized,Off-Peak,Central Road Only,6.5699,3.2849,9854.8,0.3942,road
179,1,centralized,Off-Peak,Central Road + Metro,6.5699,3.2849,9854.8,0.3942,road
179,1,centralized,Off-Peak,Central Road + Waterbus,6.5699,3.2849,9854.8,0.3942,road
179,1,centralized,Off-Peak,Central Full Multimodal,6.5699,3.2849,9854.8,0.3942,road
179,1,centralized,Peak,Central Road Only,16.4247,3.2849,9854.8,0.3942,road
179,1,centralized,Peak,Central Road + Metro,13.6219,3.3528,19338.71,0.2088,metro+road+transfer
179,1,centralized,Peak,Central Road + Waterbus,16.4247,3.2849,9854.8,0.3942,road
179,1,centralized,Peak,Central Full Multimodal,13.6219,3.3528,19338.71,0.2088,metro+road+transfer
180,4,nearest,Off-Peak,Road Only,6.4154,3.2077,9623.05,0.3849,road
180,4,nearest,Off-Peak,Road + Metro,6.4154,3.2077,9623.05,0.3849,road
180,4,nearest,Off-Peak,Road + Waterbus,6.4154,3.2077,9623.05,0.3849,road
180,4,nearest,Off-Peak,Full Multimodal,6.4154,3.2077,9623.05,0.3849,road
180,4,nearest,Peak,Road Only,16.0384,3.2077,9623.05,0.3849,road
180,4,nearest,Peak,Road + Metro,16.0384,3.2077,9623.05,0.3849,road
180,4,nearest,Peak,Road + Waterbus,16.0384,3.2077,9623.05,0.3849,road
180,4,nearest,Peak,Full Multimodal,16.0384,3.2077,9623.05,0.3849,road
180,1,centralized,Off-Peak,Central Road Only,7.496,3.748,11243.99,0.4498,road
180,1,centralized,Off-Peak,Central Road + Metro,7.496,3.748,11243.99,0.4498,road
180,1,centralized,Off-Peak,Central Road + Waterbus,7.496,3.748,11243.99,0.4498,road
180,1,centralized,Off-Peak,Central Full Multimodal,7.496,3.748,11243.99,0.4498,road
180,1,centralized,Peak,Central Road Only,18.74,3.748,11243.99,0.4498,road
180,1,centralized,Peak,Central Road + Metro,18.74,3.748,11243.99,0.4498,road
180,1,centralized,Peak,Central Road + Waterbus,18.74,3.748,11243.99,0.4498,road
180,1,centralized,Peak,Central Full Multimodal,18.74,3.748,11243.99,0.4498,road
181,4,nearest,Off-Peak,Road Only,6.4154,3.2077,9623.05,0.3849,road
181,4,nearest,Off-Peak,Road + Metro,6.4154,3.2077,9623.05,0.3849,road
181,4,nearest,Off-Peak,Road + Waterbus,6.4154,3.2077,9623.05,0.3849,road
181,4,nearest,Off-Peak,Full Multimodal,6.4154,3.2077,9623.05,0.3849,road
181,4,nearest,Peak,Road Only,16.0384,3.2077,9623.05,0.3849,road
181,4,nearest,Peak,Road + Metro,16.0384,3.2077,9623.05,0.3849,road
181,4,nearest,Peak,Road + Waterbus,16.0384,3.2077,9623.05,0.3849,road
181,4,nearest,Peak,Full Multimodal,16.0384,3.2077,9623.05,0.3849,road
181,1,centralized,Off-Peak,Central Road Only,7.496,3.748,11243.99,0.4498,road
181,1,centralized,Off-Peak,Central Road + Metro,7.496,3.748,11243.99,0.4498,road
181,1,centralized,Off-Peak,Central Road + Waterbus,7.496,3.748,11243.99,0.4498,road
181,1,centralized,Off-Peak,Central Full Multimodal,7.496,3.748,11243.99,0.4498,road
181,1,centralized,Peak,Central Road Only,18.74,3.748,11243.99,0.4498,road
181,1,centralized,Peak,Central Road + Metro,18.74,3.748,11243.99,0.4498,road
181,1,centralized,Peak,Central Road + Waterbus,18.74,3.748,11243.99,0.4498,road
181,1,centralized,Peak,Central Full Multimodal,18.74,3.748,11243.99,0.4498,road
182,1,centralized,Off-Peak,Central Road Only,6.5699,3.2849,9854.8,0.3942,road
182,1,centralized,Off-Peak,Central Road + Metro,6.5699,3.2849,9854.8,0.3942,road
182,1,centralized,Off-Peak,Central Road + Waterbus,6.5699,3.2849,9854.8,0.3942,road
182,1,centralized,Off-Peak,Central Full Multimodal,6.5699,3.2849,9854.8,0.3942,road
182,1,centralized,Peak,Central Road Only,16.4247,3.2849,9854.8,0.3942,road
182,1,centralized,Peak,Central Road + Metro,13.6219,3.3528,19338.71,0.2088,metro+road+transfer
182,1,centralized,Peak,Central Road + Waterbus,16.4247,3.2849,9854.8,0.3942,road
182,1,centralized,Peak,Central Full Multimodal,13.6219,3.3528,19338.71,0.2088,metro+road+transfer
183,4,nearest,Off-Peak,Road Only,5.9997,2.9998,8999.53,0.36,road
183,4,nearest,Off-Peak,Road + Metro,5.9997,2.9998,8999.53,0.36,road
183,4,nearest,Off-Peak,Road + Waterbus,5.9997,2.9998,8999.53,0.36,road
183,4,nearest,Off-Peak,Full Multimodal,5.9997,2.9998,8999.53,0.36,road
183,4,nearest,Peak,Road Only,14.9992,2.9998,8999.53,0.36,road
183,4,nearest,Peak,Road + Metro,14.9992,2.9998,8999.53,0.36,road
183,4,nearest,Peak,Road + Waterbus,14.9992,2.9998,8999.53,0.36,road
183,4,nearest,Peak,Full Multimodal,14.9992,2.9998,8999.53,0.36,road
183,1,centralized,Off-Peak,Central Road Only,7.0803,3.5402,10620.47,0.4248,road
183,1,centralized,Off-Peak,Central Road + Metro,7.0803,3.5402,10620.47,0.4248,road
183,1,centralized,Off-Peak,Central Road + Waterbus,7.0803,3.5402,10620.47,0.4248,road
183,1,centralized,Off-Peak,Central Full Multimodal,7.0803,3.5402,10620.47,0.4248,road
183,1,centralized,Peak,Central Road Only,17.7008,3.5402,10620.47,0.4248,road
183,1,centralized,Peak,Central Road + Metro,17.7008,3.5402,10620.47,0.4248,road
183,1,centralized,Peak,Central Road + Waterbus,17.7008,3.5402,10620.47,0.4248,road
183,1,centralized,Peak,Central Full Multimodal,17.7008,3.5402,10620.47,0.4248,road
184,1,centralized,Off-Peak,Central Road Only,6.5699,3.2849,9854.8,0.3942,road
184,1,centralized,Off-Peak,Central Road + Metro,6.5699,3.2849,9854.8,0.3942,road
184,1,centralized,Off-Peak,Central Road + Waterbus,6.5699,3.2849,9854.8,0.3942,road
184,1,centralized,Off-Peak,Central Full Multimodal,6.5699,3.2849,9854.8,0.3942,road
184,1,centralized,Peak,Central Road Only,16.4247,3.2849,9854.8,0.3942,road
184,1,centralized,Peak,Central Road + Metro,13.6219,3.3528,19338.71,0.2088,metro+road+transfer
184,1,centralized,Peak,Central Road + Waterbus,16.4247,3.2849,9854.8,0.3942,road
184,1,centralized,Peak,Central Full Multimodal,13.6219,3.3528,19338.71,0.2088,metro+road+transfer
185,1,centralized,Off-Peak,Central Road Only,6.5699,3.2849,9854.8,0.3942,road
185,1,centralized,Off-Peak,Central Road + Metro,6.5699,3.2849,9854.8,0.3942,road
185,1,centralized,Off-Peak,Central Road + Waterbus,6.5699,3.2849,9854.8,0.3942,road
185,1,centralized,Off-Peak,Central Full Multimodal,6.5699,3.2849,9854.8,0.3942,road
185,1,centralized,Peak,Central Road Only,16.4247,3.2849,9854.8,0.3942,road
185,1,centralized,Peak,Central Road + Metro,13.6219,3.3528,19338.71,0.2088,metro+road+transfer
185,1,centralized,Peak,Central Road + Waterbus,16.4247,3.2849,9854.8,0.3942,road
185,1,centralized,Peak,Central Full Multimodal,13.6219,3.3528,19338.71,0.2088,metro+road+transfer
186,4,nearest,Off-Peak,Road Only,6.4154,3.2077,9623.05,0.3849,road
186,4,nearest,Off-Peak,Road + Metro,6.4154,3.2077,9623.05,0.3849,road
186,4,nearest,Off-Peak,Road + Waterbus,6.4154,3.2077,9623.05,0.3849,road
186,4,nearest,Off-Peak,Full Multimodal,6.4154,3.2077,9623.05,0.3849,road
186,4,nearest,Peak,Road Only,16.0384,3.2077,9623.05,0.3849,road
186,4,nearest,Peak,Road + Metro,16.0384,3.2077,9623.05,0.3849,road
186,4,nearest,Peak,Road + Waterbus,16.0384,3.2077,9623.05,0.3849,road
186,4,nearest,Peak,Full Multimodal,16.0384,3.2077,9623.05,0.3849,road
186,1,centralized,Off-Peak,Central Road Only,7.496,3.748,11243.99,0.4498,road
186,1,centralized,Off-Peak,Central Road + Metro,7.496,3.748,11243.99,0.4498,road
186,1,centralized,Off-Peak,Central Road + Waterbus,7.496,3.748,11243.99,0.4498,road
186,1,centralized,Off-Peak,Central Full Multimodal,7.496,3.748,11243.99,0.4498,road
186,1,centralized,Peak,Central Road Only,18.74,3.748,11243.99,0.4498,road
186,1,centralized,Peak,Central Road + Metro,18.74,3.748,11243.99,0.4498,road
186,1,centralized,Peak,Central Road + Waterbus,18.74,3.748,11243.99,0.4498,road
186,1,centralized,Peak,Central Full Multimodal,18.74,3.748,11243.99,0.4498,road
187,4,nearest,Off-Peak,Road Only,6.0926,3.0463,9138.97,0.3656,road
187,4,nearest,Off-Peak,Road + Metro,6.0926,3.0463,9138.97,0.3656,road
187,4,nearest,Off-Peak,Road + Waterbus,6.0926,3.0463,9138.97,0.3656,road
187,4,nearest,Off-Peak,Full Multimodal,6.0926,3.0463,9138.97,0.3656,road
187,4,nearest,Peak,Road Only,15.2316,3.0463,9138.97,0.3656,road
187,4,nearest,Peak,Road + Metro,15.2316,3.0463,9138.97,0.3656,road
187,4,nearest,Peak,Road + Waterbus,15.2316,3.0463,9138.97,0.3656,road
187,4,nearest,Peak,Full Multimodal,15.2316,3.0463,9138.97,0.3656,road
187,1,centralized,Off-Peak,Central Road Only,7.1733,3.5866,10759.91,0.4304,road
187,1,centralized,Off-Peak,Central Road + Metro,7.1733,3.5866,10759.91,0.4304,road
187,1,centralized,Off-Peak,Central Road + Waterbus,7.1733,3.5866,10759.91,0.4304,road
187,1,centralized,Off-Peak,Central Full Multimodal,7.1733,3.5866,10759.91,0.4304,road
187,1,centralized,Peak,Central Road Only,17.9332,3.5866,10759.91,0.4304,road
187,1,centralized,Peak,Central Road + Metro,17.9332,3.5866,10759.91,0.4304,road
187,1,centralized,Peak,Central Road + Waterbus,17.9332,3.5866,10759.91,0.4304,road
187,1,centralized,Peak,Central Full Multimodal,17.9332,3.5866,10759.91,0.4304,road
188,1,centralized,Off-Peak,Central Road Only,6.5699,3.2849,9854.8,0.3942,road
188,1,centralized,Off-Peak,Central Road + Metro,6.5699,3.2849,9854.8,0.3942,road
188,1,centralized,Off-Peak,Central Road + Waterbus,6.5699,3.2849,9854.8,0.3942,road
188,1,centralized,Off-Peak,Central Full Multimodal,6.5699,3.2849,9854.8,0.3942,road
188,1,centralized,Peak,Central Road Only,16.4247,3.2849,9854.8,0.3942,road
188,1,centralized,Peak,Central Road + Metro,13.6219,3.3528,19338.71,0.2088,metro+road+transfer
188,1,centralized,Peak,Central Road + Waterbus,16.4247,3.2849,9854.8,0.3942,road
188,1,centralized,Peak,Central Full Multimodal,13.6219,3.3528,19338.71,0.2088,metro+road+transfer
189,4,nearest,Off-Peak,Road Only,6.4154,3.2077,9623.05,0.3849,road
189,4,nearest,Off-Peak,Road + Metro,6.4154,3.2077,9623.05,0.3849,road
189,4,nearest,Off-Peak,Road + Waterbus,6.4154,3.2077,9623.05,0.3849,road
189,4,nearest,Off-Peak,Full Multimodal,6.4154,3.2077,9623.05,0.3849,road
189,4,nearest,Peak,Road Only,16.0384,3.2077,9623.05,0.3849,road
189,4,nearest,Peak,Road + Metro,16.0384,3.2077,9623.05,0.3849,road
189,4,nearest,Peak,Road + Waterbus,16.0384,3.2077,9623.05,0.3849,road
189,4,nearest,Peak,Full Multimodal,16.0384,3.2077,9623.05,0.3849,road
189,1,centralized,Off-Peak,Central Road Only,7.496,3.748,11243.99,0.4498,road
189,1,centralized,Off-Peak,Central Road + Metro,7.496,3.748,11243.99,0.4498,road
189,1,centralized,Off-Peak,Central Road + Waterbus,7.496,3.748,11243.99,0.4498,road
189,1,centralized,Off-Peak,Central Full Multimodal,7.496,3.748,11243.99,0.4498,road
189,1,centralized,Peak,Central Road Only,18.74,3.748,11243.99,0.4498,road
189,1,centralized,Peak,Central Road + Metro,18.74,3.748,11243.99,0.4498,road
189,1,centralized,Peak,Central Road + Waterbus,18.74,3.748,11243.99,0.4498,road
189,1,centralized,Peak,Central Full Multimodal,18.74,3.748,11243.99,0.4498,road
190,1,centralized,Off-Peak,Central Road Only,6.5699,3.2849,9854.8,0.3942,road
190,1,centralized,Off-Peak,Central Road + Metro,6.5699,3.2849,9854.8,0.3942,road
190,1,centralized,Off-Peak,Central Road + Waterbus,6.5699,3.2849,9854.8,0.3942,road
190,1,centralized,Off-Peak,Central Full Multimodal,6.5699,3.2849,9854.8,0.3942,road
190,1,centralized,Peak,Central Road Only,16.4247,3.2849,9854.8,0.3942,road
190,1,centralized,Peak,Central Road + Metro,13.6219,3.3528,19338.71,0.2088,metro+road+transfer
190,1,centralized,Peak,Central Road + Waterbus,16.4247,3.2849,9854.8,0.3942,road
190,1,centralized,Peak,Central Full Multimodal,13.6219,3.3528,19338.71,0.2088,metro+road+transfer
191,4,nearest,Off-Peak,Road Only,5.7247,2.8624,8587.07,0.3435,road
191,4,nearest,Off-Peak,Road + Metro,5.7247,2.8624,8587.07,0.3435,road
191,4,nearest,Off-Peak,Road + Waterbus,5.7247,2.8624,8587.07,0.3435,road
191,4,nearest,Off-Peak,Full Multimodal,5.7247,2.8624,8587.07,0.3435,road
191,4,nearest,Peak,Road Only,14.3118,2.8624,8587.07,0.3435,road
191,4,nearest,Peak,Road + Metro,14.3118,2.8624,8587.07,0.3435,road
191,4,nearest,Peak,Road + Waterbus,14.3118,2.8624,8587.07,0.3435,road
191,4,nearest,Peak,Full Multimodal,14.3118,2.8624,8587.07,0.3435,road
191,1,centralized,Off-Peak,Central Road Only,6.8053,3.4027,10208.01,0.4083,road
191,1,centralized,Off-Peak,Central Road + Metro,6.8053,3.4027,10208.01,0.4083,road
191,1,centralized,Off-Peak,Central Road + Waterbus,6.8053,3.4027,10208.01,0.4083,road
191,1,centralized,Off-Peak,Central Full Multimodal,6.8053,3.4027,10208.01,0.4083,road
191,1,centralized,Peak,Central Road Only,17.0134,3.4027,10208.01,0.4083,road
191,1,centralized,Peak,Central Road + Metro,17.0134,3.4027,10208.01,0.4083,road
191,1,centralized,Peak,Central Road + Waterbus,17.0134,3.4027,10208.01,0.4083,road
191,1,centralized,Peak,Central Full Multimodal,17.0134,3.4027,10208.01,0.4083,road
192,4,nearest,Off-Peak,Road Only,6.4154,3.2077,9623.05,0.3849,road
192,4,nearest,Off-Peak,Road + Metro,6.4154,3.2077,9623.05,0.3849,road
192,4,nearest,Off-Peak,Road + Waterbus,6.4154,3.2077,9623.05,0.3849,road
192,4,nearest,Off-Peak,Full Multimodal,6.4154,3.2077,9623.05,0.3849,road
192,4,nearest,Peak,Road Only,16.0384,3.2077,9623.05,0.3849,road
192,4,nearest,Peak,Road + Metro,16.0384,3.2077,9623.05,0.3849,road
192,4,nearest,Peak,Road + Waterbus,16.0384,3.2077,9623.05,0.3849,road
192,4,nearest,Peak,Full Multimodal,16.0384,3.2077,9623.05,0.3849,road
192,1,centralized,Off-Peak,Central Road Only,7.496,3.748,11243.99,0.4498,road
192,1,centralized,Off-Peak,Central Road + Metro,7.496,3.748,11243.99,0.4498,road
192,1,centralized,Off-Peak,Central Road + Waterbus,7.496,3.748,11243.99,0.4498,road
192,1,centralized,Off-Peak,Central Full Multimodal,7.496,3.748,11243.99,0.4498,road
192,1,centralized,Peak,Central Road Only,18.74,3.748,11243.99,0.4498,road
192,1,centralized,Peak,Central Road + Metro,18.74,3.748,11243.99,0.4498,road
192,1,centralized,Peak,Central Road + Waterbus,18.74,3.748,11243.99,0.4498,road
192,1,centralized,Peak,Central Full Multimodal,18.74,3.748,11243.99,0.4498,road
193,4,nearest,Off-Peak,Road Only,6.4154,3.2077,9623.05,0.3849,road
193,4,nearest,Off-Peak,Road + Metro,6.4154,3.2077,9623.05,0.3849,road
193,4,nearest,Off-Peak,Road + Waterbus,6.4154,3.2077,9623.05,0.3849,road
193,4,nearest,Off-Peak,Full Multimodal,6.4154,3.2077,9623.05,0.3849,road
193,4,nearest,Peak,Road Only,16.0384,3.2077,9623.05,0.3849,road
193,4,nearest,Peak,Road + Metro,16.0384,3.2077,9623.05,0.3849,road
193,4,nearest,Peak,Road + Waterbus,16.0384,3.2077,9623.05,0.3849,road
193,4,nearest,Peak,Full Multimodal,16.0384,3.2077,9623.05,0.3849,road
193,1,centralized,Off-Peak,Central Road Only,7.496,3.748,11243.99,0.4498,road
193,1,centralized,Off-Peak,Central Road + Metro,7.496,3.748,11243.99,0.4498,road
193,1,centralized,Off-Peak,Central Road + Waterbus,7.496,3.748,11243.99,0.4498,road
193,1,centralized,Off-Peak,Central Full Multimodal,7.496,3.748,11243.99,0.4498,road
193,1,centralized,Peak,Central Road Only,18.74,3.748,11243.99,0.4498,road
193,1,centralized,Peak,Central Road + Metro,18.74,3.748,11243.99,0.4498,road
193,1,centralized,Peak,Central Road + Waterbus,18.74,3.748,11243.99,0.4498,road
193,1,centralized,Peak,Central Full Multimodal,18.74,3.748,11243.99,0.4498,road
194,4,nearest,Off-Peak,Road Only,6.4154,3.2077,9623.05,0.3849,road
194,4,nearest,Off-Peak,Road + Metro,6.4154,3.2077,9623.05,0.3849,road
194,4,nearest,Off-Peak,Road + Waterbus,6.4154,3.2077,9623.05,0.3849,road
194,4,nearest,Off-Peak,Full Multimodal,6.4154,3.2077,9623.05,0.3849,road
194,4,nearest,Peak,Road Only,16.0384,3.2077,9623.05,0.3849,road
194,4,nearest,Peak,Road + Metro,16.0384,3.2077,9623.05,0.3849,road
194,4,nearest,Peak,Road + Waterbus,16.0384,3.2077,9623.05,0.3849,road
194,4,nearest,Peak,Full Multimodal,16.0384,3.2077,9623.05,0.3849,road
194,1,centralized,Off-Peak,Central Road Only,7.496,3.748,11243.99,0.4498,road
194,1,centralized,Off-Peak,Central Road + Metro,7.496,3.748,11243.99,0.4498,road
194,1,centralized,Off-Peak,Central Road + Waterbus,7.496,3.748,11243.99,0.4498,road
194,1,centralized,Off-Peak,Central Full Multimodal,7.496,3.748,11243.99,0.4498,road
194,1,centralized,Peak,Central Road Only,18.74,3.748,11243.99,0.4498,road
194,1,centralized,Peak,Central Road + Metro,18.74,3.748,11243.99,0.4498,road
194,1,centralized,Peak,Central Road + Waterbus,18.74,3.748,11243.99,0.4498,road
194,1,centralized,Peak,Central Full Multimodal,18.74,3.748,11243.99,0.4498,road
195,4,nearest,Off-Peak,Road Only,6.4154,3.2077,9623.05,0.3849,road
195,4,nearest,Off-Peak,Road + Metro,6.4154,3.2077,9623.05,0.3849,road
195,4,nearest,Off-Peak,Road + Waterbus,6.4154,3.2077,9623.05,0.3849,road
195,4,nearest,Off-Peak,Full Multimodal,6.4154,3.2077,9623.05,0.3849,road
195,4,nearest,Peak,Road Only,16.0384,3.2077,9623.05,0.3849,road
195,4,nearest,Peak,Road + Metro,16.0384,3.2077,9623.05,0.3849,road
195,4,nearest,Peak,Road + Waterbus,16.0384,3.2077,9623.05,0.3849,road
195,4,nearest,Peak,Full Multimodal,16.0384,3.2077,9623.05,0.3849,road
195,1,centralized,Off-Peak,Central Road Only,7.496,3.748,11243.99,0.4498,road
195,1,centralized,Off-Peak,Central Road + Metro,7.496,3.748,11243.99,0.4498,road
195,1,centralized,Off-Peak,Central Road + Waterbus,7.496,3.748,11243.99,0.4498,road
195,1,centralized,Off-Peak,Central Full Multimodal,7.496,3.748,11243.99,0.4498,road
195,1,centralized,Peak,Central Road Only,18.74,3.748,11243.99,0.4498,road
195,1,centralized,Peak,Central Road + Metro,18.74,3.748,11243.99,0.4498,road
195,1,centralized,Peak,Central Road + Waterbus,18.74,3.748,11243.99,0.4498,road
195,1,centralized,Peak,Central Full Multimodal,18.74,3.748,11243.99,0.4498,road
196,1,centralized,Off-Peak,Central Road Only,6.5699,3.2849,9854.8,0.3942,road
196,1,centralized,Off-Peak,Central Road + Metro,6.5699,3.2849,9854.8,0.3942,road
196,1,centralized,Off-Peak,Central Road + Waterbus,6.5699,3.2849,9854.8,0.3942,road
196,1,centralized,Off-Peak,Central Full Multimodal,6.5699,3.2849,9854.8,0.3942,road
196,1,centralized,Peak,Central Road Only,16.4247,3.2849,9854.8,0.3942,road
196,1,centralized,Peak,Central Road + Metro,13.6219,3.3528,19338.71,0.2088,metro+road+transfer
196,1,centralized,Peak,Central Road + Waterbus,16.4247,3.2849,9854.8,0.3942,road
196,1,centralized,Peak,Central Full Multimodal,13.6219,3.3528,19338.71,0.2088,metro+road+transfer
197,4,nearest,Off-Peak,Road Only,6.0928,3.0464,9139.22,0.3656,road
197,4,nearest,Off-Peak,Road + Metro,6.0928,3.0464,9139.22,0.3656,road
197,4,nearest,Off-Peak,Road + Waterbus,6.0928,3.0464,9139.22,0.3656,road
197,4,nearest,Off-Peak,Full Multimodal,6.0928,3.0464,9139.22,0.3656,road
197,4,nearest,Peak,Road Only,15.232,3.0464,9139.22,0.3656,road
197,4,nearest,Peak,Road + Metro,15.232,3.0464,9139.22,0.3656,road
197,4,nearest,Peak,Road + Waterbus,15.232,3.0464,9139.22,0.3656,road
197,4,nearest,Peak,Full Multimodal,15.232,3.0464,9139.22,0.3656,road
197,1,centralized,Off-Peak,Central Road Only,7.1734,3.5867,10760.16,0.4304,road
197,1,centralized,Off-Peak,Central Road + Metro,7.1734,3.5867,10760.16,0.4304,road
197,1,centralized,Off-Peak,Central Road + Waterbus,7.1734,3.5867,10760.16,0.4304,road
197,1,centralized,Off-Peak,Central Full Multimodal,7.1734,3.5867,10760.16,0.4304,road
197,1,centralized,Peak,Central Road Only,17.9336,3.5867,10760.16,0.4304,road
197,1,centralized,Peak,Central Road + Metro,17.9336,3.5867,10760.16,0.4304,road
197,1,centralized,Peak,Central Road + Waterbus,17.9336,3.5867,10760.16,0.4304,road
197,1,centralized,Peak,Central Full Multimodal,17.9336,3.5867,10760.16,0.4304,road
198,4,nearest,Off-Peak,Road Only,6.4154,3.2077,9623.05,0.3849,road
198,4,nearest,Off-Peak,Road + Metro,6.4154,3.2077,9623.05,0.3849,road
198,4,nearest,Off-Peak,Road + Waterbus,6.4154,3.2077,9623.05,0.3849,road
198,4,nearest,Off-Peak,Full Multimodal,6.4154,3.2077,9623.05,0.3849,road
198,4,nearest,Peak,Road Only,16.0384,3.2077,9623.05,0.3849,road
198,4,nearest,Peak,Road + Metro,16.0384,3.2077,9623.05,0.3849,road
198,4,nearest,Peak,Road + Waterbus,16.0384,3.2077,9623.05,0.3849,road
198,4,nearest,Peak,Full Multimodal,16.0384,3.2077,9623.05,0.3849,road
198,1,centralized,Off-Peak,Central Road Only,7.496,3.748,11243.99,0.4498,road
198,1,centralized,Off-Peak,Central Road + Metro,7.496,3.748,11243.99,0.4498,road
198,1,centralized,Off-Peak,Central Road + Waterbus,7.496,3.748,11243.99,0.4498,road
198,1,centralized,Off-Peak,Central Full Multimodal,7.496,3.748,11243.99,0.4498,road
198,1,centralized,Peak,Central Road Only,18.74,3.748,11243.99,0.4498,road
198,1,centralized,Peak,Central Road + Metro,18.74,3.748,11243.99,0.4498,road
198,1,centralized,Peak,Central Road + Waterbus,18.74,3.748,11243.99,0.4498,road
198,1,centralized,Peak,Central Full Multimodal,18.74,3.748,11243.99,0.4498,road
199,4,nearest,Off-Peak,Road Only,6.4154,3.2077,9623.05,0.3849,road
199,4,nearest,Off-Peak,Road + Metro,6.4154,3.2077,9623.05,0.3849,road
199,4,nearest,Off-Peak,Road + Waterbus,6.4154,3.2077,9623.05,0.3849,road
199,4,nearest,Off-Peak,Full Multimodal,6.4154,3.2077,9623.05,0.3849,road
199,4,nearest,Peak,Road Only,16.0384,3.2077,9623.05,0.3849,road
199,4,nearest,Peak,Road + Metro,16.0384,3.2077,9623.05,0.3849,road
199,4,nearest,Peak,Road + Waterbus,16.0384,3.2077,9623.05,0.3849,road
199,4,nearest,Peak,Full Multimodal,16.0384,3.2077,9623.05,0.3849,road
199,1,centralized,Off-Peak,Central Road Only,7.496,3.748,11243.99,0.4498,road
199,1,centralized,Off-Peak,Central Road + Metro,7.496,3.748,11243.99,0.4498,road
199,1,centralized,Off-Peak,Central Road + Waterbus,7.496,3.748,11243.99,0.4498,road
199,1,centralized,Off-Peak,Central Full Multimodal,7.496,3.748,11243.99,0.4498,road
199,1,centralized,Peak,Central Road Only,18.74,3.748,11243.99,0.4498,road
199,1,centralized,Peak,Central Road + Metro,18.74,3.748,11243.99,0.4498,road
199,1,centralized,Peak,Central Road + Waterbus,18.74,3.748,11243.99,0.4498,road
199,1,centralized,Peak,Central Full Multimodal,18.74,3.748,11243.99,0.4498,road
200,1,centralized,Off-Peak,Central Road Only,6.5699,3.2849,9854.8,0.3942,road
200,1,centralized,Off-Peak,Central Road + Metro,6.5699,3.2849,9854.8,0.3942,road
200,1,centralized,Off-Peak,Central Road + Waterbus,6.5699,3.2849,9854.8,0.3942,road
200,1,centralized,Off-Peak,Central Full Multimodal,6.5699,3.2849,9854.8,0.3942,road
200,1,centralized,Peak,Central Road Only,16.4247,3.2849,9854.8,0.3942,road
200,1,centralized,Peak,Central Road + Metro,13.6219,3.3528,19338.71,0.2088,metro+road+transfer
200,1,centralized,Peak,Central Road + Waterbus,16.4247,3.2849,9854.8,0.3942,road
200,1,centralized,Peak,Central Full Multimodal,13.6219,3.3528,19338.71,0.2088,metro+road+transfer
201,1,centralized,Off-Peak,Central Road Only,6.5699,3.2849,9854.8,0.3942,road
201,1,centralized,Off-Peak,Central Road + Metro,6.5699,3.2849,9854.8,0.3942,road
201,1,centralized,Off-Peak,Central Road + Waterbus,6.5699,3.2849,9854.8,0.3942,road
201,1,centralized,Off-Peak,Central Full Multimodal,6.5699,3.2849,9854.8,0.3942,road
201,1,centralized,Peak,Central Road Only,16.4247,3.2849,9854.8,0.3942,road
201,1,centralized,Peak,Central Road + Metro,13.6219,3.3528,19338.71,0.2088,metro+road+transfer
201,1,centralized,Peak,Central Road + Waterbus,16.4247,3.2849,9854.8,0.3942,road
201,1,centralized,Peak,Central Full Multimodal,13.6219,3.3528,19338.71,0.2088,metro+road+transfer
202,4,nearest,Off-Peak,Road Only,6.0928,3.0464,9139.22,0.3656,road
202,4,nearest,Off-Peak,Road + Metro,6.0928,3.0464,9139.22,0.3656,road
202,4,nearest,Off-Peak,Road + Waterbus,6.0928,3.0464,9139.22,0.3656,road
202,4,nearest,Off-Peak,Full Multimodal,6.0928,3.0464,9139.22,0.3656,road
202,4,nearest,Peak,Road Only,15.232,3.0464,9139.22,0.3656,road
202,4,nearest,Peak,Road + Metro,15.232,3.0464,9139.22,0.3656,road
202,4,nearest,Peak,Road + Waterbus,15.232,3.0464,9139.22,0.3656,road
202,4,nearest,Peak,Full Multimodal,15.232,3.0464,9139.22,0.3656,road
202,1,centralized,Off-Peak,Central Road Only,7.1734,3.5867,10760.16,0.4304,road
202,1,centralized,Off-Peak,Central Road + Metro,7.1734,3.5867,10760.16,0.4304,road
202,1,centralized,Off-Peak,Central Road + Waterbus,7.1734,3.5867,10760.16,0.4304,road
202,1,centralized,Off-Peak,Central Full Multimodal,7.1734,3.5867,10760.16,0.4304,road
202,1,centralized,Peak,Central Road Only,17.9336,3.5867,10760.16,0.4304,road
202,1,centralized,Peak,Central Road + Metro,17.9336,3.5867,10760.16,0.4304,road
202,1,centralized,Peak,Central Road + Waterbus,17.9336,3.5867,10760.16,0.4304,road
202,1,centralized,Peak,Central Full Multimodal,17.9336,3.5867,10760.16,0.4304,road
203,4,nearest,Off-Peak,Road Only,6.0928,3.0464,9139.22,0.3656,road
203,4,nearest,Off-Peak,Road + Metro,6.0928,3.0464,9139.22,0.3656,road
203,4,nearest,Off-Peak,Road + Waterbus,6.0928,3.0464,9139.22,0.3656,road
203,4,nearest,Off-Peak,Full Multimodal,6.0928,3.0464,9139.22,0.3656,road
203,4,nearest,Peak,Road Only,15.232,3.0464,9139.22,0.3656,road
203,4,nearest,Peak,Road + Metro,15.232,3.0464,9139.22,0.3656,road
203,4,nearest,Peak,Road + Waterbus,15.232,3.0464,9139.22,0.3656,road
203,4,nearest,Peak,Full Multimodal,15.232,3.0464,9139.22,0.3656,road
203,1,centralized,Off-Peak,Central Road Only,7.1734,3.5867,10760.16,0.4304,road
203,1,centralized,Off-Peak,Central Road + Metro,7.1734,3.5867,10760.16,0.4304,road
203,1,centralized,Off-Peak,Central Road + Waterbus,7.1734,3.5867,10760.16,0.4304,road
203,1,centralized,Off-Peak,Central Full Multimodal,7.1734,3.5867,10760.16,0.4304,road
203,1,centralized,Peak,Central Road Only,17.9336,3.5867,10760.16,0.4304,road
203,1,centralized,Peak,Central Road + Metro,17.9336,3.5867,10760.16,0.4304,road
203,1,centralized,Peak,Central Road + Waterbus,17.9336,3.5867,10760.16,0.4304,road
203,1,centralized,Peak,Central Full Multimodal,17.9336,3.5867,10760.16,0.4304,road
204,4,nearest,Off-Peak,Road Only,6.4154,3.2077,9623.05,0.3849,road
204,4,nearest,Off-Peak,Road + Metro,6.4154,3.2077,9623.05,0.3849,road
204,4,nearest,Off-Peak,Road + Waterbus,6.4154,3.2077,9623.05,0.3849,road
204,4,nearest,Off-Peak,Full Multimodal,6.4154,3.2077,9623.05,0.3849,road
204,4,nearest,Peak,Road Only,16.0384,3.2077,9623.05,0.3849,road
204,4,nearest,Peak,Road + Metro,16.0384,3.2077,9623.05,0.3849,road
204,4,nearest,Peak,Road + Waterbus,16.0384,3.2077,9623.05,0.3849,road
204,4,nearest,Peak,Full Multimodal,16.0384,3.2077,9623.05,0.3849,road
204,1,centralized,Off-Peak,Central Road Only,7.496,3.748,11243.99,0.4498,road
204,1,centralized,Off-Peak,Central Road + Metro,7.496,3.748,11243.99,0.4498,road
204,1,centralized,Off-Peak,Central Road + Waterbus,7.496,3.748,11243.99,0.4498,road
204,1,centralized,Off-Peak,Central Full Multimodal,7.496,3.748,11243.99,0.4498,road
204,1,centralized,Peak,Central Road Only,18.74,3.748,11243.99,0.4498,road
204,1,centralized,Peak,Central Road + Metro,18.74,3.748,11243.99,0.4498,road
204,1,centralized,Peak,Central Road + Waterbus,18.74,3.748,11243.99,0.4498,road
204,1,centralized,Peak,Central Full Multimodal,18.74,3.748,11243.99,0.4498,road
205,1,centralized,Off-Peak,Central Road Only,6.5699,3.2849,9854.8,0.3942,road
205,1,centralized,Off-Peak,Central Road + Metro,6.5699,3.2849,9854.8,0.3942,road
205,1,centralized,Off-Peak,Central Road + Waterbus,6.5699,3.2849,9854.8,0.3942,road
205,1,centralized,Off-Peak,Central Full Multimodal,6.5699,3.2849,9854.8,0.3942,road
205,1,centralized,Peak,Central Road Only,16.4247,3.2849,9854.8,0.3942,road
205,1,centralized,Peak,Central Road + Metro,13.6219,3.3528,19338.71,0.2088,metro+road+transfer
205,1,centralized,Peak,Central Road + Waterbus,16.4247,3.2849,9854.8,0.3942,road
205,1,centralized,Peak,Central Full Multimodal,13.6219,3.3528,19338.71,0.2088,metro+road+transfer
206,4,nearest,Off-Peak,Road Only,6.6793,3.3397,10018.95,0.4008,road
206,4,nearest,Off-Peak,Road + Metro,6.6793,3.3397,10018.95,0.4008,road
206,4,nearest,Off-Peak,Road + Waterbus,6.6793,3.3397,10018.95,0.4008,road
206,4,nearest,Off-Peak,Full Multimodal,6.6793,3.3397,10018.95,0.4008,road
206,4,nearest,Peak,Road Only,16.6983,3.3397,10018.95,0.4008,road
206,4,nearest,Peak,Road + Metro,16.6983,3.3397,10018.95,0.4008,road
206,4,nearest,Peak,Road + Waterbus,16.6983,3.3397,10018.95,0.4008,road
206,4,nearest,Peak,Full Multimodal,16.6983,3.3397,10018.95,0.4008,road
206,1,centralized,Off-Peak,Central Road Only,7.7599,3.88,11639.89,0.4656,road
206,1,centralized,Off-Peak,Central Road + Metro,7.7599,3.88,11639.89,0.4656,road
206,1,centralized,Off-Peak,Central Road + Waterbus,7.7599,3.88,11639.89,0.4656,road
206,1,centralized,Off-Peak,Central Full Multimodal,7.7599,3.88,11639.89,0.4656,road
206,1,centralized,Peak,Central Road Only,19.3998,3.88,11639.89,0.4656,road
206,1,centralized,Peak,Central Road + Metro,19.3998,3.88,11639.89,0.4656,road
206,1,centralized,Peak,Central Road + Waterbus,19.3998,3.88,11639.89,0.4656,road
206,1,centralized,Peak,Central Full Multimodal,19.3998,3.88,11639.89,0.4656,road
207,1,centralized,Off-Peak,Central Road Only,6.5699,3.2849,9854.8,0.3942,road
207,1,centralized,Off-Peak,Central Road + Metro,6.5699,3.2849,9854.8,0.3942,road
207,1,centralized,Off-Peak,Central Road + Waterbus,6.5699,3.2849,9854.8,0.3942,road
207,1,centralized,Off-Peak,Central Full Multimodal,6.5699,3.2849,9854.8,0.3942,road
207,1,centralized,Peak,Central Road Only,16.4247,3.2849,9854.8,0.3942,road
207,1,centralized,Peak,Central Road + Metro,13.6219,3.3528,19338.71,0.2088,metro+road+transfer
207,1,centralized,Peak,Central Road + Waterbus,16.4247,3.2849,9854.8,0.3942,road
207,1,centralized,Peak,Central Full Multimodal,13.6219,3.3528,19338.71,0.2088,metro+road+transfer
208,4,nearest,Off-Peak,Road Only,6.4154,3.2077,9623.05,0.3849,road
208,4,nearest,Off-Peak,Road + Metro,6.4154,3.2077,9623.05,0.3849,road
208,4,nearest,Off-Peak,Road + Waterbus,6.4154,3.2077,9623.05,0.3849,road
208,4,nearest,Off-Peak,Full Multimodal,6.4154,3.2077,9623.05,0.3849,road
208,4,nearest,Peak,Road Only,16.0384,3.2077,9623.05,0.3849,road
208,4,nearest,Peak,Road + Metro,16.0384,3.2077,9623.05,0.3849,road
208,4,nearest,Peak,Road + Waterbus,16.0384,3.2077,9623.05,0.3849,road
208,4,nearest,Peak,Full Multimodal,16.0384,3.2077,9623.05,0.3849,road
208,1,centralized,Off-Peak,Central Road Only,7.496,3.748,11243.99,0.4498,road
208,1,centralized,Off-Peak,Central Road + Metro,7.496,3.748,11243.99,0.4498,road
208,1,centralized,Off-Peak,Central Road + Waterbus,7.496,3.748,11243.99,0.4498,road
208,1,centralized,Off-Peak,Central Full Multimodal,7.496,3.748,11243.99,0.4498,road
208,1,centralized,Peak,Central Road Only,18.74,3.748,11243.99,0.4498,road
208,1,centralized,Peak,Central Road + Metro,18.74,3.748,11243.99,0.4498,road
208,1,centralized,Peak,Central Road + Waterbus,18.74,3.748,11243.99,0.4498,road
208,1,centralized,Peak,Central Full Multimodal,18.74,3.748,11243.99,0.4498,road
209,1,centralized,Off-Peak,Central Road Only,6.5699,3.2849,9854.8,0.3942,road
209,1,centralized,Off-Peak,Central Road + Metro,6.5699,3.2849,9854.8,0.3942,road
209,1,centralized,Off-Peak,Central Road + Waterbus,6.5699,3.2849,9854.8,0.3942,road
209,1,centralized,Off-Peak,Central Full Multimodal,6.5699,3.2849,9854.8,0.3942,road
209,1,centralized,Peak,Central Road Only,16.4247,3.2849,9854.8,0.3942,road
209,1,centralized,Peak,Central Road + Metro,13.6219,3.3528,19338.71,0.2088,metro+road+transfer
209,1,centralized,Peak,Central Road + Waterbus,16.4247,3.2849,9854.8,0.3942,road
209,1,centralized,Peak,Central Full Multimodal,13.6219,3.3528,19338.71,0.2088,metro+road+transfer
210,4,nearest,Off-Peak,Road Only,6.4154,3.2077,9623.05,0.3849,road
210,4,nearest,Off-Peak,Road + Metro,6.4154,3.2077,9623.05,0.3849,road
210,4,nearest,Off-Peak,Road + Waterbus,6.4154,3.2077,9623.05,0.3849,road
210,4,nearest,Off-Peak,Full Multimodal,6.4154,3.2077,9623.05,0.3849,road
210,4,nearest,Peak,Road Only,16.0384,3.2077,9623.05,0.3849,road
210,4,nearest,Peak,Road + Metro,16.0384,3.2077,9623.05,0.3849,road
210,4,nearest,Peak,Road + Waterbus,16.0384,3.2077,9623.05,0.3849,road
210,4,nearest,Peak,Full Multimodal,16.0384,3.2077,9623.05,0.3849,road
210,1,centralized,Off-Peak,Central Road Only,7.496,3.748,11243.99,0.4498,road
210,1,centralized,Off-Peak,Central Road + Metro,7.496,3.748,11243.99,0.4498,road
210,1,centralized,Off-Peak,Central Road + Waterbus,7.496,3.748,11243.99,0.4498,road
210,1,centralized,Off-Peak,Central Full Multimodal,7.496,3.748,11243.99,0.4498,road
210,1,centralized,Peak,Central Road Only,18.74,3.748,11243.99,0.4498,road
210,1,centralized,Peak,Central Road + Metro,18.74,3.748,11243.99,0.4498,road
210,1,centralized,Peak,Central Road + Waterbus,18.74,3.748,11243.99,0.4498,road
210,1,centralized,Peak,Central Full Multimodal,18.74,3.748,11243.99,0.4498,road
211,1,centralized,Off-Peak,Central Road Only,6.5699,3.2849,9854.8,0.3942,road
211,1,centralized,Off-Peak,Central Road + Metro,6.5699,3.2849,9854.8,0.3942,road
211,1,centralized,Off-Peak,Central Road + Waterbus,6.5699,3.2849,9854.8,0.3942,road
211,1,centralized,Off-Peak,Central Full Multimodal,6.5699,3.2849,9854.8,0.3942,road
211,1,centralized,Peak,Central Road Only,16.4247,3.2849,9854.8,0.3942,road
211,1,centralized,Peak,Central Road + Metro,13.6219,3.3528,19338.71,0.2088,metro+road+transfer
211,1,centralized,Peak,Central Road + Waterbus,16.4247,3.2849,9854.8,0.3942,road
211,1,centralized,Peak,Central Full Multimodal,13.6219,3.3528,19338.71,0.2088,metro+road+transfer
212,1,centralized,Off-Peak,Central Road Only,6.5699,3.2849,9854.8,0.3942,road
212,1,centralized,Off-Peak,Central Road + Metro,6.5699,3.2849,9854.8,0.3942,road
212,1,centralized,Off-Peak,Central Road + Waterbus,6.5699,3.2849,9854.8,0.3942,road
212,1,centralized,Off-Peak,Central Full Multimodal,6.5699,3.2849,9854.8,0.3942,road
212,1,centralized,Peak,Central Road Only,16.4247,3.2849,9854.8,0.3942,road
212,1,centralized,Peak,Central Road + Metro,13.6219,3.3528,19338.71,0.2088,metro+road+transfer
212,1,centralized,Peak,Central Road + Waterbus,16.4247,3.2849,9854.8,0.3942,road
212,1,centralized,Peak,Central Full Multimodal,13.6219,3.3528,19338.71,0.2088,metro+road+transfer
213,1,centralized,Off-Peak,Central Road Only,6.5699,3.2849,9854.8,0.3942,road
213,1,centralized,Off-Peak,Central Road + Metro,6.5699,3.2849,9854.8,0.3942,road
213,1,centralized,Off-Peak,Central Road + Waterbus,6.5699,3.2849,9854.8,0.3942,road
213,1,centralized,Off-Peak,Central Full Multimodal,6.5699,3.2849,9854.8,0.3942,road
213,1,centralized,Peak,Central Road Only,16.4247,3.2849,9854.8,0.3942,road
213,1,centralized,Peak,Central Road + Metro,13.6219,3.3528,19338.71,0.2088,metro+road+transfer
213,1,centralized,Peak,Central Road + Waterbus,16.4247,3.2849,9854.8,0.3942,road
213,1,centralized,Peak,Central Full Multimodal,13.6219,3.3528,19338.71,0.2088,metro+road+transfer
214,1,centralized,Off-Peak,Central Road Only,6.5699,3.2849,9854.8,0.3942,road
214,1,centralized,Off-Peak,Central Road + Metro,6.5699,3.2849,9854.8,0.3942,road
214,1,centralized,Off-Peak,Central Road + Waterbus,6.5699,3.2849,9854.8,0.3942,road
214,1,centralized,Off-Peak,Central Full Multimodal,6.5699,3.2849,9854.8,0.3942,road
214,1,centralized,Peak,Central Road Only,16.4247,3.2849,9854.8,0.3942,road
214,1,centralized,Peak,Central Road + Metro,13.6219,3.3528,19338.71,0.2088,metro+road+transfer
214,1,centralized,Peak,Central Road + Waterbus,16.4247,3.2849,9854.8,0.3942,road
214,1,centralized,Peak,Central Full Multimodal,13.6219,3.3528,19338.71,0.2088,metro+road+transfer
215,1,centralized,Off-Peak,Central Road Only,6.5699,3.2849,9854.8,0.3942,road
215,1,centralized,Off-Peak,Central Road + Metro,6.5699,3.2849,9854.8,0.3942,road
215,1,centralized,Off-Peak,Central Road + Waterbus,6.5699,3.2849,9854.8,0.3942,road
215,1,centralized,Off-Peak,Central Full Multimodal,6.5699,3.2849,9854.8,0.3942,road
215,1,centralized,Peak,Central Road Only,16.4247,3.2849,9854.8,0.3942,road
215,1,centralized,Peak,Central Road + Metro,13.6219,3.3528,19338.71,0.2088,metro+road+transfer
215,1,centralized,Peak,Central Road + Waterbus,16.4247,3.2849,9854.8,0.3942,road
215,1,centralized,Peak,Central Full Multimodal,13.6219,3.3528,19338.71,0.2088,metro+road+transfer
216,1,centralized,Off-Peak,Central Road Only,6.5699,3.2849,9854.8,0.3942,road
216,1,centralized,Off-Peak,Central Road + Metro,6.5699,3.2849,9854.8,0.3942,road
216,1,centralized,Off-Peak,Central Road + Waterbus,6.5699,3.2849,9854.8,0.3942,road
216,1,centralized,Off-Peak,Central Full Multimodal,6.5699,3.2849,9854.8,0.3942,road
216,1,centralized,Peak,Central Road Only,16.4247,3.2849,9854.8,0.3942,road
216,1,centralized,Peak,Central Road + Metro,13.6219,3.3528,19338.71,0.2088,metro+road+transfer
216,1,centralized,Peak,Central Road + Waterbus,16.4247,3.2849,9854.8,0.3942,road
216,1,centralized,Peak,Central Full Multimodal,13.6219,3.3528,19338.71,0.2088,metro+road+transfer
217,1,centralized,Off-Peak,Central Road Only,6.5699,3.2849,9854.8,0.3942,road
217,1,centralized,Off-Peak,Central Road + Metro,6.5699,3.2849,9854.8,0.3942,road
217,1,centralized,Off-Peak,Central Road + Waterbus,6.5699,3.2849,9854.8,0.3942,road
217,1,centralized,Off-Peak,Central Full Multimodal,6.5699,3.2849,9854.8,0.3942,road
217,1,centralized,Peak,Central Road Only,16.4247,3.2849,9854.8,0.3942,road
217,1,centralized,Peak,Central Road + Metro,13.6219,3.3528,19338.71,0.2088,metro+road+transfer
217,1,centralized,Peak,Central Road + Waterbus,16.4247,3.2849,9854.8,0.3942,road
217,1,centralized,Peak,Central Full Multimodal,13.6219,3.3528,19338.71,0.2088,metro+road+transfer
218,1,centralized,Off-Peak,Central Road Only,6.5699,3.2849,9854.8,0.3942,road
218,1,centralized,Off-Peak,Central Road + Metro,6.5699,3.2849,9854.8,0.3942,road
218,1,centralized,Off-Peak,Central Road + Waterbus,6.5699,3.2849,9854.8,0.3942,road
218,1,centralized,Off-Peak,Central Full Multimodal,6.5699,3.2849,9854.8,0.3942,road
218,1,centralized,Peak,Central Road Only,16.4247,3.2849,9854.8,0.3942,road
218,1,centralized,Peak,Central Road + Metro,13.6219,3.3528,19338.71,0.2088,metro+road+transfer
218,1,centralized,Peak,Central Road + Waterbus,16.4247,3.2849,9854.8,0.3942,road
218,1,centralized,Peak,Central Full Multimodal,13.6219,3.3528,19338.71,0.2088,metro+road+transfer
219,1,centralized,Off-Peak,Central Road Only,6.5699,3.2849,9854.8,0.3942,road
219,1,centralized,Off-Peak,Central Road + Metro,6.5699,3.2849,9854.8,0.3942,road
219,1,centralized,Off-Peak,Central Road + Waterbus,6.5699,3.2849,9854.8,0.3942,road
219,1,centralized,Off-Peak,Central Full Multimodal,6.5699,3.2849,9854.8,0.3942,road
219,1,centralized,Peak,Central Road Only,16.4247,3.2849,9854.8,0.3942,road
219,1,centralized,Peak,Central Road + Metro,13.6219,3.3528,19338.71,0.2088,metro+road+transfer
219,1,centralized,Peak,Central Road + Waterbus,16.4247,3.2849,9854.8,0.3942,road
219,1,centralized,Peak,Central Full Multimodal,13.6219,3.3528,19338.71,0.2088,metro+road+transfer
220,1,centralized,Off-Peak,Central Road Only,6.5699,3.2849,9854.8,0.3942,road
220,1,centralized,Off-Peak,Central Road + Metro,6.5699,3.2849,9854.8,0.3942,road
220,1,centralized,Off-Peak,Central Road + Waterbus,6.5699,3.2849,9854.8,0.3942,road
220,1,centralized,Off-Peak,Central Full Multimodal,6.5699,3.2849,9854.8,0.3942,road
220,1,centralized,Peak,Central Road Only,16.4247,3.2849,9854.8,0.3942,road
220,1,centralized,Peak,Central Road + Metro,13.6219,3.3528,19338.71,0.2088,metro+road+transfer
220,1,centralized,Peak,Central Road + Waterbus,16.4247,3.2849,9854.8,0.3942,road
220,1,centralized,Peak,Central Full Multimodal,13.6219,3.3528,19338.71,0.2088,metro+road+transfer
221,1,centralized,Off-Peak,Central Road Only,6.5699,3.2849,9854.8,0.3942,road
221,1,centralized,Off-Peak,Central Road + Metro,6.5699,3.2849,9854.8,0.3942,road
221,1,centralized,Off-Peak,Central Road + Waterbus,6.5699,3.2849,9854.8,0.3942,road
221,1,centralized,Off-Peak,Central Full Multimodal,6.5699,3.2849,9854.8,0.3942,road
221,1,centralized,Peak,Central Road Only,16.4247,3.2849,9854.8,0.3942,road
221,1,centralized,Peak,Central Road + Metro,13.6219,3.3528,19338.71,0.2088,metro+road+transfer
221,1,centralized,Peak,Central Road + Waterbus,16.4247,3.2849,9854.8,0.3942,road
221,1,centralized,Peak,Central Full Multimodal,13.6219,3.3528,19338.71,0.2088,metro+road+transfer
222,1,centralized,Off-Peak,Central Road Only,6.5699,3.2849,9854.8,0.3942,road
222,1,centralized,Off-Peak,Central Road + Metro,6.5699,3.2849,9854.8,0.3942,road
222,1,centralized,Off-Peak,Central Road + Waterbus,6.5699,3.2849,9854.8,0.3942,road
222,1,centralized,Off-Peak,Central Full Multimodal,6.5699,3.2849,9854.8,0.3942,road
222,1,centralized,Peak,Central Road Only,16.4247,3.2849,9854.8,0.3942,road
222,1,centralized,Peak,Central Road + Metro,13.6219,3.3528,19338.71,0.2088,metro+road+transfer
222,1,centralized,Peak,Central Road + Waterbus,16.4247,3.2849,9854.8,0.3942,road
222,1,centralized,Peak,Central Full Multimodal,13.6219,3.3528,19338.71,0.2088,metro+road+transfer
223,1,centralized,Off-Peak,Central Road Only,6.5699,3.2849,9854.8,0.3942,road
223,1,centralized,Off-Peak,Central Road + Metro,6.5699,3.2849,9854.8,0.3942,road
223,1,centralized,Off-Peak,Central Road + Waterbus,6.5699,3.2849,9854.8,0.3942,road
223,1,centralized,Off-Peak,Central Full Multimodal,6.5699,3.2849,9854.8,0.3942,road
223,1,centralized,Peak,Central Road Only,16.4247,3.2849,9854.8,0.3942,road
223,1,centralized,Peak,Central Road + Metro,13.6219,3.3528,19338.71,0.2088,metro+road+transfer
223,1,centralized,Peak,Central Road + Waterbus,16.4247,3.2849,9854.8,0.3942,road
223,1,centralized,Peak,Central Full Multimodal,13.6219,3.3528,19338.71,0.2088,metro+road+transfer
224,1,centralized,Off-Peak,Central Road Only,6.5699,3.2849,9854.8,0.3942,road
224,1,centralized,Off-Peak,Central Road + Metro,6.5699,3.2849,9854.8,0.3942,road
224,1,centralized,Off-Peak,Central Road + Waterbus,6.5699,3.2849,9854.8,0.3942,road
224,1,centralized,Off-Peak,Central Full Multimodal,6.5699,3.2849,9854.8,0.3942,road
224,1,centralized,Peak,Central Road Only,16.4247,3.2849,9854.8,0.3942,road
224,1,centralized,Peak,Central Road + Metro,13.6219,3.3528,19338.71,0.2088,metro+road+transfer
224,1,centralized,Peak,Central Road + Waterbus,16.4247,3.2849,9854.8,0.3942,road
224,1,centralized,Peak,Central Full Multimodal,13.6219,3.3528,19338.71,0.2088,metro+road+transfer
225,1,centralized,Off-Peak,Central Road Only,6.5699,3.2849,9854.8,0.3942,road
225,1,centralized,Off-Peak,Central Road + Metro,6.5699,3.2849,9854.8,0.3942,road
225,1,centralized,Off-Peak,Central Road + Waterbus,6.5699,3.2849,9854.8,0.3942,road
225,1,centralized,Off-Peak,Central Full Multimodal,6.5699,3.2849,9854.8,0.3942,road
225,1,centralized,Peak,Central Road Only,16.4247,3.2849,9854.8,0.3942,road
225,1,centralized,Peak,Central Road + Metro,13.6219,3.3528,19338.71,0.2088,metro+road+transfer
225,1,centralized,Peak,Central Road + Waterbus,16.4247,3.2849,9854.8,0.3942,road
225,1,centralized,Peak,Central Full Multimodal,13.6219,3.3528,19338.71,0.2088,metro+road+transfer
226,1,centralized,Off-Peak,Central Road Only,6.5699,3.2849,9854.8,0.3942,road
226,1,centralized,Off-Peak,Central Road + Metro,6.5699,3.2849,9854.8,0.3942,road
226,1,centralized,Off-Peak,Central Road + Waterbus,6.5699,3.2849,9854.8,0.3942,road
226,1,centralized,Off-Peak,Central Full Multimodal,6.5699,3.2849,9854.8,0.3942,road
226,1,centralized,Peak,Central Road Only,16.4247,3.2849,9854.8,0.3942,road
226,1,centralized,Peak,Central Road + Metro,13.6219,3.3528,19338.71,0.2088,metro+road+transfer
226,1,centralized,Peak,Central Road + Waterbus,16.4247,3.2849,9854.8,0.3942,road
226,1,centralized,Peak,Central Full Multimodal,13.6219,3.3528,19338.71,0.2088,metro+road+transfer
227,11,nearest,Off-Peak,Road Only,6.4154,3.2077,9623.05,0.3849,road
227,11,nearest,Off-Peak,Road + Metro,6.4154,3.2077,9623.05,0.3849,road
227,11,nearest,Off-Peak,Road + Waterbus,6.4154,3.2077,9623.05,0.3849,road
227,11,nearest,Off-Peak,Full Multimodal,6.4154,3.2077,9623.05,0.3849,road
227,11,nearest,Peak,Road Only,16.0384,3.2077,9623.05,0.3849,road
227,11,nearest,Peak,Road + Metro,16.0384,3.2077,9623.05,0.3849,road
227,11,nearest,Peak,Road + Waterbus,16.0384,3.2077,9623.05,0.3849,road
227,11,nearest,Peak,Full Multimodal,16.0384,3.2077,9623.05,0.3849,road
227,1,centralized,Off-Peak,Central Road Only,7.496,3.748,11243.99,0.4498,road
227,1,centralized,Off-Peak,Central Road + Metro,7.496,3.748,11243.99,0.4498,road
227,1,centralized,Off-Peak,Central Road + Waterbus,7.496,3.748,11243.99,0.4498,road
227,1,centralized,Off-Peak,Central Full Multimodal,7.496,3.748,11243.99,0.4498,road
227,1,centralized,Peak,Central Road Only,18.74,3.748,11243.99,0.4498,road
227,1,centralized,Peak,Central Road + Metro,18.74,3.748,11243.99,0.4498,road
227,1,centralized,Peak,Central Road + Waterbus,18.74,3.748,11243.99,0.4498,road
227,1,centralized,Peak,Central Full Multimodal,18.74,3.748,11243.99,0.4498,road
228,1,centralized,Off-Peak,Central Road Only,6.5699,3.2849,9854.8,0.3942,road
228,1,centralized,Off-Peak,Central Road + Metro,6.5699,3.2849,9854.8,0.3942,road
228,1,centralized,Off-Peak,Central Road + Waterbus,6.5699,3.2849,9854.8,0.3942,road
228,1,centralized,Off-Peak,Central Full Multimodal,6.5699,3.2849,9854.8,0.3942,road
228,1,centralized,Peak,Central Road Only,16.4247,3.2849,9854.8,0.3942,road
228,1,centralized,Peak,Central Road + Metro,13.6219,3.3528,19338.71,0.2088,metro+road+transfer
228,1,centralized,Peak,Central Road + Waterbus,16.4247,3.2849,9854.8,0.3942,road
228,1,centralized,Peak,Central Full Multimodal,13.6219,3.3528,19338.71,0.2088,metro+road+transfer
229,1,centralized,Off-Peak,Central Road Only,6.5699,3.2849,9854.8,0.3942,road
229,1,centralized,Off-Peak,Central Road + Metro,6.5699,3.2849,9854.8,0.3942,road
229,1,centralized,Off-Peak,Central Road + Waterbus,6.5699,3.2849,9854.8,0.3942,road
229,1,centralized,Off-Peak,Central Full Multimodal,6.5699,3.2849,9854.8,0.3942,road
229,1,centralized,Peak,Central Road Only,16.4247,3.2849,9854.8,0.3942,road
229,1,centralized,Peak,Central Road + Metro,13.6219,3.3528,19338.71,0.2088,metro+road+transfer
229,1,centralized,Peak,Central Road + Waterbus,16.4247,3.2849,9854.8,0.3942,road
229,1,centralized,Peak,Central Full Multimodal,13.6219,3.3528,19338.71,0.2088,metro+road+transfer
230,1,centralized,Off-Peak,Central Road Only,6.5699,3.2849,9854.8,0.3942,road
230,1,centralized,Off-Peak,Central Road + Metro,6.5699,3.2849,9854.8,0.3942,road
230,1,centralized,Off-Peak,Central Road + Waterbus,6.5699,3.2849,9854.8,0.3942,road
230,1,centralized,Off-Peak,Central Full Multimodal,6.5699,3.2849,9854.8,0.3942,road
230,1,centralized,Peak,Central Road Only,16.4247,3.2849,9854.8,0.3942,road
230,1,centralized,Peak,Central Road + Metro,13.6219,3.3528,19338.71,0.2088,metro+road+transfer
230,1,centralized,Peak,Central Road + Waterbus,16.4247,3.2849,9854.8,0.3942,road
230,1,centralized,Peak,Central Full Multimodal,13.6219,3.3528,19338.71,0.2088,metro+road+transfer
231,1,centralized,Off-Peak,Central Road Only,6.5699,3.2849,9854.8,0.3942,road
231,1,centralized,Off-Peak,Central Road + Metro,6.5699,3.2849,9854.8,0.3942,road
231,1,centralized,Off-Peak,Central Road + Waterbus,6.5699,3.2849,9854.8,0.3942,road
231,1,centralized,Off-Peak,Central Full Multimodal,6.5699,3.2849,9854.8,0.3942,road
231,1,centralized,Peak,Central Road Only,16.4247,3.2849,9854.8,0.3942,road
231,1,centralized,Peak,Central Road + Metro,13.6219,3.3528,19338.71,0.2088,metro+road+transfer
231,1,centralized,Peak,Central Road + Waterbus,16.4247,3.2849,9854.8,0.3942,road
231,1,centralized,Peak,Central Full Multimodal,13.6219,3.3528,19338.71,0.2088,metro+road+transfer
232,1,centralized,Off-Peak,Central Road Only,6.5699,3.2849,9854.8,0.3942,road
232,1,centralized,Off-Peak,Central Road + Metro,6.5699,3.2849,9854.8,0.3942,road
232,1,centralized,Off-Peak,Central Road + Waterbus,6.5699,3.2849,9854.8,0.3942,road
232,1,centralized,Off-Peak,Central Full Multimodal,6.5699,3.2849,9854.8,0.3942,road
232,1,centralized,Peak,Central Road Only,16.4247,3.2849,9854.8,0.3942,road
232,1,centralized,Peak,Central Road + Metro,13.6219,3.3528,19338.71,0.2088,metro+road+transfer
232,1,centralized,Peak,Central Road + Waterbus,16.4247,3.2849,9854.8,0.3942,road
232,1,centralized,Peak,Central Full Multimodal,13.6219,3.3528,19338.71,0.2088,metro+road+transfer
233,1,centralized,Off-Peak,Central Road Only,6.5699,3.2849,9854.8,0.3942,road
233,1,centralized,Off-Peak,Central Road + Metro,6.5699,3.2849,9854.8,0.3942,road
233,1,centralized,Off-Peak,Central Road + Waterbus,6.5699,3.2849,9854.8,0.3942,road
233,1,centralized,Off-Peak,Central Full Multimodal,6.5699,3.2849,9854.8,0.3942,road
233,1,centralized,Peak,Central Road Only,16.4247,3.2849,9854.8,0.3942,road
233,1,centralized,Peak,Central Road + Metro,13.6219,3.3528,19338.71,0.2088,metro+road+transfer
233,1,centralized,Peak,Central Road + Waterbus,16.4247,3.2849,9854.8,0.3942,road
233,1,centralized,Peak,Central Full Multimodal,13.6219,3.3528,19338.71,0.2088,metro+road+transfer
234,1,centralized,Off-Peak,Central Road Only,6.5699,3.2849,9854.8,0.3942,road
234,1,centralized,Off-Peak,Central Road + Metro,6.5699,3.2849,9854.8,0.3942,road
234,1,centralized,Off-Peak,Central Road + Waterbus,6.5699,3.2849,9854.8,0.3942,road
234,1,centralized,Off-Peak,Central Full Multimodal,6.5699,3.2849,9854.8,0.3942,road
234,1,centralized,Peak,Central Road Only,16.4247,3.2849,9854.8,0.3942,road
234,1,centralized,Peak,Central Road + Metro,13.6219,3.3528,19338.71,0.2088,metro+road+transfer
234,1,centralized,Peak,Central Road + Waterbus,16.4247,3.2849,9854.8,0.3942,road
234,1,centralized,Peak,Central Full Multimodal,13.6219,3.3528,19338.71,0.2088,metro+road+transfer
235,1,centralized,Off-Peak,Central Road Only,6.5699,3.2849,9854.8,0.3942,road
235,1,centralized,Off-Peak,Central Road + Metro,6.5699,3.2849,9854.8,0.3942,road
235,1,centralized,Off-Peak,Central Road + Waterbus,6.5699,3.2849,9854.8,0.3942,road
235,1,centralized,Off-Peak,Central Full Multimodal,6.5699,3.2849,9854.8,0.3942,road
235,1,centralized,Peak,Central Road Only,16.4247,3.2849,9854.8,0.3942,road
235,1,centralized,Peak,Central Road + Metro,13.6219,3.3528,19338.71,0.2088,metro+road+transfer
235,1,centralized,Peak,Central Road + Waterbus,16.4247,3.2849,9854.8,0.3942,road
235,1,centralized,Peak,Central Full Multimodal,13.6219,3.3528,19338.71,0.2088,metro+road+transfer
236,1,centralized,Off-Peak,Central Road Only,6.5699,3.2849,9854.8,0.3942,road
236,1,centralized,Off-Peak,Central Road + Metro,6.5699,3.2849,9854.8,0.3942,road
236,1,centralized,Off-Peak,Central Road + Waterbus,6.5699,3.2849,9854.8,0.3942,road
236,1,centralized,Off-Peak,Central Full Multimodal,6.5699,3.2849,9854.8,0.3942,road
236,1,centralized,Peak,Central Road Only,16.4247,3.2849,9854.8,0.3942,road
236,1,centralized,Peak,Central Road + Metro,13.6219,3.3528,19338.71,0.2088,metro+road+transfer
236,1,centralized,Peak,Central Road + Waterbus,16.4247,3.2849,9854.8,0.3942,road
236,1,centralized,Peak,Central Full Multimodal,13.6219,3.3528,19338.71,0.2088,metro+road+transfer
237,1,centralized,Off-Peak,Central Road Only,6.5699,3.2849,9854.8,0.3942,road
237,1,centralized,Off-Peak,Central Road + Metro,6.5699,3.2849,9854.8,0.3942,road
237,1,centralized,Off-Peak,Central Road + Waterbus,6.5699,3.2849,9854.8,0.3942,road
237,1,centralized,Off-Peak,Central Full Multimodal,6.5699,3.2849,9854.8,0.3942,road
237,1,centralized,Peak,Central Road Only,16.4247,3.2849,9854.8,0.3942,road
237,1,centralized,Peak,Central Road + Metro,13.6219,3.3528,19338.71,0.2088,metro+road+transfer
237,1,centralized,Peak,Central Road + Waterbus,16.4247,3.2849,9854.8,0.3942,road
237,1,centralized,Peak,Central Full Multimodal,13.6219,3.3528,19338.71,0.2088,metro+road+transfer
238,1,centralized,Off-Peak,Central Road Only,6.5699,3.2849,9854.8,0.3942,road
238,1,centralized,Off-Peak,Central Road + Metro,6.5699,3.2849,9854.8,0.3942,road
238,1,centralized,Off-Peak,Central Road + Waterbus,6.5699,3.2849,9854.8,0.3942,road
238,1,centralized,Off-Peak,Central Full Multimodal,6.5699,3.2849,9854.8,0.3942,road
238,1,centralized,Peak,Central Road Only,16.4247,3.2849,9854.8,0.3942,road
238,1,centralized,Peak,Central Road + Metro,13.6219,3.3528,19338.71,0.2088,metro+road+transfer
238,1,centralized,Peak,Central Road + Waterbus,16.4247,3.2849,9854.8,0.3942,road
238,1,centralized,Peak,Central Full Multimodal,13.6219,3.3528,19338.71,0.2088,metro+road+transfer
239,1,centralized,Off-Peak,Central Road Only,6.5699,3.2849,9854.8,0.3942,road
239,1,centralized,Off-Peak,Central Road + Metro,6.5699,3.2849,9854.8,0.3942,road
239,1,centralized,Off-Peak,Central Road + Waterbus,6.5699,3.2849,9854.8,0.3942,road
239,1,centralized,Off-Peak,Central Full Multimodal,6.5699,3.2849,9854.8,0.3942,road
239,1,centralized,Peak,Central Road Only,16.4247,3.2849,9854.8,0.3942,road
239,1,centralized,Peak,Central Road + Metro,13.6219,3.3528,19338.71,0.2088,metro+road+transfer
239,1,centralized,Peak,Central Road + Waterbus,16.4247,3.2849,9854.8,0.3942,road
239,1,centralized,Peak,Central Full Multimodal,13.6219,3.3528,19338.71,0.2088,metro+road+transfer
240,1,centralized,Off-Peak,Central Road Only,6.5699,3.2849,9854.8,0.3942,road
240,1,centralized,Off-Peak,Central Road + Metro,6.5699,3.2849,9854.8,0.3942,road
240,1,centralized,Off-Peak,Central Road + Waterbus,6.5699,3.2849,9854.8,0.3942,road
240,1,centralized,Off-Peak,Central Full Multimodal,6.5699,3.2849,9854.8,0.3942,road
240,1,centralized,Peak,Central Road Only,16.4247,3.2849,9854.8,0.3942,road
240,1,centralized,Peak,Central Road + Metro,13.6219,3.3528,19338.71,0.2088,metro+road+transfer
240,1,centralized,Peak,Central Road + Waterbus,16.4247,3.2849,9854.8,0.3942,road
240,1,centralized,Peak,Central Full Multimodal,13.6219,3.3528,19338.71,0.2088,metro+road+transfer
241,1,centralized,Off-Peak,Central Road Only,6.5699,3.2849,9854.8,0.3942,road
241,1,centralized,Off-Peak,Central Road + Metro,6.5699,3.2849,9854.8,0.3942,road
241,1,centralized,Off-Peak,Central Road + Waterbus,6.5699,3.2849,9854.8,0.3942,road
241,1,centralized,Off-Peak,Central Full Multimodal,6.5699,3.2849,9854.8,0.3942,road
241,1,centralized,Peak,Central Road Only,16.4247,3.2849,9854.8,0.3942,road
241,1,centralized,Peak,Central Road + Metro,13.6219,3.3528,19338.71,0.2088,metro+road+transfer
241,1,centralized,Peak,Central Road + Waterbus,16.4247,3.2849,9854.8,0.3942,road
241,1,centralized,Peak,Central Full Multimodal,13.6219,3.3528,19338.71,0.2088,metro+road+transfer
242,1,centralized,Off-Peak,Central Road Only,6.5699,3.2849,9854.8,0.3942,road
242,1,centralized,Off-Peak,Central Road + Metro,6.5699,3.2849,9854.8,0.3942,road
242,1,centralized,Off-Peak,Central Road + Waterbus,6.5699,3.2849,9854.8,0.3942,road
242,1,centralized,Off-Peak,Central Full Multimodal,6.5699,3.2849,9854.8,0.3942,road
242,1,centralized,Peak,Central Road Only,16.4247,3.2849,9854.8,0.3942,road
242,1,centralized,Peak,Central Road + Metro,13.6219,3.3528,19338.71,0.2088,metro+road+transfer
242,1,centralized,Peak,Central Road + Waterbus,16.4247,3.2849,9854.8,0.3942,road
242,1,centralized,Peak,Central Full Multimodal,13.6219,3.3528,19338.71,0.2088,metro+road+transfer
243,1,centralized,Off-Peak,Central Road Only,6.5699,3.2849,9854.8,0.3942,road
243,1,centralized,Off-Peak,Central Road + Metro,6.5699,3.2849,9854.8,0.3942,road
243,1,centralized,Off-Peak,Central Road + Waterbus,6.5699,3.2849,9854.8,0.3942,road
243,1,centralized,Off-Peak,Central Full Multimodal,6.5699,3.2849,9854.8,0.3942,road
243,1,centralized,Peak,Central Road Only,16.4247,3.2849,9854.8,0.3942,road
243,1,centralized,Peak,Central Road + Metro,13.6219,3.3528,19338.71,0.2088,metro+road+transfer
243,1,centralized,Peak,Central Road + Waterbus,16.4247,3.2849,9854.8,0.3942,road
243,1,centralized,Peak,Central Full Multimodal,13.6219,3.3528,19338.71,0.2088,metro+road+transfer
244,1,centralized,Off-Peak,Central Road Only,6.5699,3.2849,9854.8,0.3942,road
244,1,centralized,Off-Peak,Central Road + Metro,6.5699,3.2849,9854.8,0.3942,road
244,1,centralized,Off-Peak,Central Road + Waterbus,6.5699,3.2849,9854.8,0.3942,road
244,1,centralized,Off-Peak,Central Full Multimodal,6.5699,3.2849,9854.8,0.3942,road
244,1,centralized,Peak,Central Road Only,16.4247,3.2849,9854.8,0.3942,road
244,1,centralized,Peak,Central Road + Metro,13.6219,3.3528,19338.71,0.2088,metro+road+transfer
244,1,centralized,Peak,Central Road + Waterbus,16.4247,3.2849,9854.8,0.3942,road
244,1,centralized,Peak,Central Full Multimodal,13.6219,3.3528,19338.71,0.2088,metro+road+transfer
245,1,centralized,Off-Peak,Central Road Only,6.5699,3.2849,9854.8,0.3942,road
245,1,centralized,Off-Peak,Central Road + Metro,6.5699,3.2849,9854.8,0.3942,road
245,1,centralized,Off-Peak,Central Road + Waterbus,6.5699,3.2849,9854.8,0.3942,road
245,1,centralized,Off-Peak,Central Full Multimodal,6.5699,3.2849,9854.8,0.3942,road
245,1,centralized,Peak,Central Road Only,16.4247,3.2849,9854.8,0.3942,road
245,1,centralized,Peak,Central Road + Metro,13.6219,3.3528,19338.71,0.2088,metro+road+transfer
245,1,centralized,Peak,Central Road + Waterbus,16.4247,3.2849,9854.8,0.3942,road
245,1,centralized,Peak,Central Full Multimodal,13.6219,3.3528,19338.71,0.2088,metro+road+transfer
246,1,centralized,Off-Peak,Central Road Only,6.5699,3.2849,9854.8,0.3942,road
246,1,centralized,Off-Peak,Central Road + Metro,6.5699,3.2849,9854.8,0.3942,road
246,1,centralized,Off-Peak,Central Road + Waterbus,6.5699,3.2849,9854.8,0.3942,road
246,1,centralized,Off-Peak,Central Full Multimodal,6.5699,3.2849,9854.8,0.3942,road
246,1,centralized,Peak,Central Road Only,16.4247,3.2849,9854.8,0.3942,road
246,1,centralized,Peak,Central Road + Metro,13.6219,3.3528,19338.71,0.2088,metro+road+transfer
246,1,centralized,Peak,Central Road + Waterbus,16.4247,3.2849,9854.8,0.3942,road
246,1,centralized,Peak,Central Full Multimodal,13.6219,3.3528,19338.71,0.2088,metro+road+transfer
247,1,centralized,Off-Peak,Central Road Only,6.5699,3.2849,9854.8,0.3942,road
247,1,centralized,Off-Peak,Central Road + Metro,6.5699,3.2849,9854.8,0.3942,road
247,1,centralized,Off-Peak,Central Road + Waterbus,6.5699,3.2849,9854.8,0.3942,road
247,1,centralized,Off-Peak,Central Full Multimodal,6.5699,3.2849,9854.8,0.3942,road
247,1,centralized,Peak,Central Road Only,16.4247,3.2849,9854.8,0.3942,road
247,1,centralized,Peak,Central Road + Metro,13.6219,3.3528,19338.71,0.2088,metro+road+transfer
247,1,centralized,Peak,Central Road + Waterbus,16.4247,3.2849,9854.8,0.3942,road
247,1,centralized,Peak,Central Full Multimodal,13.6219,3.3528,19338.71,0.2088,metro+road+transfer
248,1,centralized,Off-Peak,Central Road Only,6.5699,3.2849,9854.8,0.3942,road
248,1,centralized,Off-Peak,Central Road + Metro,6.5699,3.2849,9854.8,0.3942,road
248,1,centralized,Off-Peak,Central Road + Waterbus,6.5699,3.2849,9854.8,0.3942,road
248,1,centralized,Off-Peak,Central Full Multimodal,6.5699,3.2849,9854.8,0.3942,road
248,1,centralized,Peak,Central Road Only,16.4247,3.2849,9854.8,0.3942,road
248,1,centralized,Peak,Central Road + Metro,13.6219,3.3528,19338.71,0.2088,metro+road+transfer
248,1,centralized,Peak,Central Road + Waterbus,16.4247,3.2849,9854.8,0.3942,road
248,1,centralized,Peak,Central Full Multimodal,13.6219,3.3528,19338.71,0.2088,metro+road+transfer
249,1,centralized,Off-Peak,Central Road Only,6.5699,3.2849,9854.8,0.3942,road
249,1,centralized,Off-Peak,Central Road + Metro,6.5699,3.2849,9854.8,0.3942,road
249,1,centralized,Off-Peak,Central Road + Waterbus,6.5699,3.2849,9854.8,0.3942,road
249,1,centralized,Off-Peak,Central Full Multimodal,6.5699,3.2849,9854.8,0.3942,road
249,1,centralized,Peak,Central Road Only,16.4247,3.2849,9854.8,0.3942,road
249,1,centralized,Peak,Central Road + Metro,13.6219,3.3528,19338.71,0.2088,metro+road+transfer
249,1,centralized,Peak,Central Road + Waterbus,16.4247,3.2849,9854.8,0.3942,road
249,1,centralized,Peak,Central Full Multimodal,13.6219,3.3528,19338.71,0.2088,metro+road+transfer
250,1,centralized,Off-Peak,Central Road Only,6.5699,3.2849,9854.8,0.3942,road
250,1,centralized,Off-Peak,Central Road + Metro,6.5699,3.2849,9854.8,0.3942,road
250,1,centralized,Off-Peak,Central Road + Waterbus,6.5699,3.2849,9854.8,0.3942,road
250,1,centralized,Off-Peak,Central Full Multimodal,6.5699,3.2849,9854.8,0.3942,road
250,1,centralized,Peak,Central Road Only,16.4247,3.2849,9854.8,0.3942,road
250,1,centralized,Peak,Central Road + Metro,13.6219,3.3528,19338.71,0.2088,metro+road+transfer
250,1,centralized,Peak,Central Road + Waterbus,16.4247,3.2849,9854.8,0.3942,road
250,1,centralized,Peak,Central Full Multimodal,13.6219,3.3528,19338.71,0.2088,metro+road+transfer
251,1,centralized,Off-Peak,Central Road Only,6.5699,3.2849,9854.8,0.3942,road
251,1,centralized,Off-Peak,Central Road + Metro,6.5699,3.2849,9854.8,0.3942,road
251,1,centralized,Off-Peak,Central Road + Waterbus,6.5699,3.2849,9854.8,0.3942,road
251,1,centralized,Off-Peak,Central Full Multimodal,6.5699,3.2849,9854.8,0.3942,road
251,1,centralized,Peak,Central Road Only,16.4247,3.2849,9854.8,0.3942,road
251,1,centralized,Peak,Central Road + Metro,13.6219,3.3528,19338.71,0.2088,metro+road+transfer
251,1,centralized,Peak,Central Road + Waterbus,16.4247,3.2849,9854.8,0.3942,road
251,1,centralized,Peak,Central Full Multimodal,13.6219,3.3528,19338.71,0.2088,metro+road+transfer
252,1,centralized,Off-Peak,Central Road Only,6.5699,3.2849,9854.8,0.3942,road
252,1,centralized,Off-Peak,Central Road + Metro,6.5699,3.2849,9854.8,0.3942,road
252,1,centralized,Off-Peak,Central Road + Waterbus,6.5699,3.2849,9854.8,0.3942,road
252,1,centralized,Off-Peak,Central Full Multimodal,6.5699,3.2849,9854.8,0.3942,road
252,1,centralized,Peak,Central Road Only,16.4247,3.2849,9854.8,0.3942,road
252,1,centralized,Peak,Central Road + Metro,13.6219,3.3528,19338.71,0.2088,metro+road+transfer
252,1,centralized,Peak,Central Road + Waterbus,16.4247,3.2849,9854.8,0.3942,road
252,1,centralized,Peak,Central Full Multimodal,13.6219,3.3528,19338.71,0.2088,metro+road+transfer
253,1,centralized,Off-Peak,Central Road Only,6.5699,3.2849,9854.8,0.3942,road
253,1,centralized,Off-Peak,Central Road + Metro,6.5699,3.2849,9854.8,0.3942,road
253,1,centralized,Off-Peak,Central Road + Waterbus,6.5699,3.2849,9854.8,0.3942,road
253,1,centralized,Off-Peak,Central Full Multimodal,6.5699,3.2849,9854.8,0.3942,road
253,1,centralized,Peak,Central Road Only,16.4247,3.2849,9854.8,0.3942,road
253,1,centralized,Peak,Central Road + Metro,13.6219,3.3528,19338.71,0.2088,metro+road+transfer
253,1,centralized,Peak,Central Road + Waterbus,16.4247,3.2849,9854.8,0.3942,road
253,1,centralized,Peak,Central Full Multimodal,13.6219,3.3528,19338.71,0.2088,metro+road+transfer
254,1,centralized,Off-Peak,Central Road Only,6.5699,3.2849,9854.8,0.3942,road
254,1,centralized,Off-Peak,Central Road + Metro,6.5699,3.2849,9854.8,0.3942,road
254,1,centralized,Off-Peak,Central Road + Waterbus,6.5699,3.2849,9854.8,0.3942,road
254,1,centralized,Off-Peak,Central Full Multimodal,6.5699,3.2849,9854.8,0.3942,road
254,1,centralized,Peak,Central Road Only,16.4247,3.2849,9854.8,0.3942,road
254,1,centralized,Peak,Central Road + Metro,13.6219,3.3528,19338.71,0.2088,metro+road+transfer
254,1,centralized,Peak,Central Road + Waterbus,16.4247,3.2849,9854.8,0.3942,road
254,1,centralized,Peak,Central Full Multimodal,13.6219,3.3528,19338.71,0.2088,metro+road+transfer
255,1,centralized,Off-Peak,Central Road Only,6.5699,3.2849,9854.8,0.3942,road
255,1,centralized,Off-Peak,Central Road + Metro,6.5699,3.2849,9854.8,0.3942,road
255,1,centralized,Off-Peak,Central Road + Waterbus,6.5699,3.2849,9854.8,0.3942,road
255,1,centralized,Off-Peak,Central Full Multimodal,6.5699,3.2849,9854.8,0.3942,road
255,1,centralized,Peak,Central Road Only,16.4247,3.2849,9854.8,0.3942,road
255,1,centralized,Peak,Central Road + Metro,13.6219,3.3528,19338.71,0.2088,metro+road+transfer
255,1,centralized,Peak,Central Road + Waterbus,16.4247,3.2849,9854.8,0.3942,road
255,1,centralized,Peak,Central Full Multimodal,13.6219,3.3528,19338.71,0.2088,metro+road+transfer
256,1,centralized,Off-Peak,Central Road Only,6.5699,3.2849,9854.8,0.3942,road
256,1,centralized,Off-Peak,Central Road + Metro,6.5699,3.2849,9854.8,0.3942,road
256,1,centralized,Off-Peak,Central Road + Waterbus,6.5699,3.2849,9854.8,0.3942,road
256,1,centralized,Off-Peak,Central Full Multimodal,6.5699,3.2849,9854.8,0.3942,road
256,1,centralized,Peak,Central Road Only,16.4247,3.2849,9854.8,0.3942,road
256,1,centralized,Peak,Central Road + Metro,13.6219,3.3528,19338.71,0.2088,metro+road+transfer
256,1,centralized,Peak,Central Road + Waterbus,16.4247,3.2849,9854.8,0.3942,road
256,1,centralized,Peak,Central Full Multimodal,13.6219,3.3528,19338.71,0.2088,metro+road+transfer
257,1,centralized,Off-Peak,Central Road Only,6.5699,3.2849,9854.8,0.3942,road
257,1,centralized,Off-Peak,Central Road + Metro,6.5699,3.2849,9854.8,0.3942,road
257,1,centralized,Off-Peak,Central Road + Waterbus,6.5699,3.2849,9854.8,0.3942,road
257,1,centralized,Off-Peak,Central Full Multimodal,6.5699,3.2849,9854.8,0.3942,road
257,1,centralized,Peak,Central Road Only,16.4247,3.2849,9854.8,0.3942,road
257,1,centralized,Peak,Central Road + Metro,13.6219,3.3528,19338.71,0.2088,metro+road+transfer
257,1,centralized,Peak,Central Road + Waterbus,16.4247,3.2849,9854.8,0.3942,road
257,1,centralized,Peak,Central Full Multimodal,13.6219,3.3528,19338.71,0.2088,metro+road+transfer
258,1,centralized,Off-Peak,Central Road Only,6.5699,3.2849,9854.8,0.3942,road
258,1,centralized,Off-Peak,Central Road + Metro,6.5699,3.2849,9854.8,0.3942,road
258,1,centralized,Off-Peak,Central Road + Waterbus,6.5699,3.2849,9854.8,0.3942,road
258,1,centralized,Off-Peak,Central Full Multimodal,6.5699,3.2849,9854.8,0.3942,road
258,1,centralized,Peak,Central Road Only,16.4247,3.2849,9854.8,0.3942,road
258,1,centralized,Peak,Central Road + Metro,13.6219,3.3528,19338.71,0.2088,metro+road+transfer
258,1,centralized,Peak,Central Road + Waterbus,16.4247,3.2849,9854.8,0.3942,road
258,1,centralized,Peak,Central Full Multimodal,13.6219,3.3528,19338.71,0.2088,metro+road+transfer
259,1,centralized,Off-Peak,Central Road Only,6.5699,3.2849,9854.8,0.3942,road
259,1,centralized,Off-Peak,Central Road + Metro,6.5699,3.2849,9854.8,0.3942,road
259,1,centralized,Off-Peak,Central Road + Waterbus,6.5699,3.2849,9854.8,0.3942,road
259,1,centralized,Off-Peak,Central Full Multimodal,6.5699,3.2849,9854.8,0.3942,road
259,1,centralized,Peak,Central Road Only,16.4247,3.2849,9854.8,0.3942,road
259,1,centralized,Peak,Central Road + Metro,13.6219,3.3528,19338.71,0.2088,metro+road+transfer
259,1,centralized,Peak,Central Road + Waterbus,16.4247,3.2849,9854.8,0.3942,road
259,1,centralized,Peak,Central Full Multimodal,13.6219,3.3528,19338.71,0.2088,metro+road+transfer
260,1,centralized,Off-Peak,Central Road Only,6.5699,3.2849,9854.8,0.3942,road
260,1,centralized,Off-Peak,Central Road + Metro,6.5699,3.2849,9854.8,0.3942,road
260,1,centralized,Off-Peak,Central Road + Waterbus,6.5699,3.2849,9854.8,0.3942,road
260,1,centralized,Off-Peak,Central Full Multimodal,6.5699,3.2849,9854.8,0.3942,road
260,1,centralized,Peak,Central Road Only,16.4247,3.2849,9854.8,0.3942,road
260,1,centralized,Peak,Central Road + Metro,13.6219,3.3528,19338.71,0.2088,metro+road+transfer
260,1,centralized,Peak,Central Road + Waterbus,16.4247,3.2849,9854.8,0.3942,road
260,1,centralized,Peak,Central Full Multimodal,13.6219,3.3528,19338.71,0.2088,metro+road+transfer
261,1,centralized,Off-Peak,Central Road Only,6.5699,3.2849,9854.8,0.3942,road
261,1,centralized,Off-Peak,Central Road + Metro,6.5699,3.2849,9854.8,0.3942,road
261,1,centralized,Off-Peak,Central Road + Waterbus,6.5699,3.2849,9854.8,0.3942,road
261,1,centralized,Off-Peak,Central Full Multimodal,6.5699,3.2849,9854.8,0.3942,road
261,1,centralized,Peak,Central Road Only,16.4247,3.2849,9854.8,0.3942,road
261,1,centralized,Peak,Central Road + Metro,13.6219,3.3528,19338.71,0.2088,metro+road+transfer
261,1,centralized,Peak,Central Road + Waterbus,16.4247,3.2849,9854.8,0.3942,road
261,1,centralized,Peak,Central Full Multimodal,13.6219,3.3528,19338.71,0.2088,metro+road+transfer
262,1,centralized,Off-Peak,Central Road Only,6.5699,3.2849,9854.8,0.3942,road
262,1,centralized,Off-Peak,Central Road + Metro,6.5699,3.2849,9854.8,0.3942,road
262,1,centralized,Off-Peak,Central Road + Waterbus,6.5699,3.2849,9854.8,0.3942,road
262,1,centralized,Off-Peak,Central Full Multimodal,6.5699,3.2849,9854.8,0.3942,road
262,1,centralized,Peak,Central Road Only,16.4247,3.2849,9854.8,0.3942,road
262,1,centralized,Peak,Central Road + Metro,13.6219,3.3528,19338.71,0.2088,metro+road+transfer
262,1,centralized,Peak,Central Road + Waterbus,16.4247,3.2849,9854.8,0.3942,road
262,1,centralized,Peak,Central Full Multimodal,13.6219,3.3528,19338.71,0.2088,metro+road+transfer
263,1,centralized,Off-Peak,Central Road Only,6.5699,3.2849,9854.8,0.3942,road
263,1,centralized,Off-Peak,Central Road + Metro,6.5699,3.2849,9854.8,0.3942,road
263,1,centralized,Off-Peak,Central Road + Waterbus,6.5699,3.2849,9854.8,0.3942,road
263,1,centralized,Off-Peak,Central Full Multimodal,6.5699,3.2849,9854.8,0.3942,road
263,1,centralized,Peak,Central Road Only,16.4247,3.2849,9854.8,0.3942,road
263,1,centralized,Peak,Central Road + Metro,13.6219,3.3528,19338.71,0.2088,metro+road+transfer
263,1,centralized,Peak,Central Road + Waterbus,16.4247,3.2849,9854.8,0.3942,road
263,1,centralized,Peak,Central Full Multimodal,13.6219,3.3528,19338.71,0.2088,metro+road+transfer
264,1,centralized,Off-Peak,Central Road Only,6.5699,3.2849,9854.8,0.3942,road
264,1,centralized,Off-Peak,Central Road + Metro,6.5699,3.2849,9854.8,0.3942,road
264,1,centralized,Off-Peak,Central Road + Waterbus,6.5699,3.2849,9854.8,0.3942,road
264,1,centralized,Off-Peak,Central Full Multimodal,6.5699,3.2849,9854.8,0.3942,road
264,1,centralized,Peak,Central Road Only,16.4247,3.2849,9854.8,0.3942,road
264,1,centralized,Peak,Central Road + Metro,13.6219,3.3528,19338.71,0.2088,metro+road+transfer
264,1,centralized,Peak,Central Road + Waterbus,16.4247,3.2849,9854.8,0.3942,road
264,1,centralized,Peak,Central Full Multimodal,13.6219,3.3528,19338.71,0.2088,metro+road+transfer
265,1,centralized,Off-Peak,Central Road Only,6.5699,3.2849,9854.8,0.3942,road
265,1,centralized,Off-Peak,Central Road + Metro,6.5699,3.2849,9854.8,0.3942,road
265,1,centralized,Off-Peak,Central Road + Waterbus,6.5699,3.2849,9854.8,0.3942,road
265,1,centralized,Off-Peak,Central Full Multimodal,6.5699,3.2849,9854.8,0.3942,road
265,1,centralized,Peak,Central Road Only,16.4247,3.2849,9854.8,0.3942,road
265,1,centralized,Peak,Central Road + Metro,13.6219,3.3528,19338.71,0.2088,metro+road+transfer
265,1,centralized,Peak,Central Road + Waterbus,16.4247,3.2849,9854.8,0.3942,road
265,1,centralized,Peak,Central Full Multimodal,13.6219,3.3528,19338.71,0.2088,metro+road+transfer
266,1,centralized,Off-Peak,Central Road Only,6.5699,3.2849,9854.8,0.3942,road
266,1,centralized,Off-Peak,Central Road + Metro,6.5699,3.2849,9854.8,0.3942,road
266,1,centralized,Off-Peak,Central Road + Waterbus,6.5699,3.2849,9854.8,0.3942,road
266,1,centralized,Off-Peak,Central Full Multimodal,6.5699,3.2849,9854.8,0.3942,road
266,1,centralized,Peak,Central Road Only,16.4247,3.2849,9854.8,0.3942,road
266,1,centralized,Peak,Central Road + Metro,13.6219,3.3528,19338.71,0.2088,metro+road+transfer
266,1,centralized,Peak,Central Road + Waterbus,16.4247,3.2849,9854.8,0.3942,road
266,1,centralized,Peak,Central Full Multimodal,13.6219,3.3528,19338.71,0.2088,metro+road+transfer
267,11,nearest,Off-Peak,Road Only,6.4154,3.2077,9623.05,0.3849,road
267,11,nearest,Off-Peak,Road + Metro,6.4154,3.2077,9623.05,0.3849,road
267,11,nearest,Off-Peak,Road + Waterbus,6.4154,3.2077,9623.05,0.3849,road
267,11,nearest,Off-Peak,Full Multimodal,6.4154,3.2077,9623.05,0.3849,road
267,11,nearest,Peak,Road Only,16.0384,3.2077,9623.05,0.3849,road
267,11,nearest,Peak,Road + Metro,16.0384,3.2077,9623.05,0.3849,road
267,11,nearest,Peak,Road + Waterbus,16.0384,3.2077,9623.05,0.3849,road
267,11,nearest,Peak,Full Multimodal,16.0384,3.2077,9623.05,0.3849,road
267,1,centralized,Off-Peak,Central Road Only,7.496,3.748,11243.99,0.4498,road
267,1,centralized,Off-Peak,Central Road + Metro,7.496,3.748,11243.99,0.4498,road
267,1,centralized,Off-Peak,Central Road + Waterbus,7.496,3.748,11243.99,0.4498,road
267,1,centralized,Off-Peak,Central Full Multimodal,7.496,3.748,11243.99,0.4498,road
267,1,centralized,Peak,Central Road Only,18.74,3.748,11243.99,0.4498,road
267,1,centralized,Peak,Central Road + Metro,18.74,3.748,11243.99,0.4498,road
267,1,centralized,Peak,Central Road + Waterbus,18.74,3.748,11243.99,0.4498,road
267,1,centralized,Peak,Central Full Multimodal,18.74,3.748,11243.99,0.4498,road
268,1,centralized,Off-Peak,Central Road Only,6.5699,3.2849,9854.8,0.3942,road
268,1,centralized,Off-Peak,Central Road + Metro,6.5699,3.2849,9854.8,0.3942,road
268,1,centralized,Off-Peak,Central Road + Waterbus,6.5699,3.2849,9854.8,0.3942,road
268,1,centralized,Off-Peak,Central Full Multimodal,6.5699,3.2849,9854.8,0.3942,road
268,1,centralized,Peak,Central Road Only,16.4247,3.2849,9854.8,0.3942,road
268,1,centralized,Peak,Central Road + Metro,13.6219,3.3528,19338.71,0.2088,metro+road+transfer
268,1,centralized,Peak,Central Road + Waterbus,16.4247,3.2849,9854.8,0.3942,road
268,1,centralized,Peak,Central Full Multimodal,13.6219,3.3528,19338.71,0.2088,metro+road+transfer
269,11,nearest,Off-Peak,Road Only,6.4154,3.2077,9623.05,0.3849,road
269,11,nearest,Off-Peak,Road + Metro,6.4154,3.2077,9623.05,0.3849,road
269,11,nearest,Off-Peak,Road + Waterbus,6.4154,3.2077,9623.05,0.3849,road
269,11,nearest,Off-Peak,Full Multimodal,6.4154,3.2077,9623.05,0.3849,road
269,11,nearest,Peak,Road Only,16.0384,3.2077,9623.05,0.3849,road
269,11,nearest,Peak,Road + Metro,16.0384,3.2077,9623.05,0.3849,road
269,11,nearest,Peak,Road + Waterbus,16.0384,3.2077,9623.05,0.3849,road
269,11,nearest,Peak,Full Multimodal,16.0384,3.2077,9623.05,0.3849,road
269,1,centralized,Off-Peak,Central Road Only,7.496,3.748,11243.99,0.4498,road
269,1,centralized,Off-Peak,Central Road + Metro,7.496,3.748,11243.99,0.4498,road
269,1,centralized,Off-Peak,Central Road + Waterbus,7.496,3.748,11243.99,0.4498,road
269,1,centralized,Off-Peak,Central Full Multimodal,7.496,3.748,11243.99,0.4498,road
269,1,centralized,Peak,Central Road Only,18.74,3.748,11243.99,0.4498,road
269,1,centralized,Peak,Central Road + Metro,18.74,3.748,11243.99,0.4498,road
269,1,centralized,Peak,Central Road + Waterbus,18.74,3.748,11243.99,0.4498,road
269,1,centralized,Peak,Central Full Multimodal,18.74,3.748,11243.99,0.4498,road
270,1,centralized,Off-Peak,Central Road Only,6.5699,3.2849,9854.8,0.3942,road
270,1,centralized,Off-Peak,Central Road + Metro,6.5699,3.2849,9854.8,0.3942,road
270,1,centralized,Off-Peak,Central Road + Waterbus,6.5699,3.2849,9854.8,0.3942,road
270,1,centralized,Off-Peak,Central Full Multimodal,6.5699,3.2849,9854.8,0.3942,road
270,1,centralized,Peak,Central Road Only,16.4247,3.2849,9854.8,0.3942,road
270,1,centralized,Peak,Central Road + Metro,13.6219,3.3528,19338.71,0.2088,metro+road+transfer
270,1,centralized,Peak,Central Road + Waterbus,16.4247,3.2849,9854.8,0.3942,road
270,1,centralized,Peak,Central Full Multimodal,13.6219,3.3528,19338.71,0.2088,metro+road+transfer
271,1,centralized,Off-Peak,Central Road Only,6.5699,3.2849,9854.8,0.3942,road
271,1,centralized,Off-Peak,Central Road + Metro,6.5699,3.2849,9854.8,0.3942,road
271,1,centralized,Off-Peak,Central Road + Waterbus,6.5699,3.2849,9854.8,0.3942,road
271,1,centralized,Off-Peak,Central Full Multimodal,6.5699,3.2849,9854.8,0.3942,road
271,1,centralized,Peak,Central Road Only,16.4247,3.2849,9854.8,0.3942,road
271,1,centralized,Peak,Central Road + Metro,13.6219,3.3528,19338.71,0.2088,metro+road+transfer
271,1,centralized,Peak,Central Road + Waterbus,16.4247,3.2849,9854.8,0.3942,road
271,1,centralized,Peak,Central Full Multimodal,13.6219,3.3528,19338.71,0.2088,metro+road+transfer
272,1,centralized,Off-Peak,Central Road Only,6.5699,3.2849,9854.8,0.3942,road
272,1,centralized,Off-Peak,Central Road + Metro,6.5699,3.2849,9854.8,0.3942,road
272,1,centralized,Off-Peak,Central Road + Waterbus,6.5699,3.2849,9854.8,0.3942,road
272,1,centralized,Off-Peak,Central Full Multimodal,6.5699,3.2849,9854.8,0.3942,road
272,1,centralized,Peak,Central Road Only,16.4247,3.2849,9854.8,0.3942,road
272,1,centralized,Peak,Central Road + Metro,13.6219,3.3528,19338.71,0.2088,metro+road+transfer
272,1,centralized,Peak,Central Road + Waterbus,16.4247,3.2849,9854.8,0.3942,road
272,1,centralized,Peak,Central Full Multimodal,13.6219,3.3528,19338.71,0.2088,metro+road+transfer
273,1,centralized,Off-Peak,Central Road Only,6.5699,3.2849,9854.8,0.3942,road
273,1,centralized,Off-Peak,Central Road + Metro,6.5699,3.2849,9854.8,0.3942,road
273,1,centralized,Off-Peak,Central Road + Waterbus,6.5699,3.2849,9854.8,0.3942,road
273,1,centralized,Off-Peak,Central Full Multimodal,6.5699,3.2849,9854.8,0.3942,road
273,1,centralized,Peak,Central Road Only,16.4247,3.2849,9854.8,0.3942,road
273,1,centralized,Peak,Central Road + Metro,13.6219,3.3528,19338.71,0.2088,metro+road+transfer
273,1,centralized,Peak,Central Road + Waterbus,16.4247,3.2849,9854.8,0.3942,road
273,1,centralized,Peak,Central Full Multimodal,13.6219,3.3528,19338.71,0.2088,metro+road+transfer
274,1,centralized,Off-Peak,Central Road Only,6.5699,3.2849,9854.8,0.3942,road
274,1,centralized,Off-Peak,Central Road + Metro,6.5699,3.2849,9854.8,0.3942,road
274,1,centralized,Off-Peak,Central Road + Waterbus,6.5699,3.2849,9854.8,0.3942,road
274,1,centralized,Off-Peak,Central Full Multimodal,6.5699,3.2849,9854.8,0.3942,road
274,1,centralized,Peak,Central Road Only,16.4247,3.2849,9854.8,0.3942,road
274,1,centralized,Peak,Central Road + Metro,13.6219,3.3528,19338.71,0.2088,metro+road+transfer
274,1,centralized,Peak,Central Road + Waterbus,16.4247,3.2849,9854.8,0.3942,road
274,1,centralized,Peak,Central Full Multimodal,13.6219,3.3528,19338.71,0.2088,metro+road+transfer
275,1,centralized,Off-Peak,Central Road Only,6.5699,3.2849,9854.8,0.3942,road
275,1,centralized,Off-Peak,Central Road + Metro,6.5699,3.2849,9854.8,0.3942,road
275,1,centralized,Off-Peak,Central Road + Waterbus,6.5699,3.2849,9854.8,0.3942,road
275,1,centralized,Off-Peak,Central Full Multimodal,6.5699,3.2849,9854.8,0.3942,road
275,1,centralized,Peak,Central Road Only,16.4247,3.2849,9854.8,0.3942,road
275,1,centralized,Peak,Central Road + Metro,13.6219,3.3528,19338.71,0.2088,metro+road+transfer
275,1,centralized,Peak,Central Road + Waterbus,16.4247,3.2849,9854.8,0.3942,road
275,1,centralized,Peak,Central Full Multimodal,13.6219,3.3528,19338.71,0.2088,metro+road+transfer
276,1,centralized,Off-Peak,Central Road Only,6.5699,3.2849,9854.8,0.3942,road
276,1,centralized,Off-Peak,Central Road + Metro,6.5699,3.2849,9854.8,0.3942,road
276,1,centralized,Off-Peak,Central Road + Waterbus,6.5699,3.2849,9854.8,0.3942,road
276,1,centralized,Off-Peak,Central Full Multimodal,6.5699,3.2849,9854.8,0.3942,road
276,1,centralized,Peak,Central Road Only,16.4247,3.2849,9854.8,0.3942,road
276,1,centralized,Peak,Central Road + Metro,13.6219,3.3528,19338.71,0.2088,metro+road+transfer
276,1,centralized,Peak,Central Road + Waterbus,16.4247,3.2849,9854.8,0.3942,road
276,1,centralized,Peak,Central Full Multimodal,13.6219,3.3528,19338.71,0.2088,metro+road+transfer
277,1,centralized,Off-Peak,Central Road Only,6.5699,3.2849,9854.8,0.3942,road
277,1,centralized,Off-Peak,Central Road + Metro,6.5699,3.2849,9854.8,0.3942,road
277,1,centralized,Off-Peak,Central Road + Waterbus,6.5699,3.2849,9854.8,0.3942,road
277,1,centralized,Off-Peak,Central Full Multimodal,6.5699,3.2849,9854.8,0.3942,road
277,1,centralized,Peak,Central Road Only,16.4247,3.2849,9854.8,0.3942,road
277,1,centralized,Peak,Central Road + Metro,13.6219,3.3528,19338.71,0.2088,metro+road+transfer
277,1,centralized,Peak,Central Road + Waterbus,16.4247,3.2849,9854.8,0.3942,road
277,1,centralized,Peak,Central Full Multimodal,13.6219,3.3528,19338.71,0.2088,metro+road+transfer
278,1,centralized,Off-Peak,Central Road Only,6.5699,3.2849,9854.8,0.3942,road
278,1,centralized,Off-Peak,Central Road + Metro,6.5699,3.2849,9854.8,0.3942,road
278,1,centralized,Off-Peak,Central Road + Waterbus,6.5699,3.2849,9854.8,0.3942,road
278,1,centralized,Off-Peak,Central Full Multimodal,6.5699,3.2849,9854.8,0.3942,road
278,1,centralized,Peak,Central Road Only,16.4247,3.2849,9854.8,0.3942,road
278,1,centralized,Peak,Central Road + Metro,13.6219,3.3528,19338.71,0.2088,metro+road+transfer
278,1,centralized,Peak,Central Road + Waterbus,16.4247,3.2849,9854.8,0.3942,road
278,1,centralized,Peak,Central Full Multimodal,13.6219,3.3528,19338.71,0.2088,metro+road+transfer
279,11,nearest,Off-Peak,Road Only,6.4154,3.2077,9623.05,0.3849,road
279,11,nearest,Off-Peak,Road + Metro,6.4154,3.2077,9623.05,0.3849,road
279,11,nearest,Off-Peak,Road + Waterbus,6.4154,3.2077,9623.05,0.3849,road
279,11,nearest,Off-Peak,Full Multimodal,6.4154,3.2077,9623.05,0.3849,road
279,11,nearest,Peak,Road Only,16.0384,3.2077,9623.05,0.3849,road
279,11,nearest,Peak,Road + Metro,16.0384,3.2077,9623.05,0.3849,road
279,11,nearest,Peak,Road + Waterbus,16.0384,3.2077,9623.05,0.3849,road
279,11,nearest,Peak,Full Multimodal,16.0384,3.2077,9623.05,0.3849,road
279,1,centralized,Off-Peak,Central Road Only,7.496,3.748,11243.99,0.4498,road
279,1,centralized,Off-Peak,Central Road + Metro,7.496,3.748,11243.99,0.4498,road
279,1,centralized,Off-Peak,Central Road + Waterbus,7.496,3.748,11243.99,0.4498,road
279,1,centralized,Off-Peak,Central Full Multimodal,7.496,3.748,11243.99,0.4498,road
279,1,centralized,Peak,Central Road Only,18.74,3.748,11243.99,0.4498,road
279,1,centralized,Peak,Central Road + Metro,18.74,3.748,11243.99,0.4498,road
279,1,centralized,Peak,Central Road + Waterbus,18.74,3.748,11243.99,0.4498,road
279,1,centralized,Peak,Central Full Multimodal,18.74,3.748,11243.99,0.4498,road
280,1,centralized,Off-Peak,Central Road Only,6.5699,3.2849,9854.8,0.3942,road
280,1,centralized,Off-Peak,Central Road + Metro,6.5699,3.2849,9854.8,0.3942,road
280,1,centralized,Off-Peak,Central Road + Waterbus,6.5699,3.2849,9854.8,0.3942,road
280,1,centralized,Off-Peak,Central Full Multimodal,6.5699,3.2849,9854.8,0.3942,road
280,1,centralized,Peak,Central Road Only,16.4247,3.2849,9854.8,0.3942,road
280,1,centralized,Peak,Central Road + Metro,13.6219,3.3528,19338.71,0.2088,metro+road+transfer
280,1,centralized,Peak,Central Road + Waterbus,16.4247,3.2849,9854.8,0.3942,road
280,1,centralized,Peak,Central Full Multimodal,13.6219,3.3528,19338.71,0.2088,metro+road+transfer
281,1,centralized,Off-Peak,Central Road Only,6.5699,3.2849,9854.8,0.3942,road
281,1,centralized,Off-Peak,Central Road + Metro,6.5699,3.2849,9854.8,0.3942,road
281,1,centralized,Off-Peak,Central Road + Waterbus,6.5699,3.2849,9854.8,0.3942,road
281,1,centralized,Off-Peak,Central Full Multimodal,6.5699,3.2849,9854.8,0.3942,road
281,1,centralized,Peak,Central Road Only,16.4247,3.2849,9854.8,0.3942,road
281,1,centralized,Peak,Central Road + Metro,13.6219,3.3528,19338.71,0.2088,metro+road+transfer
281,1,centralized,Peak,Central Road + Waterbus,16.4247,3.2849,9854.8,0.3942,road
281,1,centralized,Peak,Central Full Multimodal,13.6219,3.3528,19338.71,0.2088,metro+road+transfer
282,1,centralized,Off-Peak,Central Road Only,6.5699,3.2849,9854.8,0.3942,road
282,1,centralized,Off-Peak,Central Road + Metro,6.5699,3.2849,9854.8,0.3942,road
282,1,centralized,Off-Peak,Central Road + Waterbus,6.5699,3.2849,9854.8,0.3942,road
282,1,centralized,Off-Peak,Central Full Multimodal,6.5699,3.2849,9854.8,0.3942,road
282,1,centralized,Peak,Central Road Only,16.4247,3.2849,9854.8,0.3942,road
282,1,centralized,Peak,Central Road + Metro,13.6219,3.3528,19338.71,0.2088,metro+road+transfer
282,1,centralized,Peak,Central Road + Waterbus,16.4247,3.2849,9854.8,0.3942,road
282,1,centralized,Peak,Central Full Multimodal,13.6219,3.3528,19338.71,0.2088,metro+road+transfer
283,1,centralized,Off-Peak,Central Road Only,6.5699,3.2849,9854.8,0.3942,road
283,1,centralized,Off-Peak,Central Road + Metro,6.5699,3.2849,9854.8,0.3942,road
283,1,centralized,Off-Peak,Central Road + Waterbus,6.5699,3.2849,9854.8,0.3942,road
283,1,centralized,Off-Peak,Central Full Multimodal,6.5699,3.2849,9854.8,0.3942,road
283,1,centralized,Peak,Central Road Only,16.4247,3.2849,9854.8,0.3942,road
283,1,centralized,Peak,Central Road + Metro,13.6219,3.3528,19338.71,0.2088,metro+road+transfer
283,1,centralized,Peak,Central Road + Waterbus,16.4247,3.2849,9854.8,0.3942,road
283,1,centralized,Peak,Central Full Multimodal,13.6219,3.3528,19338.71,0.2088,metro+road+transfer
284,1,centralized,Off-Peak,Central Road Only,6.5699,3.2849,9854.8,0.3942,road
284,1,centralized,Off-Peak,Central Road + Metro,6.5699,3.2849,9854.8,0.3942,road
284,1,centralized,Off-Peak,Central Road + Waterbus,6.5699,3.2849,9854.8,0.3942,road
284,1,centralized,Off-Peak,Central Full Multimodal,6.5699,3.2849,9854.8,0.3942,road
284,1,centralized,Peak,Central Road Only,16.4247,3.2849,9854.8,0.3942,road
284,1,centralized,Peak,Central Road + Metro,13.6219,3.3528,19338.71,0.2088,metro+road+transfer
284,1,centralized,Peak,Central Road + Waterbus,16.4247,3.2849,9854.8,0.3942,road
284,1,centralized,Peak,Central Full Multimodal,13.6219,3.3528,19338.71,0.2088,metro+road+transfer
285,1,centralized,Off-Peak,Central Road Only,6.5699,3.2849,9854.8,0.3942,road
285,1,centralized,Off-Peak,Central Road + Metro,6.5699,3.2849,9854.8,0.3942,road
285,1,centralized,Off-Peak,Central Road + Waterbus,6.5699,3.2849,9854.8,0.3942,road
285,1,centralized,Off-Peak,Central Full Multimodal,6.5699,3.2849,9854.8,0.3942,road
285,1,centralized,Peak,Central Road Only,16.4247,3.2849,9854.8,0.3942,road
285,1,centralized,Peak,Central Road + Metro,13.6219,3.3528,19338.71,0.2088,metro+road+transfer
285,1,centralized,Peak,Central Road + Waterbus,16.4247,3.2849,9854.8,0.3942,road
285,1,centralized,Peak,Central Full Multimodal,13.6219,3.3528,19338.71,0.2088,metro+road+transfer
286,1,centralized,Off-Peak,Central Road Only,6.5699,3.2849,9854.8,0.3942,road
286,1,centralized,Off-Peak,Central Road + Metro,6.5699,3.2849,9854.8,0.3942,road
286,1,centralized,Off-Peak,Central Road + Waterbus,6.5699,3.2849,9854.8,0.3942,road
286,1,centralized,Off-Peak,Central Full Multimodal,6.5699,3.2849,9854.8,0.3942,road
286,1,centralized,Peak,Central Road Only,16.4247,3.2849,9854.8,0.3942,road
286,1,centralized,Peak,Central Road + Metro,13.6219,3.3528,19338.71,0.2088,metro+road+transfer
286,1,centralized,Peak,Central Road + Waterbus,16.4247,3.2849,9854.8,0.3942,road
286,1,centralized,Peak,Central Full Multimodal,13.6219,3.3528,19338.71,0.2088,metro+road+transfer
287,1,centralized,Off-Peak,Central Road Only,6.5699,3.2849,9854.8,0.3942,road
287,1,centralized,Off-Peak,Central Road + Metro,6.5699,3.2849,9854.8,0.3942,road
287,1,centralized,Off-Peak,Central Road + Waterbus,6.5699,3.2849,9854.8,0.3942,road
287,1,centralized,Off-Peak,Central Full Multimodal,6.5699,3.2849,9854.8,0.3942,road
287,1,centralized,Peak,Central Road Only,16.4247,3.2849,9854.8,0.3942,road
287,1,centralized,Peak,Central Road + Metro,13.6219,3.3528,19338.71,0.2088,metro+road+transfer
287,1,centralized,Peak,Central Road + Waterbus,16.4247,3.2849,9854.8,0.3942,road
287,1,centralized,Peak,Central Full Multimodal,13.6219,3.3528,19338.71,0.2088,metro+road+transfer
288,1,centralized,Off-Peak,Central Road Only,6.5699,3.2849,9854.8,0.3942,road
288,1,centralized,Off-Peak,Central Road + Metro,6.5699,3.2849,9854.8,0.3942,road
288,1,centralized,Off-Peak,Central Road + Waterbus,6.5699,3.2849,9854.8,0.3942,road
288,1,centralized,Off-Peak,Central Full Multimodal,6.5699,3.2849,9854.8,0.3942,road
288,1,centralized,Peak,Central Road Only,16.4247,3.2849,9854.8,0.3942,road
288,1,centralized,Peak,Central Road + Metro,13.6219,3.3528,19338.71,0.2088,metro+road+transfer
288,1,centralized,Peak,Central Road + Waterbus,16.4247,3.2849,9854.8,0.3942,road
288,1,centralized,Peak,Central Full Multimodal,13.6219,3.3528,19338.71,0.2088,metro+road+transfer
289,1,centralized,Off-Peak,Central Road Only,6.5699,3.2849,9854.8,0.3942,road
289,1,centralized,Off-Peak,Central Road + Metro,6.5699,3.2849,9854.8,0.3942,road
289,1,centralized,Off-Peak,Central Road + Waterbus,6.5699,3.2849,9854.8,0.3942,road
289,1,centralized,Off-Peak,Central Full Multimodal,6.5699,3.2849,9854.8,0.3942,road
289,1,centralized,Peak,Central Road Only,16.4247,3.2849,9854.8,0.3942,road
289,1,centralized,Peak,Central Road + Metro,13.6219,3.3528,19338.71,0.2088,metro+road+transfer
289,1,centralized,Peak,Central Road + Waterbus,16.4247,3.2849,9854.8,0.3942,road
289,1,centralized,Peak,Central Full Multimodal,13.6219,3.3528,19338.71,0.2088,metro+road+transfer
290,1,centralized,Off-Peak,Central Road Only,6.5699,3.2849,9854.8,0.3942,road
290,1,centralized,Off-Peak,Central Road + Metro,6.5699,3.2849,9854.8,0.3942,road
290,1,centralized,Off-Peak,Central Road + Waterbus,6.5699,3.2849,9854.8,0.3942,road
290,1,centralized,Off-Peak,Central Full Multimodal,6.5699,3.2849,9854.8,0.3942,road
290,1,centralized,Peak,Central Road Only,16.4247,3.2849,9854.8,0.3942,road
290,1,centralized,Peak,Central Road + Metro,13.6219,3.3528,19338.71,0.2088,metro+road+transfer
290,1,centralized,Peak,Central Road + Waterbus,16.4247,3.2849,9854.8,0.3942,road
290,1,centralized,Peak,Central Full Multimodal,13.6219,3.3528,19338.71,0.2088,metro+road+transfer
291,1,centralized,Off-Peak,Central Road Only,6.5699,3.2849,9854.8,0.3942,road
291,1,centralized,Off-Peak,Central Road + Metro,6.5699,3.2849,9854.8,0.3942,road
291,1,centralized,Off-Peak,Central Road + Waterbus,6.5699,3.2849,9854.8,0.3942,road
291,1,centralized,Off-Peak,Central Full Multimodal,6.5699,3.2849,9854.8,0.3942,road
291,1,centralized,Peak,Central Road Only,16.4247,3.2849,9854.8,0.3942,road
291,1,centralized,Peak,Central Road + Metro,13.6219,3.3528,19338.71,0.2088,metro+road+transfer
291,1,centralized,Peak,Central Road + Waterbus,16.4247,3.2849,9854.8,0.3942,road
291,1,centralized,Peak,Central Full Multimodal,13.6219,3.3528,19338.71,0.2088,metro+road+transfer
292,1,centralized,Off-Peak,Central Road Only,6.5699,3.2849,9854.8,0.3942,road
292,1,centralized,Off-Peak,Central Road + Metro,6.5699,3.2849,9854.8,0.3942,road
292,1,centralized,Off-Peak,Central Road + Waterbus,6.5699,3.2849,9854.8,0.3942,road
292,1,centralized,Off-Peak,Central Full Multimodal,6.5699,3.2849,9854.8,0.3942,road
292,1,centralized,Peak,Central Road Only,16.4247,3.2849,9854.8,0.3942,road
292,1,centralized,Peak,Central Road + Metro,13.6219,3.3528,19338.71,0.2088,metro+road+transfer
292,1,centralized,Peak,Central Road + Waterbus,16.4247,3.2849,9854.8,0.3942,road
292,1,centralized,Peak,Central Full Multimodal,13.6219,3.3528,19338.71,0.2088,metro+road+transfer
293,1,centralized,Off-Peak,Central Road Only,6.5699,3.2849,9854.8,0.3942,road
293,1,centralized,Off-Peak,Central Road + Metro,6.5699,3.2849,9854.8,0.3942,road
293,1,centralized,Off-Peak,Central Road + Waterbus,6.5699,3.2849,9854.8,0.3942,road
293,1,centralized,Off-Peak,Central Full Multimodal,6.5699,3.2849,9854.8,0.3942,road
293,1,centralized,Peak,Central Road Only,16.4247,3.2849,9854.8,0.3942,road
293,1,centralized,Peak,Central Road + Metro,13.6219,3.3528,19338.71,0.2088,metro+road+transfer
293,1,centralized,Peak,Central Road + Waterbus,16.4247,3.2849,9854.8,0.3942,road
293,1,centralized,Peak,Central Full Multimodal,13.6219,3.3528,19338.71,0.2088,metro+road+transfer
294,1,centralized,Off-Peak,Central Road Only,6.5699,3.2849,9854.8,0.3942,road
294,1,centralized,Off-Peak,Central Road + Metro,6.5699,3.2849,9854.8,0.3942,road
294,1,centralized,Off-Peak,Central Road + Waterbus,6.5699,3.2849,9854.8,0.3942,road
294,1,centralized,Off-Peak,Central Full Multimodal,6.5699,3.2849,9854.8,0.3942,road
294,1,centralized,Peak,Central Road Only,16.4247,3.2849,9854.8,0.3942,road
294,1,centralized,Peak,Central Road + Metro,13.6219,3.3528,19338.71,0.2088,metro+road+transfer
294,1,centralized,Peak,Central Road + Waterbus,16.4247,3.2849,9854.8,0.3942,road
294,1,centralized,Peak,Central Full Multimodal,13.6219,3.3528,19338.71,0.2088,metro+road+transfer
295,1,centralized,Off-Peak,Central Road Only,6.5699,3.2849,9854.8,0.3942,road
295,1,centralized,Off-Peak,Central Road + Metro,6.5699,3.2849,9854.8,0.3942,road
295,1,centralized,Off-Peak,Central Road + Waterbus,6.5699,3.2849,9854.8,0.3942,road
295,1,centralized,Off-Peak,Central Full Multimodal,6.5699,3.2849,9854.8,0.3942,road
295,1,centralized,Peak,Central Road Only,16.4247,3.2849,9854.8,0.3942,road
295,1,centralized,Peak,Central Road + Metro,13.6219,3.3528,19338.71,0.2088,metro+road+transfer
295,1,centralized,Peak,Central Road + Waterbus,16.4247,3.2849,9854.8,0.3942,road
295,1,centralized,Peak,Central Full Multimodal,13.6219,3.3528,19338.71,0.2088,metro+road+transfer
296,1,centralized,Off-Peak,Central Road Only,6.5699,3.2849,9854.8,0.3942,road
296,1,centralized,Off-Peak,Central Road + Metro,6.5699,3.2849,9854.8,0.3942,road
296,1,centralized,Off-Peak,Central Road + Waterbus,6.5699,3.2849,9854.8,0.3942,road
296,1,centralized,Off-Peak,Central Full Multimodal,6.5699,3.2849,9854.8,0.3942,road
296,1,centralized,Peak,Central Road Only,16.4247,3.2849,9854.8,0.3942,road
296,1,centralized,Peak,Central Road + Metro,13.6219,3.3528,19338.71,0.2088,metro+road+transfer
296,1,centralized,Peak,Central Road + Waterbus,16.4247,3.2849,9854.8,0.3942,road
296,1,centralized,Peak,Central Full Multimodal,13.6219,3.3528,19338.71,0.2088,metro+road+transfer
297,1,centralized,Off-Peak,Central Road Only,6.5699,3.2849,9854.8,0.3942,road
297,1,centralized,Off-Peak,Central Road + Metro,6.5699,3.2849,9854.8,0.3942,road
297,1,centralized,Off-Peak,Central Road + Waterbus,6.5699,3.2849,9854.8,0.3942,road
297,1,centralized,Off-Peak,Central Full Multimodal,6.5699,3.2849,9854.8,0.3942,road
297,1,centralized,Peak,Central Road Only,16.4247,3.2849,9854.8,0.3942,road
297,1,centralized,Peak,Central Road + Metro,13.6219,3.3528,19338.71,0.2088,metro+road+transfer
297,1,centralized,Peak,Central Road + Waterbus,16.4247,3.2849,9854.8,0.3942,road
297,1,centralized,Peak,Central Full Multimodal,13.6219,3.3528,19338.71,0.2088,metro+road+transfer
298,1,centralized,Off-Peak,Central Road Only,6.5699,3.2849,9854.8,0.3942,road
298,1,centralized,Off-Peak,Central Road + Metro,6.5699,3.2849,9854.8,0.3942,road
298,1,centralized,Off-Peak,Central Road + Waterbus,6.5699,3.2849,9854.8,0.3942,road
298,1,centralized,Off-Peak,Central Full Multimodal,6.5699,3.2849,9854.8,0.3942,road
298,1,centralized,Peak,Central Road Only,16.4247,3.2849,9854.8,0.3942,road
298,1,centralized,Peak,Central Road + Metro,13.6219,3.3528,19338.71,0.2088,metro+road+transfer
298,1,centralized,Peak,Central Road + Waterbus,16.4247,3.2849,9854.8,0.3942,road
298,1,centralized,Peak,Central Full Multimodal,13.6219,3.3528,19338.71,0.2088,metro+road+transfer
299,1,centralized,Off-Peak,Central Road Only,6.5699,3.2849,9854.8,0.3942,road
299,1,centralized,Off-Peak,Central Road + Metro,6.5699,3.2849,9854.8,0.3942,road
299,1,centralized,Off-Peak,Central Road + Waterbus,6.5699,3.2849,9854.8,0.3942,road
299,1,centralized,Off-Peak,Central Full Multimodal,6.5699,3.2849,9854.8,0.3942,road
299,1,centralized,Peak,Central Road Only,16.4247,3.2849,9854.8,0.3942,road
299,1,centralized,Peak,Central Road + Metro,13.6219,3.3528,19338.71,0.2088,metro+road+transfer
299,1,centralized,Peak,Central Road + Waterbus,16.4247,3.2849,9854.8,0.3942,road
299,1,centralized,Peak,Central Full Multimodal,13.6219,3.3528,19338.71,0.2088,metro+road+transfer
300,1,centralized,Off-Peak,Central Road Only,6.5699,3.2849,9854.8,0.3942,road
300,1,centralized,Off-Peak,Central Road + Metro,6.5699,3.2849,9854.8,0.3942,road
300,1,centralized,Off-Peak,Central Road + Waterbus,6.5699,3.2849,9854.8,0.3942,road
300,1,centralized,Off-Peak,Central Full Multimodal,6.5699,3.2849,9854.8,0.3942,road
300,1,centralized,Peak,Central Road Only,16.4247,3.2849,9854.8,0.3942,road
300,1,centralized,Peak,Central Road + Metro,13.6219,3.3528,19338.71,0.2088,metro+road+transfer
300,1,centralized,Peak,Central Road + Waterbus,16.4247,3.2849,9854.8,0.3942,road
300,1,centralized,Peak,Central Full Multimodal,13.6219,3.3528,19338.71,0.2088,metro+road+transfer
